扰动类型,扰动幅度_百分比,样本序号,重优化成本_元,成本变化率_百分比,同情景无储能成本_元,同情景节费率_百分比,购电总量变化率_百分比,电池调度相对变化_百分比,全冻结缺电量_千瓦时,全冻结富余量_千瓦时,固定电池可行,固定电池补救成本_元,固定电池后悔率_百分比,固定电池不可吸收电量_千瓦时,独立回代最大违反量_千瓦时
逐时段独立,5.0,1,35226.52017416092,0.2834620678475434,48230.60470564986,26.96230870596073,0.4124098867260839,4.864004010553398,1793.4475185760293,1581.9988440540224,False,,,99.29023330650818,7.503331289626658e-12
逐时段独立,5.0,2,35089.04570608784,-0.10790260672558533,47806.713013799716,26.602262540076413,0.21591640531082312,5.78157438666817,1828.1176569702147,1681.7251182035861,False,,,162.64375702941288,1.8189894035458565e-12
逐时段独立,5.0,3,35405.435762756635,0.7928020353940938,48326.431118831286,26.736911989844305,0.5640541730687954,5.384698645502452,1707.954929078397,1376.9642362705858,False,,,94.25116549541636,5.002220859751105e-12
逐时段独立,5.0,4,35001.89715186678,-0.3559986062250123,47918.97740015902,26.956084935671797,-0.23503428386010272,6.560873349982645,1526.4975595476233,1679.6463414706463,False,,,130.64919079015877,1.1368683772161603e-12
逐时段独立,5.0,5,35003.08555001502,-0.35261545398541577,48002.16995950131,27.080201625162815,-0.16812029038161258,5.025053801273138,1576.373126760327,1708.2512815428909,False,,,142.63415466466486,3.865352482534945e-12
逐时段独立,5.0,6,34881.34632691073,-0.6991847631873894,47829.566164501266,27.071581191134875,-0.3421117885318292,6.020228104475975,1417.2687909878996,1609.7766949217084,False,,,95.77378237496873,3.865352482534945e-12
逐时段独立,5.0,7,34852.63980808786,-0.7809069735346156,47755.32835706355,27.01832233777791,-0.7461122043669111,7.843201183904672,1410.4980985368938,1803.8133083960583,False,,,161.86583730957267,4.320099833421409e-12
逐时段独立,5.0,8,35273.81683707835,0.4181070193831001,48059.80308846155,26.604325090239342,0.4163369030431685,4.379619705473451,1639.3888331501944,1394.4881576191792,False,,,131.66876872924223,1.3642420526593924e-12
逐时段独立,5.0,9,35390.40764250317,0.7500197247957521,48106.35880031241,26.43299446252553,0.5577078961903181,5.5580836134029195,1942.562267256189,1569.4956985399222,False,,,51.974659962103786,8.589656763646758e-13
逐时段独立,5.0,10,35412.51160161462,0.8129456548661487,48350.57169325489,26.758856490305334,0.7638686144436635,4.57199676250629,1771.65037956093,1332.071976973479,False,,,132.33548106871098,2.0463630789890885e-12
逐时段独立,5.0,11,35180.900728838926,0.1535918481413071,48078.19069957811,26.825655839108684,0.6259441850442027,5.677384120486137,1779.1942383836008,1462.7892099391381,False,,,178.98213392004772,2.0463630789890885e-12
逐时段独立,5.0,12,34885.334592859406,-0.6878308992518345,47951.586660106026,27.248841961922533,-0.37580710857021415,4.470085307006538,1470.0422649694074,1745.621829788902,False,,,97.93581100190185,2.9558577807620168e-12
逐时段独立,5.0,13,35280.78279715647,0.43793783405926273,48013.839765131874,26.519555674491745,0.19728151997415733,6.246760868780344,1623.7603320955986,1456.4986394155064,False,,,70.75778651064064,1.000444171950221e-11
逐时段独立,5.0,14,35466.69789629185,0.967204128311595,48351.76818870842,26.648602057588487,1.1106056497811823,7.3902254843208866,1847.2128001515898,1251.1351160284623,False,,,63.27534564092126,7.275957614183426e-12
逐时段独立,5.0,15,35166.76195612931,0.11334134739072035,48139.06428150573,26.947558119363308,0.4571334317735598,5.077756811340306,1734.4847153228811,1499.06831956116,False,,,186.53603294523694,2.9558577807620168e-12
逐时段独立,5.0,16,34925.065434056465,-0.5747244588083785,47799.3901030505,26.934077278472245,-0.3461255188867751,4.843886298555309,1519.1502779235032,1687.6163556404958,False,,,99.49346471388958,9.094947017729282e-13
逐时段独立,5.0,17,35655.87243413665,1.505749448609133,48412.907834779675,26.350483726735405,1.5702715866977357,6.170131383497515,2152.355211556742,1253.9417382201736,False,,,93.04595695766928,7.73070496506989e-12
逐时段独立,5.0,18,35081.55101999127,-0.12923860770326073,48020.331796317885,26.944380207965867,-0.3109991519629429,5.8750758647997525,1552.9081312862806,1693.156336904503,False,,,78.77459557854266,5.6843418860808015e-12
逐时段独立,5.0,19,35211.59785146692,0.24098094355682442,48235.16120761483,27.00014477010164,0.36065389926729363,8.050474723311439,1838.861623669669,1705.6850255509212,False,,,104.00374458238302,1.8189894035458565e-12
逐时段独立,5.0,20,35210.99853492937,0.2392747989543306,48260.20983404602,27.039275925217492,0.4596605199104875,5.557083264795246,1781.4238670768823,1576.004422667054,False,,,193.8180815281594,4.092726157978177e-12
逐时段独立,5.0,21,35123.1182698443,-0.010904247587866005,47870.531470260226,26.628936025778845,-0.17148167706600992,4.3573725956019285,1571.3250883708997,1635.474915388862,False,,,95.57569576427706,2.7284841053187847e-12
逐时段独立,5.0,22,35092.80874676148,-0.0971899179675341,47934.894279232685,26.790682916004485,-0.2495245982009564,5.383259741786945,1659.3801609316363,1778.7759412088358,False,,,50.70741653856609,1.1368683772161603e-12
逐时段独立,5.0,23,34992.625892620155,-0.3823921861296851,48062.25054424472,27.193118307252483,-0.3317346745679628,4.332367524832296,1459.093093927469,1677.041313718234,False,,,66.88420133327526,1.0231815394945443e-11
逐时段独立,5.0,24,34843.224331157384,-0.8077111148162288,47777.25193995026,27.071518523186004,-0.8081334585944955,6.838296302424607,1457.6709476337423,1929.9191652873474,False,,,98.26074825511627,2.9558577807620168e-12
逐时段独立,5.0,25,35383.130554952164,0.7293031870912776,48241.05043997227,26.653482392593393,0.4826725909259588,5.806850832692252,1859.6520094356788,1570.68510206959,False,,,100.81481979369312,5.229594535194337e-12
逐时段独立,5.0,26,34865.07373973759,-0.7455098435658976,48084.61714231268,27.492250512154705,-0.8620918178598225,4.712477633406826,1367.2610895586206,1894.4301294390052,False,,,126.85667896526549,2.2737367544323206e-12
逐时段独立,5.0,27,34674.85106844618,-1.2870390081437153,47683.13362164877,27.280678858942814,-1.0506282087127339,4.652116926454644,1318.5059484396982,1934.9308253381137,False,,,193.68901354595369,2.0463630789890885e-12
逐时段独立,5.0,28,34963.87119795163,-0.4642515443009403,47896.29842879028,27.000890789224364,-0.12953185380130128,6.880418572412571,1461.8818178606753,1582.5891395257263,False,,,126.94833622311728,3.637978807091713e-12
逐时段独立,5.0,29,35025.86685234723,-0.287761251611944,48076.402797107,27.145408527829975,0.12687506751347666,7.7190750705099305,1668.952885552268,1656.1354126684416,False,,,130.74578610674666,9.777068044058979e-12
逐时段独立,5.0,30,34902.33418961149,-0.6394361555295613,47993.60891858913,27.277120899960213,-0.5096621755707798,6.295363406525792,1279.4955026440473,1604.9948637669977,False,,,120.69241871183436,7.958078640513122e-12
逐时段独立,5.0,31,35472.821532416696,0.9846370007045264,48565.79012615065,26.95924139136766,0.8304914281781928,6.742522164583695,1804.7592272367315,1399.4349124531725,False,,,90.27851602319697,5.9117155615240335e-12
逐时段独立,5.0,32,35189.03340343572,0.17674408572837935,47952.153684771605,26.61636506514019,0.11313167798709944,4.5383800752927925,1635.144577671298,1518.4995082364485,False,,,102.757393094705,9.094947017729282e-13
逐时段独立,5.0,33,35120.668971957435,-0.017876950838598155,48053.071151797034,26.912748487993298,0.30208537355367326,4.752279684559043,1782.8612021720808,1616.786034310434,False,,,90.2787260590332,8.86757334228605e-12
逐时段独立,5.0,34,35007.350877809105,-0.3404728456343713,47967.21917632474,27.018177249083177,-0.5429248689542199,5.095205348565519,1375.4212393855864,1663.8838143598186,False,,,83.77290186600317,2.2737367544323206e-12
逐时段独立,5.0,35,34999.60633452928,-0.3625201443285237,47924.504679698264,26.969289367834026,-0.1619705274850336,4.136510705534124,1431.8152975923476,1522.5158967241266,False,,,101.4392539590763,1.3415046851150692e-11
逐时段独立,5.0,36,35320.75311073305,0.5517260085817419,48363.998902885665,26.968915077397334,0.20702274804700327,6.951103347393782,1776.594487610219,1668.749018212675,False,,,50.72540165733314,1.5006662579253316e-11
逐时段独立,5.0,37,35202.97533241774,0.2164342083776993,48113.41415280072,26.83334585107893,-0.03633112883997258,5.322621420543349,1609.8848196092301,1590.8540537149788,False,,,85.02218970762604,7.275957614183426e-12
逐时段独立,5.0,38,35126.81150546059,-0.00039028106484819927,48143.391668681325,27.037106676654027,-0.3340767557982405,7.192882241991326,1495.77667307722,1641.691741250493,False,,,99.00649031062707,5.4569682106375694e-12
逐时段独立,5.0,39,34923.39552281624,-0.5794783907803156,47792.81802231374,26.927523908485504,-0.4428224259033331,5.29123225513591,1499.2321705582908,1729.4197377319563,False,,,170.64974783290475,1.1368683772161603e-12
逐时段独立,5.0,40,35383.503649551756,0.7303653191991593,48413.82851181514,26.914468991196188,0.46865890761540463,5.107481865074796,1679.9555645598316,1445.0707206894886,False,,,77.29872007880294,1.0686562745831907e-11
逐时段独立,5.0,41,34831.178643180756,-0.8420029860346459,47789.52157584144,27.11544812620888,-0.8699619183255791,5.86083140365726,1505.1984982615581,1976.0588903321448,False,,,103.48409175813003,6.821210263296962e-12
逐时段独立,5.0,42,34959.74861860888,-0.4759877739113725,47998.865360379095,27.16546869154416,-0.5122062055798793,6.919193694463068,1536.6088479347695,1863.2978884060358,False,,,138.5425512053946,5.9117155615240335e-12
逐时段独立,5.0,43,34865.34535255401,-0.744736611539638,47962.926340177546,27.307718663220857,-1.1546909952582562,6.284704845803154,1470.0401931819301,2141.7132471774985,False,,,75.35384820465215,3.183231456205249e-12
逐时段独立,5.0,44,34857.589054291864,-0.7668173745191544,47778.60616308794,27.04352040888626,-0.04838643078162175,7.78999511960478,1711.6171618852618,1786.148674071088,False,,,197.48500106092425,7.958078640513122e-12
逐时段独立,5.0,45,35125.03584022964,-0.00544527531215127,48086.70092277937,26.95478133000719,0.4656230167960018,6.2529823316179804,1719.5105768910003,1487.8767163420646,False,,,178.19027765301928,5.6843418860808015e-12
逐时段独立,5.0,46,35524.69387689181,1.132308081010559,48488.80306398351,26.736294500783778,1.2129833487114272,7.63271831532675,1864.4897111034797,1222.753512209099,False,,,95.91435762467022,3.183231456205249e-12
逐时段独立,5.0,47,35400.22405479597,0.7779652557463047,48395.67735029887,26.85250833755022,0.8529821110341507,5.633274853306816,1856.25416395911,1417.321581059891,False,,,144.49227938497643,5.002220859751105e-12
逐时段独立,5.0,48,35100.704324317565,-0.07471265230420733,47799.21261610265,26.56635454180515,0.13604745589019807,6.694352825853533,1706.6680451215957,1590.1775976131541,False,,,134.52869306290475,6.59383658785373e-12
逐时段独立,5.0,49,35264.219219801395,0.39078435783784743,48217.89632424347,26.864874023815712,0.5293873616070366,6.63874418662474,1693.4339031158515,1427.5973788728422,False,,,141.97770669819585,9.549694368615746e-12
逐时段独立,5.0,50,35052.70209903887,-0.21136621087623078,47967.35802518124,26.923842500065586,-0.09278452113995472,5.402781270566895,1714.8757957236166,1773.1389205898563,False,,,160.16871612065512,1.3642420526593924e-12
逐时段独立,5.0,51,34783.28660589349,-0.9783428595420067,47783.646315194695,27.206713408907913,-1.0271915388975872,5.455724293385618,1398.6403330526243,1994.449180010979,False,,,86.58743569075375,8.412825991399586e-12
逐时段独立,5.0,52,34853.02537210121,-0.7798093432856762,47920.99269232821,27.2698176436547,-0.2572633551521153,6.027241913218015,1708.2385578065387,1904.7505740625622,False,,,178.65579493532132,8.86757334228605e-12
逐时段独立,5.0,53,35171.01941315502,0.12546154910331384,48097.02499862356,26.87485470429502,-0.09233913342979738,6.731741276408217,1741.1324617365663,1770.4062117227113,False,,,87.92355120333937,3.865352482534945e-12
逐时段独立,5.0,54,35383.53666847659,0.7304593180409346,48311.53347095501,26.75964903960409,0.525303972862079,6.774105904542675,1858.6781861584795,1573.6605582090403,False,,,76.11902813501553,8.841816168114747e-13
逐时段独立,5.0,55,35075.92733855331,-0.14524820051506776,48128.400417757366,27.12010572948159,-0.5872280813983166,7.799838283579285,1489.5700110413322,1819.6012869934998,False,,,88.97884819178321,1.0231815394945443e-12
逐时段独立,5.0,56,35296.76361578314,0.48343230273335214,48336.22525895608,26.97658241477369,0.19937231214064433,6.445300056300095,1516.6679738398548,1424.0547401565955,False,,,74.67471114114308,3.183231456205249e-12
逐时段独立,5.0,57,34730.49042081731,-1.1286439451229109,47715.941927131826,27.214073498003902,-0.8454597505716976,5.90827567368924,1328.6375533979467,1835.5456318543963,False,,,113.43460659727563,1.000444171950221e-11
逐时段独立,5.0,58,35121.74217308096,-0.014821743465576064,47968.646320702566,26.781877607576078,0.20489588675840498,6.704894632060561,1813.3685396581511,1695.0855639807912,False,,,129.07553524995194,1.1368683772161603e-12
逐时段独立,5.0,59,34862.4316147555,-0.7530314902999546,47944.73454149905,27.286214121010573,-0.6211256620552996,5.535425288452164,1401.4444972569036,1782.2706149128392,False,,,100.55423238403664,3.637978807091713e-12
逐时段独立,5.0,60,35012.45678534318,-0.3259372604563927,47860.30329196258,26.84447365125035,-0.37035104869287405,5.273194427004842,1483.149319147979,1668.1051024218373,False,,,91.69222303203301,4.320099833421409e-12
逐时段独立,5.0,61,35527.03366419775,1.1389690276604596,48443.21037899939,26.66251186440966,1.0756113915938226,7.368870639316521,1926.6084899516181,1320.2920026842637,False,,,69.72179315618739,7.73070496506989e-12
逐时段独立,5.0,62,35467.495610620055,0.9694750751487486,48162.9609023887,26.359395381646895,1.0563912858984503,5.315487300421402,1942.6190451428754,1304.764660239183,False,,,90.05110539211697,6.366462912410498e-12
逐时段独立,5.0,63,35451.50259320302,0.923945878748922,48666.8618677708,27.154738907296462,0.5285570362545844,5.946753785128934,1699.441620267736,1420.2641214835303,False,,,81.08686104097106,5.002220859751105e-12
逐时段独立,5.0,64,35341.43073650853,0.6105914284374845,48180.63000850791,26.648051861779695,0.25803811316040814,3.4037661843993976,1588.536643820572,1408.518323788734,False,,,64.0138849274253,6.139089236967266e-12
逐时段独立,5.0,65,35185.20228250962,0.16583758493947087,48065.62346921225,26.797574351559177,0.20417763147042578,6.31741648897432,1596.1884938475002,1493.039126726112,False,,,117.63420486884655,3.410605131648481e-12
逐时段独立,5.0,66,35037.27604565445,-0.2552813643397251,47956.69079333609,26.93975446170044,-0.3266700811115353,6.4897349439260426,1536.6198465111167,1667.208525809224,False,,,140.88203499720098,4.547473508864641e-12
逐时段独立,5.0,67,34943.09518723139,-0.5233970481055643,47976.93790418894,27.16689160735193,-0.5979658564870705,5.5851560170333645,1508.1258935758715,1844.1600800688248,False,,,55.56676276646908,5.002220859751105e-12
逐时段独立,5.0,68,35405.62656284002,0.7933452083453312,48477.699231491584,26.965125977265476,0.4772718633050621,7.140725665880131,1870.195301214136,1630.0671129754428,False,,,86.38887014696286,1.0231815394945443e-12
逐时段独立,5.0,69,35115.69232703701,-0.03204454899008108,48132.08356729608,27.04306623680678,-0.0831030989812187,3.6426163007595753,1341.238633553497,1409.5950189990403,False,,,112.81376446025482,9.094947017729282e-13
逐时段独立,5.0,70,34983.500199537615,-0.4083713657807317,48038.360799393995,27.175907717527835,-0.3250301493562202,3.546303765120541,1314.2966617462623,1535.1022750810898,False,,,145.88904194023826,9.549694368615746e-12
逐时段独立,5.0,71,34887.81516078841,-0.680769175908605,47896.21218071861,27.15955276556701,-0.78601411481386,4.0183310056081245,1146.407029100755,1593.2758993154773,False,,,69.29491901535683,8.810729923425242e-13
逐时段独立,5.0,72,35219.172316560274,0.2625440607514357,48015.68947739047,26.65069959446442,0.5134674954804685,4.215415042286657,1865.207846841779,1544.5595511121319,False,,,93.7075692812305,1.2732925824820995e-11
逐时段独立,5.0,73,35208.00928623545,0.23076495448130077,48142.65591298835,26.86733081392645,0.14173309464129424,4.067610795375623,1584.6525110690663,1494.411901714274,False,,,101.86115954035884,1.8189894035458565e-12
逐时段独立,5.0,74,35632.50635352306,1.439230489390281,48591.51086082631,26.669276747578127,1.1205855423284117,7.435907129603056,1881.1331039377944,1248.2323225590512,False,,,46.90985695877772,6.821210263296962e-13
逐时段独立,5.0,75,35124.54367782874,-0.00684637167982786,48372.528612109185,27.387414539590665,-0.09796504321918365,6.831983305455373,1554.088718351783,1706.3771809298794,False,,,74.3260316495761,1.3642420526593924e-12
逐时段独立,5.0,76,35407.56444058192,0.7988619919521377,48398.31955457216,26.841335057805768,0.6749681194035517,4.685951390241157,1895.4487178061604,1529.134764715254,False,,,104.8153606270242,2.7284841053187847e-12
逐时段独立,5.0,77,34782.87825232191,-0.9795053674963258,47845.4208783295,27.30155234547006,-0.6291664060034896,4.477744838680627,1358.6024017822626,1765.9242187428863,False,,,156.32241363668905,2.2737367544323206e-12
逐时段独立,5.0,78,35300.15274700051,0.49308053963555015,48051.785773652824,26.5372718648141,0.6387752193862228,4.130470861294961,1599.992806224553,1235.7688744123848,False,,,88.40620574595806,4.092726157978177e-12
逐时段独立,5.0,79,35336.57602578412,0.5967709546474157,48052.75409075157,26.46295369658086,1.0803901907543656,5.7900013649313,2060.274375813443,1435.819932605367,False,,,203.50676139417754,2.9558577807620168e-12
逐时段独立,5.0,80,35215.3601527604,0.2516915274347372,48319.65028763932,27.12000202168504,0.5477622121963233,5.91019902547349,1842.7347813117015,1597.8227819569909,False,,,99.81083330960801,9.094947017729282e-13
逐时段独立,5.0,81,35145.260814994086,0.052131529878535046,48004.54711245441,26.787642152599503,0.43853423911666134,5.014285715375408,1813.7948955671886,1560.8726014003034,False,,,150.53328948092746,1.0231815394945443e-11
逐时段独立,5.0,82,35434.74213952679,0.8762319316383294,48338.0223673403,26.69385216001647,0.669771903505656,4.131249996825338,1746.467890032745,1358.7146400035372,False,,,103.26007148305081,1.0686562745831907e-11
逐时段独立,5.0,83,35047.41796548877,-0.22640917293473037,48103.67471956457,27.141911361639913,-0.537751311754131,7.1983594897413425,1393.208720599875,1729.7064627383318,False,,,39.75501210570023,1.1368683772161603e-12
逐时段独立,5.0,84,35243.164363711316,0.330845032249787,48274.88500782821,26.99482482869443,0.17599860380899113,6.982366825714236,1643.5939727910077,1570.7868664818398,False,,,58.13912971750892,9.777068044058979e-12
逐时段独立,5.0,85,35253.71694562999,0.36088630352288203,48432.34926419375,27.21039247275742,0.23693334962984203,5.362003870340847,1545.5343802939747,1494.8739068282089,False,,,66.17428247783164,1.5916157281026244e-12
逐时段独立,5.0,86,35117.173008017926,-0.02782932096726893,48033.23234820455,26.889840031074687,-0.1829080547302131,5.23355567864548,1584.300189517509,1669.946398176758,False,,,37.97866264496166,5.9117155615240335e-12
逐时段独立,5.0,87,35242.36458585963,0.32856821093857425,48186.38679131342,26.862404648665663,0.0401817769832169,7.254314270131633,1719.1205538630265,1675.165796100086,False,,,77.32334284226516,4.320099833421409e-12
逐时段独立,5.0,88,35041.17504914607,-0.24418161429852914,47792.98270346417,26.68133883469427,-0.19372799094222737,3.982125021450462,1406.1071098263744,1478.0332003056023,False,,,114.2029398144466,3.865352482534945e-12
逐时段独立,5.0,89,34823.02854443965,-0.8652048269747106,47753.70996568151,27.077857260796222,-0.5792464885895465,5.011629512781784,1429.4504798301195,1753.0166534702018,False,,,124.30265808638197,1.0231815394945443e-12
逐时段独立,5.0,90,35027.35708392399,-0.2835188347890053,48124.574587909294,27.215237986281995,-0.4480932978074281,6.586448909930423,1522.962946155642,1829.5326073672882,False,,,98.40344987511341,2.0463630789890885e-12
逐时段独立,5.0,91,35298.66580258277,0.48884748075332063,48306.32725469281,26.927448620814754,0.5341396948384425,5.2468534109700595,1759.7993602001393,1475.4837674635755,False,,,157.04899125054428,1.5916157281026244e-12
逐时段独立,5.0,92,34925.06054223743,-0.5747383849227492,47920.873410948145,27.11931553764555,-0.5991840978240237,5.515819675992093,1674.8664673345331,2030.6007000196937,False,,,157.8968630661892,9.094947017729282e-12
逐时段独立,5.0,93,35024.24549074449,-0.2923769716428345,47903.69119415257,26.886123766972315,0.013586664648057578,4.039175289057615,1526.7193397255523,1522.0443617755868,False,,,126.9594791822306,4.320099833421409e-12
逐时段独立,5.0,94,35246.70398962223,0.34092170002782085,48177.24249414842,26.83951557853634,0.47473808789386673,6.177214480160967,1644.4549755037267,1381.2685919279302,False,,,110.73234788866677,2.5011104298755527e-12
逐时段独立,5.0,95,35135.552509730594,0.02449375987397516,48157.26990120772,27.039982578311733,-0.05839871864853352,4.362012071912464,1595.4430997645748,1648.9233786102318,False,,,84.6928067557339,1.3642420526593924e-12
逐时段独立,5.0,96,35223.63050044254,0.27523569512343865,48022.22545275652,26.65139907958874,-0.2864048449155554,6.93637071840134,1770.7747164137263,1844.7543833325049,False,,,45.324160502349514,2.5011104298755527e-12
逐时段独立,5.0,97,35065.731236615415,-0.1742746384622008,48154.11684591521,27.180200710938905,-0.04395495370722591,4.752780574311002,1593.6887765248864,1659.2377957548808,False,,,157.77627441527844,3.183231456205249e-12
逐时段独立,5.0,98,35110.16173497641,-0.04778913336513499,47957.08002892303,26.78836636050112,-0.06476198603860839,4.377266074783065,1516.3008759410009,1523.668236011988,False,,,144.31845649338982,6.139089236967266e-12
逐时段独立,5.0,99,35003.95827432725,-0.3501309674386843,48069.86718500091,27.181079698823424,-0.44341218613833666,7.427701162265208,1471.049641478149,1740.406456743397,False,,,125.11100742329032,8.412825991399586e-12
逐时段独立,5.0,100,35329.18857256642,0.5757402260692748,48302.030491308054,26.85775688265548,0.6610644961078993,6.359186177635946,1835.0469410495732,1489.7285989251664,False,,,114.43621174517449,9.549694368615746e-12
逐时段独立,10.0,1,35350.02940696458,0.6350702710324916,48557.21898537485,27.199229804302,0.8858983785567709,11.352854406690376,3586.8950371520573,3163.9976881080447,False,,,198.58046661301648,4.774847184307873e-12
逐时段独立,10.0,2,35068.03171248551,-0.16772560428239083,47654.51380691369,26.41194105017213,0.4696167241476257,12.341678697405971,3656.235313940426,3363.450236407176,False,,,325.4717807254938,9.549694368615746e-12
逐时段独立,10.0,3,35695.5431016066,1.6186845854537686,48692.779270865074,26.692327617937522,1.1646393626973062,9.051425447109391,3415.909858156792,2753.928472541172,False,,,188.6483309908329,7.048583938740194e-12
逐时段独立,10.0,4,34891.18104615229,-0.6711871157009828,47877.906584367855,27.124672870421055,-0.432891674385949,11.404798241102414,3052.995119095244,3359.2926829412945,False,,,261.4443815803178,2.9558577807620168e-12
逐时段独立,10.0,5,34886.386353721435,-0.6848367283831194,48009.57084606214,27.33451739116535,-0.3131008429057669,9.353965077917907,3152.7462535206537,3416.502563085781,False,,,285.45257599599694,1.3415046851150692e-11
逐时段独立,10.0,6,34650.94149360672,-1.3551051960503546,47691.36470418002,27.343363502932732,-0.6511756271536884,8.43638235652407,2834.537581975799,3219.5533898434187,False,,,191.73183141660402,3.410605131648481e-12
逐时段独立,10.0,7,34593.84257967608,-1.5176553639627335,47544.739199673946,27.23938933728904,-1.4582648788192265,13.963652974191556,2820.9961970737854,3607.6266167921167,False,,,326.9795412858122,3.637978807091713e-12
逐时段独立,10.0,8,35459.93646587763,0.9479555721920473,48227.725375292976,26.473960382871947,0.8965310829106343,8.860420602001938,3278.77766630039,2788.976315238362,False,,,266.5854041251518,3.410605131648481e-12
逐时段独立,10.0,9,35675.53651973914,1.561729504909518,48277.48103711023,26.1031525395539,1.1605436173651729,11.044662657414873,3885.1245345123766,3138.9913970798443,False,,,104.08770325754136,1.0800249583553523e-12
逐时段独立,10.0,10,35728.09096622621,1.711342404927082,48803.80621939666,26.792408760883934,1.591142385864197,10.83771719692046,3543.300759121858,2664.143953946957,False,,,264.8093454707556,5.229594535194337e-12
逐时段独立,10.0,11,35246.25025061475,0.3396299880358327,48171.590914679546,26.831874178616754,1.2791349086997306,11.397940098056504,3558.3884767672016,2925.5784198782803,False,,,361.21975117342936,8.640199666842818e-12
逐时段独立,10.0,12,34654.22676991999,-1.3457526150711598,47954.43760159605,27.73509918346618,-0.7245415447726389,9.125622284972977,2940.084529938817,3491.2436595778045,False,,,199.1653720038038,1.4779288903810084e-11
逐时段独立,10.0,13,35461.31152320461,0.9518701089844825,48108.11978882141,26.288302933334464,0.4467696119096587,8.677133088372434,3247.520664191196,2912.997278831013,False,,,144.62505635461486,3.410605131648481e-12
逐时段独立,10.0,14,35824.169199616525,1.9848595683058978,48723.429323909135,26.474450389235635,2.241776562483455,11.160674427284986,3694.425600303178,2502.270232056925,False,,,126.65080794850952,1.8189894035458565e-12
逐时段独立,10.0,15,35219.144620006904,0.2624652137280683,48301.24273736059,27.084392400601313,0.9443002259756472,10.203101143477033,3468.969430645758,2998.1366391223205,False,,,376.365815890474,8.185452315956354e-12
逐时段独立,10.0,16,34741.11468416699,-1.0983986099220753,47652.13265823155,27.094313000982297,-0.6502943646495174,11.397147544603104,3038.300555847004,3375.232711280993,False,,,199.12531276111224,4.092726157978177e-12
逐时段独立,10.0,17,36241.81661891806,3.1738254077981,49047.719702131384,26.109069210524044,3.2492724782529736,14.288397933631666,4304.710423113485,2507.883476440349,False,,,186.22786442104336,1.0231815394945443e-12
逐时段独立,10.0,18,35059.30940691044,-0.19255641345561328,48127.32572580699,27.153007406536986,-0.5669659048724407,13.595224086691784,3105.8162625725604,3386.3126738090086,False,,,160.69694115708555,9.094947017729282e-12
逐时段独立,10.0,19,35308.29774495575,0.5162678595708958,48479.71256010269,27.168921017874617,0.7462616788623144,14.364633750762383,3677.7232473393406,3411.370051101844,False,,,208.09163916476626,5.002220859751105e-12
逐时段独立,10.0,20,35317.75050195895,0.543178130403221,48628.63873413204,27.372528984304644,0.9795434349615162,11.209588258772529,3562.8477341537628,3152.0088453341127,False,,,395.7136169500811,5.4569682106375694e-12
逐时段独立,10.0,21,35119.43639727831,-0.02138586558432627,47690.3361046332,26.35942778799918,-0.3424417659781853,10.489773599934306,3142.650176741797,3270.949830777725,False,,,194.39925819522102,2.2737367544323206e-12
逐时段独立,10.0,22,35089.22247015565,-0.10739939174433391,48035.40423440869,26.951333023194262,-0.41407804471491616,10.63188357736914,3318.760321863274,3557.5518824176743,False,,,104.52431641046599,6.139089236967266e-12
逐时段独立,10.0,23,34869.28700374682,-0.7335154512909328,48139.78511338315,27.566591912241538,-0.6360659852284067,8.614691326804099,2918.186187854936,3354.0826274364713,False,,,133.85255266655105,3.865352482534945e-12
逐时段独立,10.0,24,34568.61031669972,-1.5894870031529043,47576.488995243824,27.34098070970409,-1.602985639545318,11.986607544213992,2915.341895267483,3859.838330574695,False,,,199.7693631768992,9.322320693172514e-12
逐时段独立,10.0,25,35662.658743716835,1.5250688311652507,48592.49235476519,26.60870637515345,1.0310348039461292,11.149983337197607,3719.304018871354,3141.3702041391807,False,,,205.4474071638522,1.1368683772161603e-12
逐时段独立,10.0,26,34617.337483423114,-1.450769668837165,48166.388564243476,28.129680228669994,-1.7043557978229429,9.570438360572892,2734.5221791172403,3788.8602588780145,False,,,256.9612245971982,4.547473508864641e-12
逐时段独立,10.0,27,34227.13739213384,-2.5615979839876797,47345.97409784008,27.70845242004372,-2.0884267931285616,11.070130224128999,2637.011896879396,3869.8616506762287,False,,,390.58762709190717,1.8189894035458565e-12
逐时段独立,10.0,28,34813.63562446146,-0.8919447527375259,47796.548836511,27.16286746237232,-0.2378031952506965,12.018669375460956,2923.763635721347,3165.178279051457,False,,,257.0444224462352,9.322320693172514e-12
逐时段独立,10.0,29,34947.358539575536,-0.5112600634992968,48195.70453809647,27.48864473606508,0.26757039360030266,11.704732419088861,3337.9057711045352,3312.2708253368855,False,,,261.5757222134934,1.3642420526593924e-12
逐时段独立,10.0,30,34717.4161469434,-1.1658640123227644,48098.80022301061,27.82061925458489,-0.9555693613884753,10.316695388899804,2558.991005288089,3209.9897275339968,False,,,241.52322075700286,3.183231456205249e-12
逐时段独立,10.0,31,35850.98229287924,2.061191542280032,49206.459767871456,27.141715819418597,1.7035190288916313,9.886754980651045,3609.5184544734566,2798.8698249063477,False,,,183.118193631927,1.8189894035458565e-12
逐时段独立,10.0,32,35274.81321988184,0.4209435390445573,47967.65116844491,26.461245525636524,0.2720204885857669,9.00425844980621,3270.289155342597,3036.9990164728993,False,,,205.5606695227439,4.547473508864641e-12
逐时段独立,10.0,33,35123.91950071383,-0.008623289800520224,48093.27255192856,26.96708367518785,0.6189318277766365,11.25702545003774,3565.722404344161,3233.5720686208706,False,,,183.8129354514002,4.320099833421409e-12
逐时段独立,10.0,34,34919.92271663772,-0.5893648349976509,47993.47177937713,27.24026534866589,-1.0414075609075257,10.436671164228779,2750.842478771173,3327.76762871964,False,,,170.6935537320062,2.0463630789890885e-12
逐时段独立,10.0,35,34878.07403534121,-0.7085003789752795,47829.30012506082,27.078017148182433,-0.3109416087023309,10.028278854729928,2863.6305951846953,3045.0317934482546,False,,,206.1722579181523,2.9558577807620168e-12
逐时段独立,10.0,36,35525.628726356794,1.1349694265081325,48745.96611335776,27.12088494924347,0.4353527950835545,12.129503201880572,3553.188975220436,3337.49803642535,False,,,103.02060797789049,1.1084466677857563e-12
逐时段独立,10.0,37,35294.016166694695,0.4756108175261313,48223.06318582201,26.810920263000966,-0.05409277159825754,10.628476514176882,3219.7696392184575,3181.7081074299613,False,,,170.09026274858542,9.094947017729282e-13
逐时段独立,10.0,38,35148.66904711856,0.061834143570805265,48313.085540928034,27.248138566222085,-0.6365421976732843,12.559821897423339,2991.5533461544383,3283.3834825009867,False,,,201.26084728792102,5.4569682106375694e-12
逐时段独立,10.0,39,34733.41596456244,-1.1203154569911875,47635.180764227494,27.08452994756739,-0.8446493035319635,10.51750749035691,2998.4643411165785,3458.8394754639157,False,,,341.44549566581054,4.320099833421409e-12
逐时段独立,10.0,40,35641.64201347065,1.4652380428837715,48775.61043278361,26.927327618815834,0.9373178130364979,9.680577088172925,3359.91112911966,2890.141441378979,False,,,154.74344015760602,4.320099833421409e-12
逐时段独立,10.0,41,34551.82724453319,-1.6372653409697844,47618.11269814572,27.439738186266545,-1.70343918407736,11.663853326078419,3010.3969965231154,3952.117780664291,False,,,210.11593351626027,4.092726157978177e-12
逐时段独立,10.0,42,34812.840543270155,-0.8942082035153694,48076.38190841431,27.58847658380627,-0.9723057254481748,11.43830511309775,3073.2176958695386,3726.5957768120707,False,,,280.34058574412325,1.2960299500264227e-11
逐时段独立,10.0,43,34616.79543060238,-1.452312794108067,47921.627430495086,27.763731561892097,-2.283613061396206,12.68499445817973,2940.0803863638594,4283.426494354999,False,,,150.89196307597084,9.322320693172514e-12
逐时段独立,10.0,44,34612.503544365,-1.4645310094912023,47659.240146467484,27.375041150481945,-0.03569593707151153,11.968640510079029,3423.234323770521,3572.297348142177,False,,,395.1542687885156,1.0913936421275139e-11
逐时段独立,10.0,45,35137.69410191718,0.03059048125736316,48203.36821826249,27.105313589674022,0.9637176797900882,10.671122929623165,3439.021153781997,2975.753432684131,False,,,359.67430530603906,9.094947017729282e-13
逐时段独立,10.0,46,35958.180738299554,2.366365916072579,49033.51477392503,26.666116218490334,2.3929977224568244,13.363009494674115,3728.979422206958,2445.5070244182007,False,,,191.86698191600732,1.3642420526593924e-12
逐时段独立,10.0,47,35706.998247080686,1.6512952901430977,48907.16199164564,26.990246841188245,1.7720763315265398,11.371303626881977,3712.508327918218,2834.6431621197853,False,,,292.1399254366201,7.503331289626658e-12
逐时段独立,10.0,48,35086.14725552791,-0.11615396551280377,47646.74973557454,26.361929302112493,0.31239638937190506,11.676708064106299,3413.3360902431887,3180.355195226309,False,,,272.3052527924765,1.0913936421275139e-11
逐时段独立,10.0,49,35405.23910904418,0.7922421982311882,48436.57998445272,26.903924429824254,1.0699624608544678,11.519360367459594,3386.867806231703,2855.194757745685,False,,,284.1396800630588,1.1596057447604835e-11
逐时段独立,10.0,50,34985.206051931644,-0.4035151159154556,47942.890056415476,27.0273318718088,-0.16740605237705042,10.81672142663853,3429.751591447236,3546.2778411797153,False,,,323.5929155746436,8.881784197001252e-13
逐时段独立,10.0,51,34445.282323248786,-1.9405792510386992,47545.70082814271,27.553318757980474,-2.041932676750491,12.667575915527854,2797.280666105243,3988.8983600219585,False,,,173.1748713815075,5.6843418860808015e-12
逐时段独立,10.0,52,34580.63411463289,-1.555257448885798,47789.93879380976,27.640346509269584,-0.5145267081098193,13.830338719295483,3416.4771156130764,3809.501148125127,False,,,357.4499732039767,3.637978807091713e-12
逐时段独立,10.0,53,35247.502212562365,0.3431940947901567,48356.435922052995,27.1089741407354,-0.09964987388887403,11.552901088656887,3482.2649234731316,3540.812423445427,False,,,175.98548574001205,5.6843418860808015e-12
逐时段独立,10.0,54,35660.55740128598,1.5190866934771017,48723.606724337165,26.810513837692287,1.1120537814143239,11.785217899233505,3717.3563723169586,3147.321116418083,False,,,152.3381729366982,1.2960299500264227e-11
逐时段独立,10.0,55,35041.20646756715,-0.24409217179830356,48256.67726011894,27.385786885649352,-1.1532633993247887,13.677274903503347,2979.1400220826617,3639.202573986998,False,,,178.09607971690025,1.2050804798491299e-11
逐时段独立,10.0,56,35480.770301728066,1.007265693569498,48669.75758350948,27.098937690723513,0.4179391686127465,10.999676891366457,3033.335947679705,2848.1094803131928,False,,,149.4954222822866,5.4569682106375694e-12
逐时段独立,10.0,57,34348.782663792736,-2.2152961373725217,47460.5595960863,27.626680013639763,-1.6595060756643631,10.147338003005697,2657.275106795892,3671.0912637087913,False,,,226.95336319455103,1.1823431123048067e-11
逐时段独立,10.0,58,35139.59080861724,0.03599005843584155,48085.264608699654,26.92233037590535,0.49079338919801874,11.762280622069087,3626.737079316298,3390.1711279615865,False,,,258.23522049990436,9.777068044058979e-12
逐时段独立,10.0,59,34605.67740543149,-1.4839637789337703,47899.34297247582,27.753335937578953,-1.2228894350563957,11.040171936398343,2802.8889945138053,3564.5412298256797,False,,,201.29273143473984,1.2732925824820995e-11
逐时段独立,10.0,60,34921.996427935264,-0.5834613580939113,47814.78820865853,26.964025699456258,-0.6825125977822921,12.386458818112313,2966.298638295958,3336.210204843678,False,,,183.52282939739945,2.7284841053187847e-12
逐时段独立,10.0,61,35937.886806632676,2.3085928031888474,48897.93058579721,26.504278655360682,2.176991918844595,10.427258581088342,3853.2169799032336,2640.584005368526,False,,,139.48185297904178,9.094947017729282e-13
逐时段独立,10.0,62,35813.793620459306,1.9553221915312233,48316.35567842251,25.87645918739416,2.1301554916275833,10.658501782001364,3885.2380902857503,2609.5293204783684,False,,,183.29584411756724,1.318767317570746e-11
逐时段独立,10.0,63,35793.54596132847,1.8976808080970633,49391.98102628994,27.53166563155953,1.0998390569269878,10.049955417023048,3398.883240535469,2840.528242967063,False,,,162.2578720819428,5.002220859751105e-12
逐时段独立,10.0,64,35573.38591573971,1.2709254126875902,48432.60952102976,26.550755229710447,0.5650386681269159,6.72995188893376,3177.073287641145,2817.0366475774686,False,,,131.32151985485106,3.410605131648481e-12
逐时段独立,10.0,65,35260.25817590882,0.3795079901186943,48179.98871413608,26.81555326814884,0.4473305156737384,8.66273311968037,3192.3769876949973,2986.0782534522277,False,,,238.42377640435967,1.8189894035458565e-12
逐时段独立,10.0,66,34971.578244225864,-0.4423109927257036,48022.13692694796,27.17613067193327,-0.5888615742211556,12.984218152459084,3073.2396930222303,3334.417051618447,False,,,285.05781999440126,1.0913936421275139e-11
逐时段独立,10.0,67,34774.151702983254,-1.0043482578885614,47936.885894565654,27.458467411781935,-1.1828457284615235,11.066577357606386,3016.2517871517443,3688.3201601376504,False,,,111.13352553293828,3.410605131648481e-12
逐时段独立,10.0,68,35695.65136142589,1.6189927813648992,48962.40043368316,27.09578973814068,0.977203096072321,10.790082246415489,3740.3906024282724,3260.13422595089,False,,,172.7777402939264,3.637978807091713e-12
逐时段独立,10.0,69,35112.434080710955,-0.04132018053788076,48238.05650223217,27.210097946035283,-0.156828100862616,9.046227963926542,2682.4772671069927,2819.190037998081,False,,,228.73701225384272,2.0463630789890885e-12
逐时段独立,10.0,70,34846.01479470831,-0.7997671752991419,48041.912391356906,27.467469423683134,-0.6434323456616653,8.963697071338688,2628.5933234925205,3070.2045501621806,False,,,291.9623505471432,9.777068044058979e-12
逐时段独立,10.0,71,34654.077078195725,-1.3461787600402824,47768.19134302247,27.453654610145357,-1.5605239048548047,8.018433599602153,2292.8140582015103,3186.551798630956,False,,,141.8453213640472,4.320099833421409e-12
逐时段独立,10.0,72,35320.751608468076,0.5517217319080344,48027.3902317303,26.457066607103123,1.0459617145762712,10.138079435677467,3730.4156936835548,3089.119102224265,False,,,187.55352189579492,1.5916157281026244e-12
逐时段独立,10.0,73,35307.03440870066,0.5126713722428818,48340.41225954074,26.961660527145668,0.32689546710746864,8.226992449526266,3169.3050221381336,2988.8238034285505,False,,,203.76820241405113,6.139089236967266e-12
逐时段独立,10.0,74,36158.55802454315,2.936803412734748,49213.90575349825,26.52776187760122,2.2721427844364595,12.96885971266653,3762.2662078755866,2496.464645118105,False,,,97.02931391755567,3.865352482534945e-12
逐时段独立,10.0,75,35135.580840150986,0.024574411400854035,48699.06921230079,27.851637806506236,-0.23813781968841097,9.574383203417637,3108.1774367035623,3412.7543618597624,False,,,148.79806329915255,8.412825991399586e-12
逐时段独立,10.0,76,35718.227737817055,1.683263597053182,48870.82422245203,26.91298273335129,1.4004910884345412,9.452006413980232,3790.897435612318,3058.269529430509,False,,,212.74020458738195,2.7284841053187847e-12
逐时段独立,10.0,77,34448.97279324077,-1.9300731577424033,47695.917015195824,27.773748888682867,-1.2353688490215897,8.99187583790252,2717.2048035645266,3531.848437485776,False,,,312.82909394004525,9.094947017729282e-12
逐时段独立,10.0,78,35484.75428693789,1.0186073710242358,48118.781062828966,26.255916082734426,1.3047969773839485,8.304113579676512,3199.9856124491034,2471.5377488247714,False,,,176.8582948252498,9.094947017729282e-13
逐时段独立,10.0,79,35558.93579211396,1.2297885528066226,48123.583319670404,26.109127086595553,2.1888981246241945,13.23934492700002,4120.548751626886,2871.6398652107355,False,,,413.84101217134855,9.094947017729282e-13
逐时段独立,10.0,80,35333.981543773516,0.5893849387420832,48664.09632592973,27.392093532112945,1.1064848383690595,11.837764712911662,3685.469562623402,3195.6455639139817,False,,,202.91541661921593,9.549694368615746e-12
逐时段独立,10.0,81,35169.83095633064,0.1220782298234602,48010.55452602216,26.745626449141998,0.8982152508908436,9.758876013754744,3627.5897911343745,3121.7452028006073,False,,,304.3603289618553,8.526512829121202e-13
逐时段独立,10.0,82,35755.02717116168,1.7880248553236202,48688.91142415556,26.564332359620416,1.3647092382421233,8.145958596375992,3492.935780065487,2717.429280007076,False,,,206.6042929661016,9.094947017729282e-13
逐时段独立,10.0,83,34985.4047884528,-0.4029493493770051,48219.81983671581,27.446006835110552,-1.0508170350615909,12.718382972985882,2786.41744119975,3459.4129254766663,False,,,79.69429087806725,1.8189894035458565e-12
逐时段独立,10.0,84,35369.71232014976,0.6911039260183259,48561.61799591642,27.16529271507382,0.37739188004415336,10.391595318107228,3287.187945582015,3141.573732963683,False,,,116.42425943501785,1.8189894035458565e-12
逐时段独立,10.0,85,35424.530396178445,0.8471609654555449,48971.78191307968,27.66338284554631,0.5340836972804741,10.638081234404178,3091.0687605879493,2989.74781365642,False,,,132.39444828899693,1.8189894035458565e-12
逐时段独立,10.0,86,35126.19823134059,-0.0021361603525541,48106.80221163507,26.982886792577126,-0.3300955482131829,12.176266408309333,3168.600379035016,3339.892796353516,False,,,76.00320862325711,7.048583938740194e-12
逐时段独立,10.0,87,35371.84470197407,0.6971744271843566,48378.169154827,26.88469754038885,0.10260993372046556,12.853940355860045,3438.2411077260504,3350.331592200171,False,,,157.89455235119698,2.2737367544323206e-12
逐时段独立,10.0,88,34967.65235634241,-0.4534872777148616,47597.66168101102,26.53493654648863,-0.36313599395331186,7.892000274395465,2812.2142196527443,2956.0664006112065,False,,,229.81469625363584,1.3642420526593924e-12
逐时段独立,10.0,89,34551.00088703389,-1.639617829677878,47595.86251834473,27.407553810550223,-1.1012944963897486,9.932628627578902,2858.900959660238,3506.0333069404073,False,,,251.86079950609818,1.0459189070388675e-11
逐时段独立,10.0,90,34969.82157842534,-0.44731189906847374,48361.84999822299,27.69130713628558,-0.83051419328245,10.192231855370615,3045.9258923112848,3659.0652147345795,False,,,196.8451664168943,1.0231815394945443e-12
逐时段独立,10.0,91,35492.37055835873,1.0402895031892665,48709.2779482927,27.134270813795204,1.1222783877248732,9.821839302236153,3519.5987204002763,2950.9675349271524,False,,,317.35346583442185,1.2505552149377763e-12
逐时段独立,10.0,92,34734.12132600942,-1.1183074219209326,47887.06958124989,27.466596662224,-1.1675245651797783,11.161990086615662,3349.7329346690676,4061.201400039388,False,,,318.657569514531,3.637978807091713e-12
逐时段独立,10.0,93,34930.69093223268,-0.5587096940749242,47797.96740339181,26.92013315663722,0.04296158023231467,9.742588845853126,3053.4386794511047,3044.0887235511727,False,,,254.00310836446175,2.0463630789890885e-12
逐时段独立,10.0,94,35373.72503517139,0.7025273919942737,48366.448113520935,26.863091223598463,0.9749150593516998,10.618144393245327,3288.9099510074507,2762.5371838558613,False,,,224.61244577733362,6.366462912410498e-12
逐时段独立,10.0,95,35158.732288103245,0.09048235067664846,48353.738089426966,27.288491692039305,-0.08060497615709483,8.781370722123187,3190.886199529144,3297.8467572204663,False,,,172.0222563020524,8.810729923425242e-13
逐时段独立,10.0,96,35332.32074121278,0.584656937515218,48050.513688561696,26.468380816449937,-0.5404729155159216,15.597358619345602,3541.549432827451,3689.5087666650124,False,,,91.09301931479828,6.821210263296962e-12
逐时段独立,10.0,97,35009.39977971323,-0.33463999653751464,48271.10857811581,27.473387682699514,-0.08218093139328309,9.442400892886111,3187.3775530497733,3318.475591509762,False,,,318.7079154972239,4.547473508864641e-12
逐时段独立,10.0,98,35101.17710344835,-0.0733667365624732,47902.58609232573,26.723836922299764,-0.11373360891537843,8.766531774121345,3032.6017518819986,3047.3364720239774,False,,,291.5215369933101,1.1141310096718371e-11
逐时段独立,10.0,99,34895.901306549684,-0.6577493974088556,48189.969551625865,27.586795278702674,-0.8456655474609165,13.014331806246954,2942.0992829562983,3480.812913486792,False,,,253.46988151324797,1.3642420526593924e-12
逐时段独立,10.0,100,35548.09585041065,1.1989292207679547,48643.509802183675,26.921194636298942,1.359688734889386,10.826591510560373,3670.093882099148,2979.4571978503336,False,,,232.1279068236822,9.094947017729282e-13
逐时段独立,20.0,1,35673.035928023215,1.554610777506102,49536.61626861294,27.986530742056104,1.797152889200282,21.0566861212784,7173.790074304112,6327.995376216089,False,,,404.9400252731462,8.597567102697212e-13
逐时段独立,20.0,2,35089.966081533894,-0.10528246611344942,47849.28462304437,26.66564117317137,1.1637783863807538,21.16507358732571,7312.470627880851,6726.900472814352,False,,,709.9711494616876,1.1368683772161603e-12
逐时段独立,20.0,3,36295.46513486559,3.3265529235283218,49564.61185710866,26.77141255639629,2.4206226667073727,14.695874699840632,6831.819716313585,5507.856945082346,False,,,413.500780107799,4.320099833421409e-12
逐时段独立,20.0,4,34715.098933000685,-1.1724606967349094,48166.6762071232,27.927144518502626,-0.6875052926276548,20.805828860381386,6105.990238190488,6718.58536588259,False,,,542.3820160137316,2.9558577807620168e-12
逐时段独立,20.0,5,34687.69215581179,-1.2504827802968421,48348.56315319384,28.254967896558124,-0.4902257250847364,20.154397523165756,6305.492507041305,6833.005126171564,False,,,571.0894186586611,5.4569682106375694e-12
逐时段独立,20.0,6,34214.663857600346,-2.5971078561254046,47631.10928308118,28.16740073329854,-1.1952218870713405,18.791853807897013,5669.075163951595,6439.106779686837,False,,,449.2787542329763,6.59383658785373e-12
逐时段独立,20.0,7,34141.46185634123,-2.8055005693501363,47637.87136469387,28.331260658206723,-2.5015987242423265,25.600910703426386,5641.99239414757,7215.253233584234,False,,,688.8761535177573,6.821210263296962e-12
逐时段独立,20.0,8,35882.794194286296,2.1517542090517705,48885.44477946587,26.59820452455264,1.9727173012565213,19.781357757543454,6557.555332600781,5577.952630476724,False,,,536.4186749169701,3.410605131648481e-12
逐时段独立,20.0,9,36315.938598814864,3.3848371319940935,49168.12774157993,26.13926893924898,2.5384214279286166,23.28613426514644,7770.2490690247505,6277.982794159692,False,,,208.3137898484165,1.1368683772161603e-12
逐时段独立,20.0,10,36400.50935846065,3.62559462166542,49842.23510812048,26.96854529196235,3.296825295073047,18.285968533636968,7086.601518243714,5328.287907893913,False,,,529.7570742748451,7.048583938740194e-12
逐时段独立,20.0,11,35398.29605989905,0.7724766067921548,48523.99797474444,27.049918520063,2.6519556721427806,22.94432442903682,7116.776953534402,5851.15683975656,False,,,725.6949856801923,1.1368683772161603e-12
逐时段独立,20.0,12,34245.55127854538,-2.5091770161956832,48152.53100362845,28.881098117220734,-1.474498964093729,18.387785638134343,5880.1690598776295,6982.487319155609,False,,,401.6244940076074,5.229594535194337e-12
逐时段独立,20.0,13,35868.370112211815,2.1106914847057867,48605.16378162458,26.204610124630364,1.0771096316841255,18.821790756061816,6495.041328382389,5825.994557662028,False,,,392.3926108194564,1.5916157281026244e-12
逐时段独立,20.0,14,36679.76837898464,4.420593992973287,49818.902952483186,26.373793469580274,4.359772257602512,21.96978143267874,7388.851200606357,5004.540464113854,False,,,253.4017325636857,1.3642420526593924e-12
逐时段独立,20.0,15,35390.71420898664,0.7508924635211371,48979.00900595843,27.743098671756997,1.9580167547736727,20.406204784662826,6937.938861291514,5996.273278244644,False,,,756.025381780949,5.6843418860808015e-12
逐时段独立,20.0,16,34402.204614787275,-2.0632136106379906,47583.13608703672,27.70084646825198,-1.1598471182511783,20.91431589505317,6076.601111694006,6750.465422561987,False,,,398.3890088555581,6.59383658785373e-12
逐时段独立,20.0,17,37506.706843750406,6.774736603534364,50804.3413721761,26.174209072038835,6.686579501150081,24.381442326302484,8609.420846226967,5015.766952880698,False,,,496.6861980803436,1.5916157281026244e-11
逐时段独立,20.0,18,35059.51271478367,-0.19197763311364083,48659.917765500344,27.94991375912127,-0.7715510649466628,23.157979834820008,6211.632525145116,6772.625347618021,False,,,324.54163231417107,1.1368683772161603e-12
逐时段独立,20.0,19,35625.05473727364,1.4180171003924988,49250.738158516244,27.665947619683553,1.369816330636775,24.68664791676926,7355.446494678681,6822.74010220369,False,,,416.2674283295329,5.9117155615240335e-12
逐时段独立,20.0,20,35620.9041519906,1.406201142990717,49710.067369175464,28.342675765354844,1.9399534088319736,21.318267264374054,7125.6954683075255,6304.017690668226,False,,,856.3697339001624,1.8189894035458565e-12
逐时段独立,20.0,21,35180.415255785396,0.15220979512250413,47950.38887889864,26.631637243577977,-0.47861106325781666,17.289157181186496,6285.300353483595,6541.89966155545,False,,,480.3312579843249,4.547473508864641e-12
逐时段独立,20.0,22,35138.98987625186,0.034279313866934176,48560.78681550687,27.63916694811264,-0.6440352208484601,21.535224420084912,6637.520643726546,7115.103764835346,False,,,212.1581161542653,9.094947017729282e-12
逐时段独立,20.0,23,34699.91734109063,-1.2156799130785758,48510.80881781474,28.469720075358346,-1.1604802883764531,18.564545526239396,5836.372375709874,6708.165254872944,False,,,270.6508188824233,1.3642420526593924e-12
逐时段独立,20.0,24,34039.09825697199,-3.0969110204455297,47381.808451233024,28.15998508793476,-3.13132348666203,20.353020061090323,5830.683790534965,7719.6766611493895,False,,,402.78659302046503,1.0231815394945443e-11
逐时段独立,20.0,25,36256.27850557095,3.21499575486655,49536.212988724204,26.808538000626196,2.2158752501089785,22.026391699500905,7438.608037742706,6282.740408278364,False,,,475.75316432770455,1.5916157281026244e-12
逐时段独立,20.0,26,34150.10562826352,-2.780893331127163,48448.101116099104,29.511983253115407,-3.1890942471488937,21.75755682609802,5469.044358234478,7577.720517756028,False,,,517.1703158610633,2.5011104298755527e-12
逐时段独立,20.0,27,33371.6320224956,-4.9970653495064115,46979.94158965216,28.966212189063125,-4.037239980645213,18.451462607632013,5274.023793758792,7739.723301352457,False,,,784.3848541838146,1.1823431123048067e-11
逐时段独立,20.0,28,34548.92552191343,-1.6455260147130761,47743.88448808064,27.63696148238915,-0.47708376376087713,20.401028090417178,5847.527271442696,6330.356558102916,False,,,530.0008974819627,1.2505552149377763e-11
逐时段独立,20.0,29,34934.9677773445,-0.5465342980261375,48863.49026769222,28.50496846222433,0.4793459211957618,22.4800479423309,6675.811542209069,6624.541650673769,False,,,524.8375848127603,4.774847184307873e-12
逐时段独立,20.0,30,34400.081439552276,-2.069257902327598,48449.34670953889,28.99784253895944,-1.898284661418892,19.645526410073597,5117.982010576178,6419.979455067996,False,,,533.6546792671063,8.640199666842818e-12
逐时段独立,20.0,31,36714.627321681764,4.519831029172407,50562.31147012005,27.38736372173494,3.2387460509398114,24.22821794937867,7219.036908946915,5597.7396498126955,False,,,431.09473726385454,2.9558577807620168e-12
逐时段独立,20.0,32,35516.841718946635,1.1099544230405756,48423.29245637012,26.65339361021833,0.7344632630519765,19.833449994631525,6540.578310685193,6073.998032945799,False,,,411.16722237882135,2.5011104298755527e-12
逐时段独立,20.0,33,35159.949382854174,0.09394719689717673,48413.79571587934,27.376176845968743,1.345310096956931,20.51222566727468,7131.44480868832,6467.144137241743,False,,,414.61609899593424,2.5011104298755527e-12
逐时段独立,20.0,34,34765.072090812755,-1.030196253608527,48205.915891371274,27.882145898537722,-1.973945728486004,23.020440569694475,5501.684957542344,6655.535257439282,False,,,344.5348574640131,9.094947017729282e-13
逐时段独立,20.0,35,34659.85283273506,-1.3297362429141315,47944.856327136804,27.708923359276874,-0.5192961117864159,16.642240260609185,5727.2611903693905,6090.063586896511,False,,,415.6382658363049,6.59383658785373e-12
逐时段独立,20.0,36,35967.81942397728,2.393805491845806,49717.35578668278,27.65540553222349,0.9195599080890071,22.69501107470787,7106.37795044087,6674.996072850703,False,,,209.25081595578075,5.9117155615240335e-12
逐时段独立,20.0,37,35519.8273588928,1.1184539940685712,48805.60110900072,27.221821774996567,0.05753636066794243,22.80157424623143,6439.539278436912,6363.416214859923,False,,,340.22640883050406,8.640199666842818e-12
逐时段独立,20.0,38,35217.57061032884,0.2579842959688285,48733.89071190324,27.734949752889403,-1.1690502351975662,21.088745241707876,5983.1066923088765,6566.766965001974,False,,,429.270944085477,4.547473508864641e-12
逐时段独立,20.0,39,34376.20727133694,-2.137223294049146,47546.134387014186,27.69925943606095,-1.5695887367132566,22.621190795782166,5996.92868223316,6917.678950927834,False,,,734.5954861243059,1.5916157281026244e-12
逐时段独立,20.0,40,36196.728589448496,3.045468031858879,49751.63467490411,27.24514716758247,1.9538525407508667,19.127600901744596,6719.822258239321,5780.2828827579615,False,,,357.3192381331884,9.777068044058979e-12
逐时段独立,20.0,41,34020.35833392499,-3.150260154925667,47431.33289356333,28.274504934813418,-3.3133795665916344,23.17955884475628,6020.793993046231,7904.235561328583,False,,,438.1891720493592,5.002220859751105e-12
逐时段独立,20.0,42,34596.360206643614,-1.5104881403127217,48611.53732497829,28.830968715595827,-1.76428417330734,18.709367293260964,6146.435391739073,7453.191553624144,False,,,563.9366548215799,6.821210263296962e-12
逐时段独立,20.0,43,34136.50503704133,-2.819611727584927,47892.711163242515,28.722963875052088,-4.361903748725638,25.39950425718803,5880.160772727717,8566.852988709996,False,,,301.9681928186087,5.002220859751105e-12
逐时段独立,20.0,44,34274.498598691556,-2.4267692885094854,47989.24071714055,28.57878539751606,0.002935277150473148,23.63542831187623,6846.468647541039,7144.594696284356,False,,,790.4928042436977,1.3642420526593924e-12
逐时段独立,20.0,45,35206.75023972206,0.22718067926356597,48494.87765040539,27.401094825882602,1.8344996648339995,19.003271002420142,6878.042307563993,5951.506865368262,False,,,722.6423606120786,5.9117155615240335e-12
逐时段独立,20.0,46,36978.320454612214,5.270517164590905,50321.61327911318,26.5160275178207,4.595148723072251,23.131142279825976,7457.9588444139135,4891.014048836401,False,,,395.4757951564112,1.3642420526593924e-12
逐时段独立,20.0,47,36420.16557806977,3.681552284920906,50104.25847069649,27.31123722872752,3.4644269274758166,23.434599715574933,7425.016655836434,5669.286324239573,False,,,597.1778203275858,6.366462912410498e-12
逐时段独立,20.0,48,35101.91192394534,-0.07127483696318869,47692.759272481926,26.399913824657514,0.8048793565626822,21.69389253246751,6826.672180486378,6360.71039045262,False,,,565.4263585311116,8.86757334228605e-12
逐时段独立,20.0,49,35747.143658919435,1.7655819374027464,49327.05151886397,27.530345807819504,2.2661692559162283,21.46032009021591,6773.735612463401,5710.389515491373,False,,,568.4636267927856,5.002220859751105e-12
逐时段独立,20.0,50,34862.63709604151,-0.7524465226491863,48077.90644312869,27.48719801832368,-0.30324172028396434,23.466188683892835,6859.503182894472,7092.555682359431,False,,,695.396682665171,1.4779288903810084e-12
逐时段独立,20.0,51,33803.991818609815,-3.7662160632608126,47363.51942669969,28.628631850457715,-3.945886780152219,21.31723681702866,5594.5613322104855,7977.796720043918,False,,,387.9293966949927,9.777068044058979e-12
逐时段独立,20.0,52,34110.57068905281,-2.8934420744344838,47827.97243943897,28.680709322887342,-1.0908041688287407,21.523734387300404,6832.954231226154,7619.0022962502535,False,,,745.8815166370816,2.5011104298755527e-12
逐时段独立,20.0,53,35458.19985978011,0.9430117721559672,49255.02990467196,28.01100734603998,0.035687362940795,19.337930958621055,6964.52984694626,7081.624846890853,False,,,352.8141499905879,1.1596057447604835e-11
逐时段独立,20.0,54,36258.110859511085,3.2202121315038763,49820.32225057988,27.22224742516782,2.383894540300213,18.447691078586786,7434.7127446339155,6294.642232836166,False,,,304.7764625400637,3.410605131648481e-12
逐时段独立,20.0,55,35008.7809881743,-0.33640158290810956,48819.80367410714,28.289795629100155,-2.092958891888208,24.0921697180176,5958.280044165321,7278.405147973995,False,,,356.3305427671339,6.366462912410498e-12
逐时段独立,20.0,56,35876.321017899565,2.133326259443696,49542.092276301584,27.58416253836544,0.9359732762295181,18.07015744368454,6066.671895359412,5696.218960626385,False,,,299.136844564574,5.9117155615240335e-12
逐时段独立,20.0,57,33592.40109069189,-4.368576178087871,47005.30294911934,28.534869508119492,-3.2689258848311753,18.595875739229882,5314.550213591783,7342.182527417586,False,,,511.86894420600476,8.952838470577262e-13
逐时段独立,20.0,58,35240.960394494294,0.32457073486585053,48660.119568696726,27.577324702742896,1.2041857777315812,22.10141218396802,7253.474158632597,6780.342255923173,False,,,516.5545909998086,2.0463630789890885e-12
逐时段独立,20.0,59,34103.689716897985,-2.9130309440323496,47962.56954322457,28.895198815060898,-2.3522991443981067,21.928754961969698,5605.7779890276115,7129.082459651361,False,,,402.7697295361471,1.1596057447604835e-11
逐时段独立,20.0,60,34759.755108943995,-1.0453327288242187,47902.10970347525,27.435857576806878,-1.224575525239846,22.730874580181464,5932.597276591916,6672.420409687358,False,,,425.1320877316238,1.1368683772161603e-12
逐时段独立,20.0,61,36819.02973998742,4.81704562499917,50121.71313223435,26.540759604826217,4.428743952632086,19.237033113252,7706.433959806465,5281.168010737057,False,,,279.29361775721543,3.183231456205249e-12
逐时段独立,20.0,62,36614.91134730335,4.235957882330296,49217.947068628615,25.60658554846227,4.493856802969365,20.94518859648309,7770.476180571499,5219.058640956738,False,,,383.40678794266387,9.094947017729282e-13
逐时段独立,20.0,63,36512.011648605585,3.9430212544677596,50912.11670563071,28.284239565770243,2.196982118028501,19.14764764056095,6797.7664810709375,5681.056485934127,False,,,361.782798994744,4.774847184307873e-12
逐时段独立,20.0,64,36060.489415441,2.6576200136275103,49115.42682513961,26.580115970847014,1.2364089222437258,15.06727734538027,6354.146575282288,5634.073295154936,False,,,265.9367897097027,3.865352482534945e-12
逐时段独立,20.0,65,35494.36579720877,1.0459695833829645,48719.37444488726,27.145275977709847,1.055797461436847,18.787908766446396,6384.7539753899955,5972.1565069044555,False,,,500.52865045537123,1.0231815394945443e-11
逐时段独立,20.0,66,34857.57727436142,-0.7668509098272649,48245.31046514983,27.749294308011727,-0.8634727817849241,25.62333820185679,6146.479386044462,6668.834103236894,False,,,617.3083635676903,9.322320693172514e-12
逐时段独立,20.0,67,34460.2600715512,-1.8979403401749233,47977.425068410084,28.174010959498176,-2.3062426213877663,22.17636973817661,6032.50357430349,7376.640320275301,False,,,243.08464818523635,9.094947017729282e-13
逐时段独立,20.0,68,36300.21387418409,3.340071716101714,50097.060353094654,27.54023166562564,2.0469300954989222,22.763920770541006,7480.781204856538,6520.268451901777,False,,,345.555480587853,7.958078640513122e-12
逐时段独立,20.0,69,35109.85121151893,-0.048673136872030814,48458.98098487914,27.547277103341475,-0.30101006006235664,14.53032668976841,5364.954534213986,5638.380075996165,False,,,489.97962932704706,1.0459189070388675e-11
逐时段独立,20.0,70,34581.933074937726,-1.5515595464017211,48153.961444003224,28.18465597030474,-1.2510553989696693,16.201713748361367,5257.18664698504,6140.409100324364,False,,,584.1089677609539,5.229594535194337e-12
逐时段独立,20.0,71,34207.01417666191,-2.618885099078378,47677.64851974005,28.25356275173862,-3.042472992819323,15.81218380384392,4585.62811640302,6373.103597261916,False,,,328.3237380288307,9.094947017729282e-13
逐时段独立,20.0,72,35548.71103463713,1.2006805377795495,48265.98903137664,26.348321565465678,2.1823149878178683,18.23080180055994,7460.83138736711,6178.238204448529,False,,,409.07130495821673,4.774847184307873e-12
逐时段独立,20.0,73,35544.519544667695,1.1887481322146782,48921.62125056304,27.34394601802242,0.7728547191288015,18.520736713970713,6338.610044276265,5977.647606857101,False,,,457.0013938137896,4.774847184307873e-12
逐时段独立,20.0,74,37285.499611194646,6.145000058299024,50881.147005889434,26.72040273211826,4.656223215433353,23.65115002931852,7524.532415751171,4992.929290236212,False,,,293.5861504754513,6.366462912410498e-12
逐时段独立,20.0,75,35252.15514867031,0.35644015313989563,49531.62685156493,28.828997976761315,-0.6541758692411026,20.010840346982633,6216.354873407125,6825.508723719526,False,,,359.52303243498363,6.59383658785373e-12
逐时段独立,20.0,76,36390.3916694349,3.596791410942035,50097.26444493288,27.360521432392037,2.862448980750898,20.417869466525822,7581.794871224636,6116.539058861017,False,,,460.1005501297662,1.5234036254696548e-11
逐时段独立,20.0,77,33835.788963421015,-3.675695405819354,47781.38554740821,29.186254069904507,-2.3106527348208394,17.903246783209994,5434.409607129048,7063.696874971552,False,,,646.81602746705,9.322320693172514e-12
逐时段独立,20.0,78,35870.27238713467,2.116106913596447,48482.80752506503,26.014448794884313,2.6926813170058628,16.436022970464645,6399.971224898205,4943.075497649545,False,,,353.76247298383316,9.094947017729282e-12
逐时段独立,20.0,79,36103.5060126885,2.780080400774177,48946.61720768167,26.239016969241295,4.674523434525879,25.120964575708957,8241.097503253768,5743.279730421471,False,,,895.5956243426975,1.8189894035458565e-12
逐时段独立,20.0,80,35682.94283776916,1.5828139381590702,49558.2882687243,27.998032046057826,2.1008780520822556,22.549638702966092,7370.939125246806,6391.291127827968,False,,,409.124583238432,7.275957614183426e-12
逐时段独立,20.0,81,35246.77901303634,0.34113527797041937,48305.4778984821,27.033577667712304,1.9097398916246178,18.113492576886067,7255.179582268752,6243.490405601215,False,,,612.0144079237106,6.59383658785373e-12
逐时段独立,20.0,82,36418.54875113841,3.6769494742703124,49574.514293928936,26.53775983520155,2.819755913604971,17.77061288227249,6985.871560130972,5434.8585600141505,False,,,413.2927359322038,2.0463630789890885e-12
逐时段独立,20.0,83,34873.845889849385,-0.7205371361102618,48554.308802182626,28.175589870034923,-2.0423591293275645,21.712738661739895,5572.834882399498,6918.825850953333,False,,,159.57284842280117,5.002220859751105e-12
逐时段独立,20.0,84,35665.166009661,1.53220655887615,49256.86422936114,27.593510939736948,0.6993210669514083,21.68827591133284,6574.375891164028,6283.147465927366,False,,,232.99451887003602,9.094947017729282e-13
逐时段独立,20.0,85,35878.02327787577,2.1381722823522735,50300.414329675215,28.672509449471505,0.9795994944837627,21.349260307334983,6182.1375211759005,5979.495627312838,False,,,264.8347799113274,5.229594535194337e-12
逐时段独立,20.0,86,35158.18061745137,0.08891184519901991,48429.56473934595,27.40347594144786,-0.5863746406410297,22.414905482509827,6337.200758070028,6679.785592707033,False,,,184.29559953131564,7.048583938740194e-12
逐时段独立,20.0,87,35652.46875969564,1.4960598098083606,48925.21477859968,27.128641292566492,0.29277599409038846,22.151163092852926,6876.482215452101,6700.663184400344,False,,,377.60947971437986,8.412825991399586e-12
逐时段独立,20.0,88,34847.98186530992,-0.7941672849583933,47440.38272395114,26.543632524877825,-0.6057730907971015,17.750784657888868,5624.428439305489,5912.132801222414,False,,,466.5953914268952,1.1368683772161603e-12
逐时段独立,20.0,89,34028.27445583159,-3.127724403252773,47422.86756612371,28.245008785298506,-2.091974599132407,21.465844758475992,5717.801919320475,7012.066613880815,False,,,568.5634372431485,2.9558577807620168e-12
逐时段独立,20.0,90,34896.78725445777,-0.655227265702535,48968.10850058007,28.73568466700243,-1.5431919713290942,21.519810987796326,6091.851784622568,7318.130429469161,False,,,461.09135715723556,7.958078640513122e-12
逐时段独立,20.0,91,35988.93337491885,2.4539130496710833,49735.624185624794,27.639526065662974,2.1670794547994143,18.592457029975773,7039.197440800552,5901.935069854304,False,,,637.9624150021767,2.0463630789890885e-12
逐时段独立,20.0,92,34420.69132547056,-2.010585325459652,48326.979054170384,28.7754128250228,-2.110518069905476,23.12209383906563,6699.465869338133,8122.4028000787785,False,,,750.4510992188191,2.7284841053187847e-12
逐时段独立,20.0,93,34764.276046136976,-1.0324624472505075,47789.802548095875,27.255870096659113,0.16517242280293942,16.145910511543235,6106.877358902206,6088.177447102345,False,,,533.5684797451954,2.0463630789890885e-12
逐时段独立,20.0,94,35640.30785534896,1.461439938650729,48805.74332062711,26.975176627857955,1.9993702197438568,17.52762692410381,6577.8199020149,5525.074367711723,False,,,452.3726415546674,9.094947017729282e-13
逐时段独立,20.0,95,35220.73655312022,0.26699715623033077,48908.66783213915,27.986718685525585,-0.07458904587857029,19.10631967359911,6381.772399058287,6595.693514440933,False,,,347.1998792707715,6.366462912410498e-12
逐时段独立,20.0,96,35614.226105077716,1.3871899644535035,48638.09679667504,26.777097685466288,-0.6062316321402528,28.941620657646386,7083.098865654902,7379.017533330027,False,,,185.29552196293048,4.092726157978177e-12
逐时段独立,20.0,97,34944.751471182964,-0.5186819105327864,48689.80791936103,28.229843237299935,-0.1405793453012727,19.900624541480465,6374.755106099543,6636.951183019526,False,,,640.5711976611149,2.0463630789890885e-12
逐时段独立,20.0,98,35118.924012249976,-0.022844532074773306,48091.113699105714,26.974192712648627,-0.10047618998064722,19.264118277679774,6065.203503763994,6094.672944047958,False,,,586.2985573199539,1.659827830735594e-11
逐时段独立,20.0,99,34744.78064941904,-1.087962277139897,48825.89047306031,28.839432700998103,-1.5284857140915098,24.28810423698646,5884.198565912592,6961.625826973584,False,,,510.1876296931629,3.183231456205249e-12
逐时段独立,20.0,100,36059.71167863021,2.655405939129709,49466.81851141999,27.1032325026009,2.6261898851486665,20.37179642587434,7340.187764198294,5958.914395700671,False,,,480.4426656402318,6.821210263296962e-12
一小时相关块,5.0,1,35861.38761801836,2.0908136004263707,48495.94582186861,26.05281326042901,2.0304264087119828,8.251317491722608,2237.343002255813,1052.643996182852,False,,,189.8200554833826,8.640199666842818e-12
一小时相关块,5.0,2,35680.19418136323,1.57498901593971,48703.992092023866,26.74071950006232,1.479943543264528,3.9024210217385784,1486.6568613123534,683.7190277440701,True,35942.03254880318,0.7338479328588339,0.0,3.637978807091713e-12
一小时相关块,5.0,3,36822.544465598854,4.827051406177405,49124.65034569742,25.04263296232508,4.6733361263737505,11.682114504631775,3718.903878216295,1037.5865649437817,False,,,18.063227743717555,1.5916157281026244e-12
一小时相关块,5.0,4,35481.50756054219,1.009364534611835,48621.78446206663,27.025492887403427,0.568909837850029,5.076072750436303,1609.5960825788613,1324.1122013511037,False,,,139.0401319367371,8.640199666842818e-12
一小时相关块,5.0,5,34500.017013850476,-1.7847595946658226,47787.127876573504,27.804790647894777,-1.9482589504105863,6.039539280928691,845.3484608783397,2022.9182783215533,False,,,191.8740939970375,5.6843418860808015e-12
一小时相关块,5.0,6,35641.30636606322,1.4642825160850719,47903.96153658849,25.598415615708937,2.1695908996591795,7.984516954332154,2474.363818862339,1189.1480614388588,False,,,266.0825987361613,1.5916157281026244e-12
一小时相关块,5.0,7,34423.69460930495,-2.00203552550791,46987.12328505043,26.738024797833713,-1.4606914028699292,4.801712208064217,985.3248214763987,1766.712075749542,False,,,219.0523461701462,4.547473508864641e-12
一小时相关块,5.0,8,34270.235270707424,-2.4389062037672433,47489.46126584175,27.83612541135029,-3.1772858033820017,11.38605084125113,1383.4917929733988,3182.1310705244973,False,,,8.216969808640282,6.821210263296962e-12
一小时相关块,5.0,9,34783.15960315149,-0.9787044131271039,46819.23250492646,25.707539952750178,-0.00897478800713225,8.001295429086703,2078.216287428477,1949.3344596592708,False,,,171.8159772656727,4.092726157978177e-12
一小时相关块,5.0,10,35262.45194874676,0.38575326027570994,47960.78287539646,26.47648800821358,0.7011036150294414,4.068281133670389,1788.4224131576652,1375.3602506642196,False,,,127.7693325231595,1.659827830735594e-11
一小时相关块,5.0,11,35860.15847793846,2.0873144633566474,49039.53994385156,26.87501041201243,1.4922252328640084,7.570600870038934,2543.5343605052294,1773.8470270638477,True,36714.875138052485,2.3834715081916262,0.0,2.2737367544323206e-12
一小时相关块,5.0,12,35473.600178682376,0.9868536642541073,48225.30166421163,26.441932026300602,0.8424942731554808,5.525319989619524,1766.9271881592585,1213.1287181369985,False,,,6.798387807768108,1.0800249583553523e-12
一小时相关块,5.0,13,34823.75167669125,-0.8631462016729489,47826.07114481817,27.18667696695317,0.20158478352723108,5.472824048367597,1447.552832390665,1388.458734888035,False,,,294.6189640121279,1.2505552149377763e-12
一小时相关块,5.0,14,35516.42776711281,1.108775977857223,47993.95064422097,25.99811582422961,1.9073441777172073,5.214083846111555,2140.3335377345743,1005.2858139790211,False,,,229.35881925778426,1.1596057447604835e-11
一小时相关块,5.0,15,34835.48187361304,-0.82975247580282,47549.87626205452,26.739069347668828,-0.645201600670986,4.443937645205869,1328.2958564909109,1641.5355031410484,False,,,89.16682711099304,8.810729923425242e-13
一小时相关块,5.0,16,35682.10538765279,1.5804298707983555,48603.87679250442,26.58588626585524,1.1160200497880357,3.908342506059248,1716.2566929765746,1042.418581466469,False,,,70.61916617686356,2.9558577807620168e-12
一小时相关块,5.0,17,36307.72093054751,3.3614429329673134,49215.32990500232,26.226805752129803,2.892738389954541,6.904067077254179,2829.6644833429737,1163.681304296294,False,,,24.00286949942067,6.139089236967266e-12
一小时相关块,5.0,18,34039.8007299405,-3.0949112083453647,46905.04728614745,27.428277553419,-2.482506217788305,8.36933838001285,1138.5479134460468,2588.9104236888725,False,,,170.70629088033917,9.777068044058979e-12
一小时相关块,5.0,19,35864.2603390848,2.098991712050054,48520.09912044533,26.08370347707643,0.8212568423546118,5.94729839091642,2078.1737432105347,1520.3507432919703,True,36477.3545613405,1.7094851990786766,0.0,2.9558577807620168e-12
一小时相关块,5.0,20,35272.87017388748,0.4154120423679551,48404.13102488441,27.12838878203637,1.0606366108738774,5.519087573483733,1923.0902560774055,1402.2243590759958,False,,,60.20129056886249,2.9558577807620168e-12
一小时相关块,5.0,21,35348.15239715757,0.6297267673071296,48012.66679927491,26.377444217092727,1.55746614388943,6.0130711992133365,1871.1208406419557,1029.3607002251433,False,,,144.74077056743997,2.7284841053187847e-12
一小时相关块,5.0,22,35428.36015260458,0.8580635817625443,48579.121843677756,27.070809829356058,-0.09583707158211663,5.318593809079605,1423.3108185204355,1485.362118984603,False,,,0.13776341165714712,3.410605131648481e-12
一小时相关块,5.0,23,35136.50144509648,0.0271952053559366,47922.449004365,26.680496979826543,0.18704390642305668,5.972362328490097,1563.7514056895004,1463.8237143743913,False,,,212.94868970515842,5.9117155615240335e-12
一小时相关块,5.0,24,34518.3348796472,-1.7326119800076785,47657.89521429291,27.57058463359304,-1.1264607500353963,3.609584493349398,804.1833473702811,1501.6165853784737,False,,,228.06025119667294,9.094947017729282e-13
一小时相关块,5.0,25,35454.45822110763,0.9323600109820531,47821.36430582304,25.860630001326697,1.4703250738289375,10.122121090951815,1985.0101872253722,1143.9399209406142,False,,,133.4593536681935,5.6843418860808015e-12
一小时相关块,5.0,26,35847.94788675764,2.052553142867043,48515.21030611839,26.109878406037218,1.7957146982521044,5.206784737154605,2356.7807699489035,1227.1811440871388,False,,,43.08077980144464,4.547473508864641e-12
一小时相关块,5.0,27,34923.606822490125,-0.5788768592430978,47780.57640295355,26.90836015044112,0.24470665163807137,4.0548961989310754,1257.6015874679658,1150.9391096961067,False,,,210.74293486144757,9.094947017729282e-12
一小时相关块,5.0,28,35216.09024543087,0.2537699677763641,48260.329497291576,27.028906324795745,0.2045727366264849,6.835851019966492,1284.7468565486404,1247.657439152717,False,,,121.72247215083252,1.3642420526593924e-12
一小时相关块,5.0,29,35755.431056305926,1.7891746424823423,48987.62084737998,27.011292980115716,0.6112679909058727,5.370234606894049,1823.5260206599305,1475.994453678768,True,36293.24115381572,1.5041354043889836,0.0,2.5011104298755527e-12
一小时相关块,5.0,30,34499.3189378369,-1.786746889439248,47648.87776043071,27.596785990862653,-1.5415395071514904,4.217559604937439,1164.9386467355725,2127.2551854649882,False,,,156.65361644103422,1.5916157281026244e-12
一小时相关块,5.0,31,34385.24518493956,-2.1114940065277144,47058.625120200144,26.931045908989965,-2.1650581658085755,6.223872270232853,927.759057411114,2064.1232444042253,False,,,46.6845946229345,9.549694368615746e-12
一小时相关块,5.0,32,35027.17427418868,-0.2840392606802463,47811.91038253694,26.739647100605755,-0.8861565203762467,5.695407236445152,1237.3308111566273,1645.1021318431463,False,,,40.26435778171596,9.094947017729282e-13
一小时相关块,5.0,33,34888.94460369349,-0.6775538584668106,48056.55767483109,27.40024194041252,-1.528206320368497,9.442065331106388,1305.059476729368,2131.254462438944,False,,,71.61388765118917,5.4569682106375694e-12
一小时相关块,5.0,34,35872.93801677736,2.123695473801615,49017.98902283589,26.816789648254797,2.2200468580205523,10.577518523196286,2576.1050344005057,1376.173801572627,False,,,110.87978314609141,2.5011104298755527e-12
一小时相关块,5.0,35,35754.444688693344,1.7863666342382036,48734.64495720866,26.634441022218482,1.7374884720285921,5.8367513688340384,1844.198911779628,873.2706472607326,True,36080.57013759772,0.9121256161125878,0.0,5.229594535194337e-12
一小时相关块,5.0,36,34174.48119043639,-2.711500562484106,47280.42424058203,27.719596980469706,-2.5088841910010373,5.419451329172358,782.2189618153272,2220.745196335536,False,,,258.8858537651681,4.320099833421409e-12
一小时相关块,5.0,37,34903.88055168786,-0.6350339454372201,47728.921738498255,26.870586469724692,-0.6770637905371357,6.668741358151307,1074.9606068736712,1411.6378108585002,False,,,114.75504280137964,3.865352482534945e-12
一小时相关块,5.0,38,34870.87779852003,-0.7289867494348191,47504.730944095936,26.59493674523398,-0.4456428622357067,6.374263149539136,1740.2977996151608,1963.5616327026905,False,,,139.83885608303243,2.0463630789890885e-12
一小时相关块,5.0,39,35140.34557666046,0.038138745052000766,48138.33834063655,27.00133243486653,0.4386600452142675,4.94393999694419,1152.3667167948931,970.7623104751196,False,,,126.46104612901513,2.5011104298755527e-12
一小时相关块,5.0,40,34978.29025290474,-0.4232031312503293,48293.38666234489,27.571262505435634,-0.8616343595103326,5.421854952461769,1556.6074495243097,2114.06092932073,True,35611.00117058765,1.8088674806807283,0.0,1.0231815394945443e-12
一小时相关块,5.0,41,35253.50054794976,0.36027025889374464,48105.037259338395,26.71557376019665,0.7786915595101362,5.6823826160670245,1888.0145143051375,1516.8762604032272,False,,,56.650606887267415,7.503331289626658e-12
一小时相关块,5.0,42,35232.22261250239,0.2996958671636148,48230.83968687375,26.950841326341237,0.5813401054731271,4.876799304759992,1856.0887148826512,1585.9224138637835,False,,,212.16214384666938,2.0463630789890885e-12
一小时相关块,5.0,43,35726.09370681999,1.705656572579377,48836.16575187863,26.845006857554782,2.224535821694329,8.72840837223502,2504.3213371644033,1312.9425471771503,False,,,314.62386110135003,9.094947017729282e-13
一小时相关块,5.0,44,34221.2018939549,-2.578495262048025,47496.76281568221,27.9504541672555,-2.202543722465067,4.829719317164282,717.645794701405,2069.9246348310244,False,,,246.34880767983284,2.2737367544323206e-12
一小时相关块,5.0,45,35822.41046969562,1.9798527857898098,48720.951629452546,26.474321063875863,1.2533030243913723,4.755344608830601,2017.316788431971,1303.855083581865,True,36321.660490859525,1.3936807004828768,0.0,5.229594535194337e-12
一小时相关块,5.0,46,34387.38665292758,-2.1053976387149365,47554.70827889674,27.688786457790968,-2.9978774580879053,7.965011399850466,948.6004406255594,2655.409534334899,True,35015.60647506423,1.8268902736846173,0.0,4.774847184307873e-12
一小时相关块,5.0,47,35376.77143627427,0.7111999389257863,47812.06532020533,26.008694250394402,0.3945912906353044,5.235722615027519,1824.230626475384,1491.3735829790276,False,,,35.61852104632048,1.1368683772161603e-12
一小时相关块,5.0,48,35776.04943647223,1.847871400921313,48316.23055201754,25.95438628442771,1.2430383597335837,6.242995116711427,2081.8178531859994,1248.837536349861,False,,,18.597648557071807,9.094947017729282e-13
一小时相关块,5.0,49,34888.39543636713,-0.6791172374344092,47900.70957420016,27.165180335536416,-1.0697088752996464,4.008552011760905,1108.2313693562105,1705.7552478240368,False,,,65.63862454497371,1.318767317570746e-11
一小时相关块,5.0,50,34794.675782203354,-0.9459199570013181,48157.397752626435,27.74801503823843,-1.2373313219325333,5.287079279608351,871.8777583934477,1644.1890268363802,False,,,37.174393466912946,4.547473508864641e-12
一小时相关块,5.0,51,35168.3661088902,0.11790807699536034,48044.08365369325,26.799798363545776,0.427950518460829,5.288556952106591,1321.584054798367,1142.2745657405421,False,,,195.59271742694568,1.0459189070388675e-11
一小时相关块,5.0,52,35107.70105029411,-0.0547942527404927,48153.516183833424,27.0921340068603,-0.1301868791009353,5.555248991017734,1502.6049836419616,1567.4604092434183,False,,,215.96960806675324,2.0463630789890885e-12
一小时相关块,5.0,53,34918.79472478666,-0.5925760215539413,47685.79551372821,26.773173544449044,-0.4985902238642148,6.253334217384197,1747.2882710697681,1969.1355702142646,False,,,76.141665019035,7.275957614183426e-12
一小时相关块,5.0,54,35401.86004212998,0.7826226125599413,48285.29100956993,26.681895662359196,0.9449041716084183,5.338539874735663,1795.1183536751953,1298.5709216975868,False,,,183.48614361773627,9.094947017729282e-13
一小时相关块,5.0,55,35446.76421246004,0.9104565751460594,48597.48311985001,27.060493801619245,0.13806586900422246,4.6420618525904285,1337.0602329451638,1284.2993105662883,False,,,153.18248938175844,1.3642420526593924e-12
一小时相关块,5.0,56,34111.9144412515,-2.8896166576184052,46621.69689923065,26.832533541235357,-2.2683649941676154,6.105361729829691,844.5264224067888,2062.2114057780823,False,,,184.40222178375268,1.1368683772161603e-12
一小时相关块,5.0,57,34967.50520919211,-0.4539061787471754,47759.71771720542,26.784522856182882,-0.24715651826385798,5.782007095237398,1667.4300459461278,1841.4225604911405,False,,,240.74541656351533,9.094947017729282e-13
一小时相关块,5.0,58,35007.004540796814,-0.3414588037836049,47780.24880250034,26.733314668372138,-0.7910366035599359,6.600711936938811,1287.7118788520168,1648.2462256075246,False,,,84.65621855334268,7.048583938740194e-12
一小时相关块,5.0,59,34774.460018673926,-1.0034705394901051,47750.37189077525,27.174472906268818,-0.6626632868334092,7.495414024994378,1651.6548396499634,2053.7888063146356,False,,,152.84314796985677,1.2505552149377763e-11
一小时相关块,5.0,60,35081.93388231979,-0.12814866865705973,47837.795589447676,26.66481920822799,-0.40927171531296436,4.658598389382105,1204.6226672992675,1349.3886392390882,False,,,28.23539583927004,6.59383658785373e-12
一小时相关块,5.0,61,35383.85992468667,0.7313795693664042,48848.880823144216,27.56464564092515,-0.13104405047047463,9.542984620008935,1798.2845428607989,1898.6396727569154,False,,,55.341696639439874,8.952838470577262e-13
一小时相关块,5.0,62,34676.33904380498,-1.2828030143607738,48058.2639622571,27.845210823598844,-1.3515975567246596,6.3517177934806766,1149.1651202641444,1989.500217597304,False,,,31.710425616719647,7.048583938740194e-12
一小时相关块,5.0,63,35124.1969862703,-0.00783333915712857,48065.21961273873,26.923881198784063,-0.6239058556521737,5.855307823899542,1352.0495005033736,1695.0391138041246,False,,,32.30243439162493,5.6843418860808015e-12
一小时相关块,5.0,64,35623.08814596411,1.41241857450867,48928.70533237954,27.193887710758975,0.4085805916730578,7.105746304517975,1789.2000973498511,1620.7204053634887,True,36212.597683582004,1.654852423805605,0.0,7.048583938740194e-12
一小时相关块,5.0,65,34761.4302142548,-1.0405640102830478,47651.84401346654,27.051238133762208,-0.9058662248952909,5.454175631800393,1171.313241893847,1735.6983232354683,False,,,144.62051746330212,1.4551915228366852e-11
一小时相关块,5.0,66,35355.99455340362,0.652051952268423,48068.5708033437,26.44675312263658,1.3920520328395636,5.4596484828143605,1532.0144974763114,774.6536677170178,False,,,93.49165789105615,4.320099833421409e-12
一小时相关块,5.0,67,35770.22389752752,1.831287156695691,48580.822050920324,26.369661139050486,1.545604347967977,10.202829489457628,2689.74530130291,1913.0905186929444,False,,,177.96267815194832,5.4569682106375694e-12
一小时相关块,5.0,68,35066.78927338675,-0.17126260122718998,48735.79900501565,28.04716452934763,-0.8064911337863245,5.287006094808117,1291.116626032321,1863.811399682867,False,,,2.286174239366801,9.549694368615746e-12
一小时相关块,5.0,69,35409.01747173698,0.802998505976279,48517.370511708956,27.017855464381494,0.6459639635974179,3.214513350006173,1351.7476171624567,999.2970751620121,False,,,25.838529285221767,9.094947017729282e-13
一小时相关块,5.0,70,35220.72066538135,0.2669519267426912,47949.44621450917,26.546136721129002,0.6159912487603725,6.209753911936971,1727.6951849921188,1412.8903708324688,False,,,136.72312880724908,9.094947017729282e-13
一小时相关块,5.0,71,35194.997578315546,0.19372300111286167,48227.08327170466,27.022338506287348,0.6397986228280361,4.951294766851977,1585.198242897992,1289.3792830404777,False,,,61.39541990502258,4.774847184307873e-12
一小时相关块,5.0,72,36390.659632190866,3.5975542519135626,49242.966529134406,26.099781964475117,3.4558292227317544,8.958001504509273,2780.519026339185,857.6220735741083,False,,,114.65839137341911,3.637978807091713e-12
一小时相关块,5.0,73,34306.69470185492,-2.3351128695855454,47109.555893138546,27.17678175596716,-1.9755283359180753,5.876495601186416,1050.6902712356314,2116.6444361183485,False,,,189.5562058842719,2.0463630789890885e-12
一小时相关块,5.0,74,35345.95331420004,0.6234663802105359,48196.88316359244,26.663404365326056,0.35786558706689675,6.310833038519072,1608.1879140311676,1388.8154264606278,False,,,63.19326458918948,2.9558577807620168e-12
一小时相关块,5.0,75,35982.41875954744,2.4353671308503966,48559.74304197401,25.90072248025488,2.12119023797277,6.676385588520393,2423.2041650152673,1183.7464482288979,False,,,99.99449620454959,6.139089236967266e-12
一小时相关块,5.0,76,35133.961848943705,0.019965439452424592,47944.012046786396,26.718769771169633,-0.3386952675458299,10.146260260876119,1694.4928219418355,1752.804562887019,False,,,62.614684976399914,6.366462912410498e-12
一小时相关块,5.0,77,35523.23770921897,1.1281626378937886,48388.26267212438,26.58707763508261,1.214461241970266,5.8784619574908135,2096.870045911757,1452.208712452104,False,,,66.92005873931953,7.958078640513122e-12
一小时相关块,5.0,78,34847.21236470651,-0.7963579124797016,47689.38473625803,26.92878602350194,-1.3933047345632499,10.212529527124127,1363.4535085084956,2026.8613000489013,False,,,190.1960177386702,2.2737367544323206e-12
一小时相关块,5.0,79,35098.69412928657,-0.080435310010487,48169.4404631151,27.13493494664366,-0.4904706164327699,3.1265357532361713,1225.8988491637856,1560.0216788793018,False,,,4.680848189917244,3.410605131648481e-12
一小时相关块,5.0,80,35316.38933612027,0.5393031401380336,48001.48232551516,26.426460965044267,0.3694519359876969,8.388629189559424,1964.5923014953325,1699.5588885147936,False,,,145.37976492821724,9.094947017729282e-13
一小时相关块,5.0,81,35987.89926606306,2.4509691308366084,48456.15628616158,25.731007111802807,2.528545090609957,8.170311923449924,2333.526578568726,886.623897464425,True,36664.076094591626,1.8789005257836946,0.0,4.547473508864641e-12
一小时相关块,5.0,82,35227.91982873232,0.2874466284974594,47815.047583004154,26.32461618368424,0.002769084537557198,7.158245444979419,2033.8003518948667,1874.5215741638267,False,,,196.2211313513406,4.547473508864641e-12
一小时相关块,5.0,83,34468.445164643475,-1.8746388767155004,47542.69023969026,27.500011061914957,-1.2439548892641428,4.66721940221862,1163.8917192691927,1866.5783646987725,False,,,203.16922179233592,2.0463630789890885e-12
一小时相关块,5.0,84,35956.76083188822,2.3623237021372554,48818.264763060455,26.34568023586166,2.2718448011936454,7.313517164573856,2573.0838652554903,1313.696010040503,False,,,131.3709771208563,5.9117155615240335e-12
一小时相关块,5.0,85,35808.17157271072,1.9393172495343607,48930.87640600922,26.818863256017412,1.450964471129379,3.343194729425426,1738.360764688543,891.967495180183,True,36236.92657037846,1.1973663519711595,0.0,6.59383658785373e-12
一小时相关块,5.0,86,33070.68805086704,-5.853797811701119,46676.56465695363,29.14926731665473,-5.715860531075945,13.474208356172166,638.1597442192817,4010.1256065414095,False,,,234.93174421901708,6.821210263296962e-12
一小时相关块,5.0,87,36559.94546097733,4.079480054002415,49496.77989522066,26.13671932119465,3.6287041094289707,8.639233475252862,2769.19114176142,751.4741806154283,False,,,36.77024648798395,4.774847184307873e-12
一小时相关块,5.0,88,34929.816234647704,-0.5611997981683856,48190.8121646129,27.51768508210141,-1.616949059654138,7.145114717531113,1176.802413094152,2101.6003693285284,True,35375.53000060715,1.2760266557524302,0.0,9.094947017729282e-13
一小时相关块,5.0,89,35425.12471466191,0.8488528815119275,48034.191974736634,26.250191252735974,2.1308722525113843,7.801258040447475,2566.4941529653975,1394.1695939238443,False,,,153.3646828512038,5.4569682106375694e-12
一小时相关块,5.0,90,33672.344030637294,-4.140993244946281,46668.3294631178,27.84754796665969,-3.6425586024251055,6.321016415315395,531.510523507807,2598.0061920668804,False,,,240.17615124593044,1.2505552149377763e-12
一小时相关块,5.0,91,34271.294409037335,-2.4358910305963746,47151.66019868802,27.316887115692857,-2.5599006417857284,6.368703231578858,1009.6198322710816,2455.50794248312,False,,,58.19173635697749,7.958078640513122e-12
一小时相关块,5.0,92,35787.773459488315,1.8812475508107442,48733.24315375097,26.563940457277464,1.3815445390699788,6.889559607652552,2454.5493317424657,1674.4338036064937,False,,,60.42037913351999,2.2737367544323206e-12
一小时相关块,5.0,93,34322.98726860908,-2.2887309109929523,47529.998665148436,27.786685814118165,-1.8809329204554026,7.720542355316639,1285.2066621937215,2414.769402859225,False,,,185.85069049914102,3.410605131648481e-12
一小时相关块,5.0,94,35774.87950459559,1.8445408187805572,48408.8770286902,26.098513949428927,1.4644483826397492,5.583606282300642,2353.3814841547105,1435.1556460932936,True,36485.49932220031,1.986365369905531,0.0,5.4569682106375694e-12
一小时相关块,5.0,95,34919.762585662116,-0.5898206986066064,47414.866425650675,26.35271336170824,0.5734236530184011,6.028869322816233,1893.1054546264047,1572.031895949198,False,,,245.48641027309088,1.1823431123048067e-11
一小时相关块,5.0,96,34693.56673905982,-1.2337589159070217,47247.97149858062,26.57130954267095,-0.3597971602695038,9.56094624626943,1735.5691939333003,1967.598326550246,False,,,236.54999815230613,3.183231456205249e-12
一小时相关块,5.0,97,35859.14360218203,2.084425297639442,48616.26281345733,26.240435757526065,1.9451539291898134,5.9116142500727635,2378.078932690386,1252.188939359903,False,,,71.79000247722047,8.640199666842818e-12
一小时相关块,5.0,98,35184.11609363481,0.16274540381323066,47913.41254119672,26.56729248123802,1.075450313296078,5.637662918403819,1969.3353567914323,1375.3850289386442,False,,,199.37692826890188,1.2505552149377763e-12
一小时相关块,5.0,99,34598.11080344929,-1.505504511288609,47977.558102467556,27.88688676160477,-2.3151146247000653,8.377749858296433,752.9529773475383,2071.7360038307525,False,,,98.11973790199465,5.9117155615240335e-12
一小时相关块,5.0,100,35251.63173678052,0.35495009519104226,47874.17279585381,26.366076575147595,0.5058721262193089,4.826226906858903,1867.4371127106767,1525.6114474921828,False,,,183.48798911666916,2.2737367544323206e-12
一小时相关块,10.0,1,36633.94835558141,4.290152764143749,49073.61412980981,25.348990480552185,4.114395996330189,14.8116187338727,4474.686004511626,2105.287992365704,False,,,379.778494300099,5.9117155615240335e-12
一小时相关块,10.0,2,36260.95616483595,3.228312195524024,49431.30849931532,26.643746108120503,2.933666007313196,7.466462411308248,2973.3137226247063,1367.4380554881352,True,36757.11649831672,1.368304606269366,0.0,7.73070496506989e-12
一小时相关块,10.0,3,38624.32820308226,9.956400266043481,50524.72244610029,23.553606367087628,9.435531040059274,22.87434502077344,7437.807756432595,2075.173129887565,False,,,39.281822154101775,6.59383658785373e-12
一小时相关块,10.0,4,35847.5522099924,2.051426723462513,49233.29536638169,27.18839569193162,1.1542653477489395,6.773037796379124,3219.1921651577186,2648.224402702209,False,,,278.21864720680725,8.412825991399586e-12
一小时相关块,10.0,5,33886.0483817394,-3.5326160313717843,47570.030503287,28.7659729808289,-3.878242466210813,13.825976185505677,1690.6969217566798,4045.8365566431053,False,,,387.04193799407545,3.637978807091713e-12
一小时相关块,10.0,6,36192.43313466408,3.033239657474832,47902.98002566735,24.446384932061694,4.398380553812764,17.3553857961781,4948.7276377246835,2378.2961228777212,False,,,535.4589474723238,7.275957614183426e-12
一小时相关块,10.0,7,33723.79691695442,-3.994516285321699,45925.591647026326,26.568617392786418,-2.9200806086208786,11.398935252173933,1970.6496429527983,3533.424151499088,False,,,441.3984423402932,3.410605131648481e-12
一小时相关块,10.0,8,33450.46712750645,-4.7726362198653565,47062.84516827937,28.923831511036106,-6.057231263624486,18.749258886895255,2766.983585946797,6364.2621410489955,False,,,19.589306283947913,7.73070496506989e-12
一小时相关块,10.0,9,34456.136037937824,-1.909680709827929,45700.63068276522,24.60468154779308,0.028157020851504733,12.52393656195719,4156.432574856956,3898.668919318545,False,,,343.77033786467905,1.5916157281026244e-11
一小时相关块,10.0,10,35406.13636147861,0.7947965118570699,47902.60244592189,26.08723836779174,1.4147778966026925,8.021364487791024,3576.844826315335,2750.7205013284365,False,,,256.0027689357683,2.2737367544323206e-12
一小时相关块,10.0,11,36699.91122423188,4.477936990445167,50095.430416728675,26.74000219393972,2.777246976560166,14.887187409026204,5087.068721010455,3547.6940541276954,True,38302.801676815325,4.367559482065183,0.0,1.8189894035458565e-12
一小时相关块,10.0,12,35833.894701919635,2.0125462951379203,48444.345838469606,26.03080074318193,1.7033563719548894,11.106457221020678,3533.8543763185125,2426.257436274,False,,,13.596775615536558,2.0463630789890885e-12
一小时相关块,10.0,13,34549.90541045793,-1.6427364511911111,47733.88086738653,27.619743497404066,0.40505841311708757,10.449386841189217,2895.10566478133,2776.9174697760695,False,,,592.531678024256,6.59383658785373e-12
一小时相关块,10.0,14,35921.30265906294,2.261380767327374,48024.36157340332,25.20191527344167,3.8505812911981296,10.485039705323443,4280.66707546915,2010.5716279580442,False,,,462.0113885155689,2.5011104298755527e-12
一小时相关块,10.0,15,34552.1581878758,-1.6363232057835309,47071.57158471843,26.59654856500904,-1.280905233267493,8.963654607850687,2656.5917129818226,3283.071006282096,False,,,178.3336542219862,9.777068044058979e-12
一小时相关块,10.0,16,36256.32304833837,3.2151225599811317,49232.06227374099,26.35627805565951,2.2627876900853217,9.789010039574173,3432.5133859531525,2084.8371629329376,False,,,144.39369902039377,5.229594535194337e-12
一小时相关块,10.0,17,37511.95655029663,6.789681558207509,50442.40028253526,25.634077006275124,5.810705278708661,13.416544033883625,5659.328966685944,2327.3626085925903,False,,,51.16110566550836,9.094947017729282e-13
一小时相关块,10.0,18,32999.61156599615,-6.056139568401054,45886.75770571659,28.084673627125664,-4.914388026053662,15.72696452960371,2277.095826892094,5177.82084737775,False,,,344.5679484273447,2.7284841053187847e-12
一小时相关块,10.0,19,36607.335115877984,4.21438973671141,48988.69606240411,25.273914069388912,1.6427350063060064,11.894246100064324,4156.3474864210675,3040.701486583944,True,37827.76052339136,3.333827506564463,0.0,7.503331289626658e-12
一小时相关块,10.0,20,35456.98371979709,0.9395496439851209,48788.52248056662,27.32515371023939,2.0255791944378876,10.88654895584907,3846.1805121548095,2804.4487181519953,False,,,123.55794780439153,5.002220859751105e-12
一小时相关块,10.0,21,35595.038279714936,1.3325657339754593,48006.399610763154,25.853555841887296,3.1065906288329392,10.763235785256809,3742.2416812839074,2058.721400450288,False,,,292.77529113488094,1.5916157281026244e-12
一小时相关块,10.0,22,35772.26138989747,1.8370875249348793,49240.83689152535,27.352450429098838,-0.13837807189008844,11.157756669041236,2846.6216370408674,2970.7242379692107,False,,,0.3058025647770217,6.59383658785373e-12
一小时相关块,10.0,23,35156.039264774474,0.08281580565592414,47817.33201228054,26.478459200221305,0.38398511090271814,13.736261682561716,3127.5028113790004,2927.6474287487854,False,,,429.1911294103172,9.549694368615746e-12
一小时相关块,10.0,24,33914.393576596325,-3.45192244429061,47285.629220239156,28.277588485424417,-2.2440241625603985,7.205071247939941,1608.3666947405588,3003.23317075695,False,,,456.25888572667964,8.640199666842818e-12
一小时相关块,10.0,25,35835.954568506655,2.0184103586821758,47811.372724559755,25.047216747034675,3.018936469073097,17.47615154195321,3970.020374450737,2287.8798418812285,False,,,267.05709066971934,4.320099833421409e-12
一小时相关块,10.0,26,36607.233373730756,4.214100095420934,49081.984566566825,25.41615075877249,3.6273549019981255,9.871297381491976,4713.561539897812,2454.3622881742776,False,,,89.31692626955618,4.092726157978177e-12
一小时相关块,10.0,27,34723.18489027383,-1.1494414548264167,47520.65529876464,26.930332353441894,0.49424703499174605,8.117451395498021,2515.203174935925,2301.8782193922198,False,,,421.6701363895626,8.242295734817162e-13
一小时相关块,10.0,28,35335.78412595039,0.5945165606129098,48585.89611756886,27.271519207046534,0.4108651513610395,11.855246103181528,2569.4937130972785,2495.314878305434,False,,,246.73869430166525,5.9117155615240335e-12
一小时相关块,10.0,29,36397.18737331757,3.6161375373596365,49956.3077069733,27.14195855544192,1.2358171799174311,10.826291780981476,3647.052041319866,2951.9889073575378,True,37459.53377791676,2.9187596110187055,0.0,9.094947017729282e-13
一小时相关块,10.0,30,33873.894385592386,-3.567216236148061,47245.708930014756,28.302706948963532,-3.0830790195844227,10.210974149331095,2329.8772934711433,4254.510370929977,False,,,313.4456162154023,2.2737367544323206e-12
一小时相关块,10.0,31,33674.05302697857,-4.136128044838045,46133.72110751177,27.007724027933318,-4.245896610202015,14.090153732876638,1855.5181148222277,4128.246488808459,False,,,96.52455591253589,3.637978807091713e-12
一小时相关块,10.0,32,34941.33419471634,-0.5284102718134784,47659.64036859672,26.685694804907847,-1.7371519639290844,11.335102183667239,2474.6616223132532,3290.2042636862952,False,,,83.68408223009858,4.092726157978177e-12
一小时相关块,10.0,33,34668.23773963809,-1.3058659460697237,48095.18394127318,27.917444328792076,-2.825377370741411,18.384770685425565,2610.1189534587365,4262.508924877888,False,,,143.36615863571146,2.7284841053187847e-12
一小时相关块,10.0,34,36815.90712787658,4.808156119262527,50161.21275095678,26.60483048792646,4.224236148711125,17.899189278921657,5152.2100688010105,2752.3476031452547,False,,,224.91493295884996,9.777068044058979e-12
一小时相关块,10.0,35,36391.97225501312,3.60129104908666,49425.387216686075,26.36987931836143,3.4670310460690024,7.892891158263845,3688.397823559257,1746.5412945214675,True,37034.19174548077,1.764728457054654,0.0,4.320099833421409e-12
一小时相关块,10.0,36,33239.07213695554,-5.374439106197425,46552.30291070169,28.59843647108946,-5.0010026463897965,10.812290095415172,1564.4379236306518,4441.490392671073,False,,,521.0654575303354,9.094947017729282e-13
一小时相关块,10.0,37,34691.30815003086,-1.2401887059087677,47431.732844636506,26.860550796946708,-1.3447494892558032,9.770913579222071,2149.921213747345,2823.275621716994,False,,,229.6484689360933,3.183231456205249e-12
一小时相关块,10.0,38,34661.1318688707,-1.3260950608967688,47137.07101125909,26.46736183376435,-0.8195281436121138,12.86222543971879,3480.595599230318,3927.12326540538,False,,,282.9714621660654,1.4551915228366852e-11
一小时相关块,10.0,39,35192.55459515541,0.18676827473453123,48412.65263197714,27.307113570739755,0.9274038405714835,9.931843287445496,2304.733433589786,1941.5246209502454,False,,,256.2158422580313,1.5916157281026244e-11
一小时相关块,10.0,40,34837.50270376981,-0.8239995418380123,48562.23707076419,28.262154288722108,-1.7122117221466615,10.861229601485446,3113.2148990486185,4228.121858641463,True,36095.05374188567,3.6097622978577593,0.0,1.8189894035458565e-12
一小时相关块,10.0,41,35422.42112374335,0.8411562524952533,48278.32441351292,26.628727168856035,1.538923043216478,12.976231935850603,3776.0290286102745,3033.752520806455,False,,,116.45658044120171,1.3869794202037156e-11
一小时相关块,10.0,42,35344.102057121156,0.6181961897934891,48429.70646872939,27.01978881506847,1.1704254192864472,11.646362341608889,3712.1774297653046,3171.8448277275647,False,,,424.4626710266723,7.73070496506989e-12
一小时相关块,10.0,43,36391.40570043918,3.599678171804314,49624.27588116906,26.66612246880435,4.24688790157739,13.107576564726521,5008.642674328798,2625.8850943542984,False,,,629.3861055360339,5.002220859751105e-12
一小时相关块,10.0,44,33326.349493089794,-5.125976431201454,46968.98299935734,29.046048338866974,-4.3950498551928,9.643534177773992,1435.2915894028076,4139.849269662046,False,,,492.83599869300036,1.000444171950221e-11
一小时相关块,10.0,45,36539.78151033573,4.022076973331722,49485.46520108913,26.160577935657113,2.5445415761909063,9.667889184953097,4034.633576863942,2607.710167163732,True,37516.37238242942,2.6726784663927243,0.0,1.2278178473934531e-11
一小时相关块,10.0,46,33660.41791316854,-4.174944720791232,47074.065614393476,28.494772070682483,-5.887783591568041,14.090002021144501,1897.2008812511172,5310.819068669798,True,34904.26442041378,3.695279453909071,0.0,1.0913936421275139e-11
一小时相关块,10.0,47,35634.08438392078,1.443722853403233,47610.657978806084,25.155236460325085,0.8047127288071776,10.426378735641563,3648.4612529507713,2982.7471659580565,False,,,71.37542542597521,2.0463630789890885e-12
一小时相关块,10.0,48,36450.60843631916,3.7682175361406163,48710.28462675967,25.16855790184704,2.536802159912921,12.405616371898578,4163.635706371998,2497.6750726997234,False,,,37.19529711414418,2.5011104298755527e-12
一小时相关块,10.0,49,34653.944577763206,-1.3465559645450929,47749.37255755366,27.42534043563853,-2.1394177558806238,8.08992493188326,2216.46273871242,3411.5104956480745,False,,,131.27724908994742,7.275957614183426e-12
一小时相关块,10.0,50,34472.08112741769,-1.8642879555020175,48295.4664694996,28.62253199440966,-2.4617389054966687,12.436449806668072,1743.7555167868943,3288.3780536727645,False,,,77.6425369338267,3.865352482534945e-12
一小时相关块,10.0,51,35242.90689558757,0.33011206757732797,48159.59049929553,26.820584373317924,0.861488011421363,10.06728375330716,2643.1681095967324,2284.5491314810847,False,,,391.3238181872248,6.139089236967266e-12
一小时相关块,10.0,52,35122.96933498702,-0.011328237895075723,48429.90075290334,27.476685293678983,-0.19126813873360238,11.362416472296639,3005.2099672839217,3134.92081848684,False,,,435.2329661335075,9.094947017729282e-13
一小时相关块,10.0,53,34724.112359175444,-1.1468011204432722,47358.2102662534,26.677735150985608,-0.9818392530376308,12.58927445943235,3494.576542139538,3938.27114042853,False,,,162.17243801247406,3.410605131648481e-12
一小时相关块,10.0,54,35721.803442639066,1.6934429748943973,48679.16173085669,26.617874728118483,1.9533427492779865,10.777749355159795,3590.236707350389,2597.1418433951767,False,,,370.1276539021398,2.9558577807620168e-12
一小时相关块,10.0,55,35768.74947389866,1.8270897422100771,49161.67004916484,27.24260701858256,0.2837545766339655,7.520347153973799,2674.120465890326,2568.5986211325785,False,,,306.50336209685105,2.0463630789890885e-12
一小时相关块,10.0,56,33107.72980670085,-5.748346705610552,45220.635690190335,26.786235307428733,-4.526075780769922,13.969696909655871,1689.052844813576,4124.422811556164,False,,,372.0981935675056,1.659827830735594e-11
一小时相关块,10.0,57,34814.28611329927,-0.8900929299525988,47484.871376408744,26.683414940035885,-0.48799166726555265,12.546012484244704,3334.8600918922557,3682.8451209822797,False,,,484.7845831270317,1.5916157281026244e-12
一小时相关块,10.0,58,34894.24680962151,-0.6624594476527541,47553.25779782678,26.620701870784966,-1.5641104707747377,11.39710731655273,2575.423757704032,3296.4924512150487,False,,,169.31243710668548,6.139089236967266e-12
一小时相关块,10.0,59,34466.83884273425,-1.8792117814888383,47679.4301654983,27.711302918055676,-1.2343005262977047,12.841620342981818,3303.309679299926,4107.577612629273,False,,,308.8416626063805,2.5011104298755527e-12
一小时相关块,10.0,60,35042.11306681352,-0.2415112495077996,47629.678864593836,26.42798796432249,-0.8163253632223366,9.290380175761385,2409.245334598535,2698.7772784781746,False,,,56.47079167854099,2.7284841053187847e-12
一小时相关块,10.0,61,35679.92353451842,1.574218533858001,49816.048260609234,28.376648127805417,-0.19353316063969173,17.201489861649385,3596.569085721593,3797.2793455138317,False,,,110.68339327888009,2.0463630789890885e-12
一小时相关块,10.0,62,34231.102365453626,-2.5503104299077113,48091.56787760518,28.820989050361074,-2.6922380880563312,10.913773742078147,2298.3302405282893,3979.0004351946072,False,,,66.57621790010585,9.094947017729282e-12
一小时相关块,10.0,63,35135.29032573197,0.023747369967994546,48102.17651397939,26.95696354712557,-1.2386001807473401,11.849657857853488,2704.0990010067517,3390.078227608252,False,,,71.44871646752128,3.637978807091713e-12
一小时相关块,10.0,64,36136.43777769252,2.8738311144489863,49856.69229142577,27.519383824210948,0.8376253634437836,12.634775771597631,3578.4001946997046,3241.4408107269774,True,37298.24676787439,3.215062307273337,0.0,7.275957614183426e-12
一小时相关块,10.0,65,34430.59980275936,-1.982377702298777,47365.71274067562,27.30902205300955,-1.7664810440847112,9.20419678562121,2342.62648378769,3471.3966464709392,False,,,294.17647037916566,6.821210263296962e-12
一小时相关块,10.0,66,35604.94646677422,1.3607725309059668,48113.47818907317,25.99797851475993,2.795265685406023,10.500672544119332,3064.028994952626,1549.3073354340381,False,,,187.1216991154452,9.094947017729282e-13
一小时相关块,10.0,67,36517.569653106,3.9588438770468515,49397.98210877485,26.074774526834013,3.0693624880129944,21.673893634996396,5379.490602605819,3826.1810373858916,False,,,356.06373963722996,1.3642420526593924e-12
一小时相关块,10.0,68,35041.622534309994,-0.24290770585567242,49419.55141918463,29.093604599764003,-1.7184000593851168,11.917147126939648,2582.2332520646437,3727.6227993657294,False,,,4.572348478733943,2.7284841053187847e-12
一小时相关块,10.0,69,35708.65688154406,1.656017119193201,49035.31725207149,27.17767747279017,1.3125302866983768,7.893902369578594,2703.495234324909,1998.594150324028,False,,,51.72294190377789,2.5011104298755527e-12
一小时相关块,10.0,70,35359.78428372123,0.6628406215628676,47982.069739820945,26.30625465834025,1.2858090400757582,12.504795274856958,3455.390369984236,2825.7807416649384,False,,,273.584640947832,4.547473508864641e-12
一小时相关块,10.0,71,35285.628734806894,0.4517333325117619,48418.81560000932,27.12413904069124,1.25528085875799,9.57116721429413,3170.3964857959854,2578.758566080962,False,,,126.08458981004549,1.8189894035458565e-12
一小时相关块,10.0,72,37717.569157492166,7.37502305638619,50506.02066828723,25.320647601177857,6.799184669330938,15.117354502821476,5561.038052678365,1715.2441471482157,False,,,232.61053274683877,9.094947017729282e-13
一小时相关块,10.0,73,33492.01258471222,-4.6543638994321155,46196.26863088542,27.50061081270863,-3.9389162130960442,11.733707342467566,2101.3805424712623,4233.288872236695,False,,,379.2507951018773,1.1368683772161603e-12
一小时相关块,10.0,74,35593.7018494072,1.328761161244199,48432.02826180478,26.50792641389817,0.7514516828861506,9.45441824977301,3216.375828062328,2777.63085292126,False,,,134.91526616587583,1.1368683772161603e-12
一小时相关块,10.0,75,36890.806498547136,5.021380932852153,49282.62309332948,25.1443933317332,4.328429527323552,12.786399186138757,4846.408330030533,2367.492896457797,False,,,199.9889924090994,1.1368683772161603e-12
一小时相关块,10.0,76,35194.59807050499,0.1925856754227896,48035.06944654462,26.731451674758233,-0.3608969056863809,18.122335679268524,3388.9856438836664,3505.609125774032,False,,,128.38473661946682,1.2960299500264227e-11
一小时相关块,10.0,77,35950.77793767478,2.345291496232636,48825.16997362062,26.368350674256025,2.468762027825888,13.595903971764967,4193.740091823512,2904.41742490421,False,,,133.8401174786394,8.185452315956354e-12
一小时相关块,10.0,78,34612.631860379974,-1.4641657172580516,47412.449679774305,26.99674432737571,-2.603752269354609,18.37935901585065,2726.9070170169903,4053.722600097803,False,,,380.53041881067384,2.7284841053187847e-12
一小时相关块,10.0,79,35079.81794951904,-0.13417234246057264,48311.783754354125,27.38869231596638,-0.9711755683556533,8.044399960067432,2451.7976983275694,3120.0433577586027,False,,,12.517063046501384,9.094947017729282e-13
一小时相关块,10.0,80,35546.03182339032,1.193053313230768,48071.191791876496,26.05543882230685,0.7866006193412378,13.830850511254608,3929.1846029906646,3399.1177770295863,False,,,290.8979131897677,2.0463630789890885e-12
一小时相关块,10.0,81,36911.188341473186,5.079404313016925,48997.0105375859,24.66644814348746,5.111356173054293,15.703383531175408,4667.053157137448,1773.2477949288518,True,38201.20365946857,3.494916787997128,0.0,4.092726157978177e-12
一小时相关块,10.0,82,35339.44356140283,0.6049343042495325,47653.27991926944,25.84048019092866,0.03563965277417758,16.044650333161158,4067.6007037897375,3749.0431483276543,False,,,392.58064603601406,2.0463630789890885e-12
一小时相关块,10.0,83,33814.076980084865,-3.737505452526882,47049.8281852018,28.13134864811231,-2.4810106997885772,9.323507357269975,2327.7834385383885,3733.156729397543,False,,,409.632193584672,9.549694368615746e-12
一小时相关块,10.0,84,36830.365415985405,4.849316221934015,49710.672070285844,25.91054620241101,4.593718664951685,14.246728860691736,5146.167730510973,2627.392020081012,False,,,262.7419542417126,1.0231815394945443e-11
一小时相关块,10.0,85,36493.30040809347,3.889753773920094,49813.24353445211,26.739762724236627,2.903367011198932,6.6886680641316465,3476.7215293770805,1783.9349903603666,True,37346.904611042235,2.3390709894779844,0.0,1.1368683772161603e-12
一小时相关块,10.0,86,31118.24672395771,-11.412041282210858,45383.38579450858,31.432513949360207,-11.63236584728693,27.266336825092356,1276.3194884385634,8020.251213082824,False,,,473.1572384380354,5.002220859751105e-12
一小时相关块,10.0,87,38116.2902264492,8.51010903696891,51085.23801323308,25.386879441423787,7.036729364514072,13.166287699330455,5538.38228352283,1502.9483612308586,False,,,73.67887630930191,1.1368683772161603e-11
一小时相关块,10.0,88,34740.428700413104,-1.1003514802431276,48331.16259814522,28.120022708193,-3.1084704261969742,12.325784271793687,2353.6048261883016,4203.2007386570585,True,35624.11147149963,2.543672614713639,0.0,1.2050804798491299e-11
一小时相关块,10.0,89,35783.55662221655,1.869242986110668,48203.19957393243,25.765183766830766,4.336433080739566,16.98370090654618,5132.988305930794,2788.33918784769,False,,,309.8847323690744,6.139089236967266e-12
一小时相关块,10.0,90,32228.64371829364,-8.25094406593177,45310.9478932809,28.872280945875378,-7.178874215062203,12.473691523596765,1063.0210470156157,5196.0123841337645,False,,,487.3761949365794,1.7053025658242404e-12
一小时相关块,10.0,91,33425.206149444886,-4.844549605652789,46267.96945397605,27.757352345678786,-5.113391135016531,14.610018497282756,2019.239664542162,4911.015884966242,False,,,119.53883938062165,7.73070496506989e-12
一小时相关块,10.0,92,36464.04331775093,3.806464187123681,49485.326109431735,26.313422211031945,2.7912372262616225,13.615585565428463,4909.098663484929,3348.8676072129856,False,,,123.99612493370675,7.048583938740194e-12
一小时相关块,10.0,93,33540.88883707252,-4.51522214556714,47089.905928710235,28.772656951469973,-3.729133614306568,13.615358917334706,2570.4133243874426,4829.5388057184555,False,,,374.99513099828323,5.002220859751105e-12
一小时相关块,10.0,94,36462.592787772795,3.802334793492926,48891.6618913867,25.421653964688705,2.9753767703604383,11.1803265835605,4706.76296830942,2870.3112921865877,True,37854.951509107006,3.8185949349194885,0.0,5.229594535194337e-12
一小时相关块,10.0,95,34730.97898194702,-1.1272531009158604,46871.47560933663,25.901673607585913,1.1846335969211141,11.837945655714343,3786.2109092528126,3144.0637918983984,False,,,496.38714680691703,7.958078640513122e-12
一小时相关块,10.0,96,34342.51205460916,-2.2331474151909023,46846.43821294476,26.691305967591106,-0.5592064313940104,17.476155332699356,3471.1383878665984,3935.196653100492,False,,,476.39374630461236,9.094947017729282e-13
一小时相关块,10.0,97,36603.87126932343,4.204528798905307,49237.25797011394,25.658184922602175,3.91226877612596,13.125448490244779,4756.157865380765,2504.3778787198066,False,,,143.58000495444162,5.9117155615240335e-12
一小时相关块,10.0,98,35265.33427088056,0.39395870438266983,47838.23660117664,26.282119123903577,2.1760602043949806,12.58888555036964,3938.6707135828656,2750.7700578772947,False,,,402.047606537805,2.7284841053187847e-12
一小时相关块,10.0,99,34083.44002472023,-2.9706781151793646,47912.80416980907,28.863608350026464,-4.405015649076982,12.647421566336211,1505.9059546950712,4143.4720076615085,False,,,196.23947580399022,5.229594535194337e-12
一小时相关块,10.0,100,35386.65407115973,0.7393339934894196,47734.88003080761,25.868350253899152,1.0270517437854343,11.510968029364314,3734.8742254213494,3051.222894984369,False,,,367.1143615666713,3.183231456205249e-12
一小时相关块,20.0,1,38231.66334993573,8.838555224545987,50403.331288247355,24.148538652542832,8.351546369269292,27.46897695828833,8949.372009023251,4210.575984731409,False,,,819.7473603486933,1.8189894035458565e-12
一小时相关块,20.0,2,37539.72245956247,6.868726025128285,50970.33042462813,26.349854617729108,5.6453271796407245,15.179312486895585,5946.627445249407,2734.8761109762722,True,38387.28439734379,2.2577735855514325,0.0,2.0463630789890885e-12
一小时相关块,20.0,3,42637.725357521485,21.3818081493812,53973.01790259548,21.001776416376558,18.894760396393995,42.097308132585226,14875.615512865184,4150.34625977513,False,,,91.33817205494508,5.4569682106375694e-12
一小时相关块,20.0,4,36614.08736201053,4.233612146860292,50568.37633285535,27.594892268230534,2.352143123086603,16.0062917596667,6438.384330315438,5296.448805404416,False,,,556.5756777469477,2.5011104298755527e-12
一小时相关块,20.0,5,32703.07871358691,-6.900314380713778,47224.687113003936,30.750036235641485,-7.7294281757346095,26.063163117978824,3381.3938435133605,8091.673113286218,False,,,777.377625988151,1.3642420526593924e-12
一小时相关块,20.0,6,37406.50526112436,6.489481018800559,48446.81125726692,22.78850910850513,8.9957230471313,31.653770665471733,9897.455275449363,4756.5922457554425,False,,,1172.2190815368217,2.2737367544323206e-12
一小时相关块,20.0,7,32331.207556934518,-7.95896357024205,43833.14348532706,26.2402716616543,-5.826724256561611,21.10763890826251,3941.299285905602,7066.848302998173,False,,,937.9464606031312,1.318767317570746e-11
一小时相关块,20.0,8,32032.540755232258,-8.809213346017621,47216.07414958557,32.15755157078552,-11.916847702504697,39.455582624935325,5533.967171893595,12728.524282097997,False,,,42.33397923456216,1.1368683772161603e-12
一小时相关块,20.0,9,33934.25121221823,-3.395391386473914,44823.83099909557,24.294174648072943,0.526273304089675,23.866873424805323,8312.865149713914,7797.33783863709,False,,,687.679059062692,1.1141310096718371e-11
一小时相关块,20.0,10,35704.94581043667,1.645452378288077,47838.30466760589,25.363271005265,2.8628969297464835,15.798154063513358,7153.689652630661,5501.441002656877,False,,,576.902154538204,6.821210263296962e-12
一小时相关块,20.0,11,38544.98326220514,9.730519726910275,52616.033694305865,26.742894597210014,5.481515094056677,30.23025466028461,10174.137442020914,7095.388108255392,True,41522.62445858541,7.725106990252505,0.0,5.229594535194337e-12
一小时相关块,20.0,12,36619.03488761168,4.247696847634017,49425.302852493915,25.910347991395376,3.640802736415094,22.011929670783207,7067.708752637025,4852.5148725479985,False,,,27.19355123107323,1.0913936421275139e-11
一小时相关块,20.0,13,34131.2142374885,-2.8346736665343766,47591.79665540776,28.283408830689222,0.5938254327567671,21.122082461872658,5790.211329562658,5553.834939552142,False,,,1214.6662390233284,9.094947017729282e-12
一小时相关块,20.0,14,36760.46602178734,4.650325427158633,48184.171994059536,23.70842021251416,7.7763158235891305,20.281281827619765,8561.334150938299,4021.14325591609,False,,,945.8596161368386,5.6843418860808015e-12
一小时相关块,20.0,15,34021.313543566124,-3.1475408477292692,46428.348431002574,26.722972724034353,-2.4331856748294967,17.89042196953048,5313.183425963642,6566.142012564194,False,,,356.66730844397205,7.958078640513122e-12
一小时相关块,20.0,16,37453.13004142411,6.622213243371571,50711.68035130073,26.144963483815115,4.644560629036021,16.723832939006275,6865.026771906303,4169.6743258658735,False,,,295.3787646373294,3.865352482534945e-12
一小时相关块,20.0,17,40107.877196702735,14.179792996633457,53496.822221186296,25.027552046224436,11.658796524674052,27.640451782203204,11318.657933371886,4654.725217185182,False,,,105.47757799768348,7.73070496506989e-12
一小时相关块,20.0,18,30998.56664630674,-11.752748580804365,44086.82649079269,29.687461961498567,-9.490534954523245,30.947364465927226,4554.191653784184,10355.641694755506,False,,,692.2912635213564,1.3642420526593924e-12
一小时相关块,20.0,19,38118.22399131513,8.515614111969835,50211.510867524375,24.084690277724548,3.3474075474891896,25.46620767996092,8312.694972842133,6081.40297316789,False,,,51.17292272248078,6.366462912410498e-12
一小时相关块,20.0,20,35972.66333543362,2.4075952220942294,49663.057090969494,27.566554613137722,3.8620297973619877,23.491178185459145,7692.361024309614,5608.897436303987,False,,,250.2712622754504,2.9558577807620168e-12
一小时相关块,20.0,21,36188.08770306156,3.0208690082274576,48321.35121977744,25.10952862541199,6.022442485963153,19.77496099196328,7484.483362567815,4117.44280090058,False,,,588.844332269762,9.094947017729282e-13
一小时相关块,20.0,22,36507.14468204463,3.929165890551936,50731.99460870517,28.039208858978476,0.09156995333152729,23.658412597762535,5693.243274081732,5941.44847593842,False,,,0.6870740998014683,3.183231456205249e-12
一小时相关块,20.0,23,35386.92174639527,0.7400960159428537,48141.259931981054,26.493569556771956,1.0153576831475775,25.379730875191502,6255.005622758008,5855.294857497569,False,,,861.6760088206355,2.9558577807620168e-12
一小时相关块,20.0,24,32729.517452032796,-6.825048126455585,46601.59241345676,29.767383994840138,-4.493531788811611,14.881696496514497,3216.733389481119,6006.466341513898,False,,,912.6561547866926,5.4569682106375694e-12
一小时相关块,20.0,25,36923.05654816919,5.113190927480336,48654.94284007989,24.11242436451178,6.020942176258148,31.25993546960714,7940.040748901481,4575.759683762457,False,,,582.1055329205358,9.549694368615746e-12
一小时相关块,20.0,26,38150.12976336569,8.606444011300187,50319.698504176384,24.184502496175842,7.308134030865476,21.710633910571957,9427.123079795614,4908.724576348561,False,,,216.47225406105918,3.410605131648481e-12
一小时相关块,20.0,27,34349.550770781585,-2.213109477217062,47007.59691594531,26.92766058175168,0.930427082740648,17.81912385569475,5030.406349871857,4603.756438784441,False,,,886.7362902588833,5.4569682106375694e-12
一小时相关块,20.0,28,35729.687150850674,1.7158864507042129,49371.88687930022,27.631513783948996,0.6361135879584534,21.441979282468623,5138.987426194562,4990.62975661087,False,,,496.7711386033312,2.7284841053187847e-12
一小时相关块,20.0,29,37698.47284206329,7.32065933795816,51944.46794752289,27.42543271374283,2.5787603811389115,23.071863954025915,7294.1040826397275,5903.977814715077,True,39792.11902611884,5.553663122712749,0.0,1.8189894035458565e-12
一小时相关块,20.0,30,32691.78024147994,-6.93247906497331,46585.791441195615,29.82456832842226,-6.247695115740215,18.930350729128147,4659.754586942287,8509.020741859958,False,,,668.3828602224753,2.0463630789890885e-12
一小时相关块,20.0,31,32307.124658002776,-8.027523180148584,44437.09105038918,27.29694069900232,-8.345279372845681,24.980972664959644,3711.0362296444555,8256.492977616914,False,,,308.00516066791096,1.1596057447604835e-11
一小时相关块,20.0,32,34933.3046139814,-0.5512690200256751,47917.351526570244,27.096754096246674,-2.952456679477655,24.044533977305385,4949.323244626506,6580.408527372592,False,,,170.52353112686427,5.002220859751105e-12
一小时相关块,20.0,33,34298.267728652645,-2.359102921492427,48292.901496377686,28.978655939268297,-5.821916848714537,38.70868634268298,5220.237906917471,8525.01784975578,False,,,313.95143096396504,5.6843418860808015e-12
一小时相关块,20.0,34,38878.69176074515,10.68052680650829,52681.11090664593,26.199939424890818,8.44616490172736,30.3514146465268,10304.420137602021,5504.695206290509,False,,,452.9852325843668,1.0231815394945443e-11
一小时相关块,20.0,35,37757.78723095598,7.4895165580068515,50830.62467875876,25.718427680991475,6.7184574796946395,17.059380228103613,7376.795647118511,3493.082589042937,True,38941.43496124686,3.1348440072792547,0.0,1.8189894035458565e-12
一小时相关块,20.0,36,31400.705887830743,-10.607931687907106,45182.692143223096,30.502800080405343,-9.709612719364102,21.453047923398906,3128.8758472613054,8882.980785342148,False,,,1045.4246650606715,1.0459189070388675e-11
一小时相关块,20.0,37,34284.677731474745,-2.397791158643133,46893.38888313392,26.888035716681024,-2.4845900313336555,19.217150667985564,4299.842427494685,5646.551243433991,False,,,459.43532120552027,6.59383658785373e-12
一小时相关块,20.0,38,34322.89135290187,-2.2890039654740235,47063.43664908597,27.071005016442072,-1.353883092355046,26.082330005477832,6961.191198460636,7854.246530810766,False,,,569.2366743321317,3.410605131648481e-12
一小时相关块,20.0,39,35443.82575230051,0.90209131634419,49076.460762970644,27.778358094144153,1.6893226026402974,19.440411283792887,4609.46686717957,3883.0492419004895,False,,,515.7254345160623,6.366462912410498e-12
一小时相关块,20.0,40,34601.26744978419,-1.4965181163389565,49194.56664316098,29.664453188969294,-3.4615418044183,20.323945301294344,6226.429798097236,8456.243717282927,False,,,86.08195795111563,3.410605131648481e-12
一小时相关块,20.0,41,35905.923155248325,2.2175981319779328,48754.64118580596,26.353835692463893,2.8914005346946547,21.66772797208775,7552.058057220547,6067.5050416129125,False,,,298.373566141483,6.139089236967266e-12
一小时相关块,20.0,42,35665.64750337091,1.5335772834312484,48986.05024895631,27.1922367243095,2.2242428955800975,22.3173535924978,7424.354859530606,6343.6896554551295,False,,,849.0637253866782,4.774847184307873e-12
一小时相关块,20.0,43,37826.80221069041,7.685989586511877,51276.22133699003,26.229349151742923,8.296456131641516,30.538983799336386,10017.285348657593,5251.770188708598,False,,,1258.9105944054018,1.3642420526593924e-12
一小时相关块,20.0,44,31613.284049585975,-10.002760529489064,45987.92462472971,31.25742397040867,-8.904284203383227,21.30650081251147,2870.5831788056175,8279.698539324098,False,,,985.8103807193345,2.2737367544323206e-12
一小时相关块,20.0,45,38029.18849529176,8.262146334170406,51229.158194659176,25.76651689104577,5.211214522784857,19.470829739251858,8069.267153727884,5215.42033432746,True,39905.79616556922,4.934650841970488,0.0,1.3642420526593924e-12
一小时相关块,20.0,46,32254.77362848105,-8.176556989258852,46167.07461548083,30.134681703082574,-11.726953075023228,26.901978603017835,3794.4017625022348,10621.638137339598,True,34701.07293356967,7.584301577390483,0.0,4.547473508864641e-12
一小时相关块,20.0,47,36259.734093913925,3.2248331830542303,47752.69505345424,24.06766978633379,1.8533214939794762,22.77772753771978,7296.922505901541,5965.494331916118,False,,,196.0050747743761,4.092726157978177e-12
一小时相关块,20.0,48,37843.77191131012,7.734299221411539,49762.43917867182,23.95113154435171,5.231059165159779,24.591330461075742,8327.271412743994,4995.350145399446,False,,,74.39059422828802,4.320099833421409e-12
一小时相关块,20.0,49,34196.08069345708,-2.650010726668628,47452.21120368471,27.935748775387477,-4.080366863087226,16.820488004219808,4432.925477424835,6823.020991296149,False,,,306.63694334192263,1.2221335055073723e-12
一小时相关块,20.0,50,33854.96666191318,-3.6211000046903328,48600.22102788951,30.339891576860687,-4.8859994031724145,23.235661828223346,3487.5110335737836,6576.756107345527,False,,,207.8192509224553,3.296918293926865e-12
一小时相关块,20.0,51,35504.54846473121,1.0749577760056785,48460.79482620998,26.73552179229094,1.5142758297737258,20.516496711320496,5286.336219193468,4569.09826296217,False,,,782.7860197077827,1.8189894035458565e-12
一小时相关块,20.0,52,35210.317104688045,0.2373348916509685,49165.47913551334,28.38406596701946,-0.023689330665943586,24.9692924335275,6010.419934567844,6269.841636973679,False,,,873.7596822670146,3.865352482534945e-12
一小时相关块,20.0,53,34425.0000993213,-1.998319034129033,47030.30149856272,26.802510291427,-1.6445960431473061,28.15916441526086,6989.153084279074,7876.542280857059,False,,,392.25847602494855,1.2505552149377763e-11
一小时相关块,20.0,54,36396.352503700735,3.613760816209285,49599.248999349,26.619145979048103,4.021816442484916,23.23656018197239,7180.473414700777,5194.283686790357,False,,,743.4106744709464,2.7284841053187847e-12
一小时相关块,20.0,55,36421.59905286426,3.6856331255622066,50315.6374947165,27.61375813495599,0.5667610296072656,11.802511883839966,5348.240931780653,5137.197242265161,False,,,613.1451075270356,1.8189894035458565e-12
一小时相关块,20.0,56,31159.33982141524,-11.295056747270744,42912.57883950598,27.388796795569245,-8.661842743237258,25.545098301354766,3378.105689627154,8248.845623112331,False,,,762.9644073190084,2.5011104298755527e-12
一小时相关块,20.0,57,34565.191320959915,-1.5992202588899935,47198.25673161687,26.765957654945332,-0.9530711431044003,23.142287837533587,6669.72018378451,7365.690241964565,False,,,1020.6997852807956,2.7284841053187847e-12
一小时相关块,20.0,58,34732.77099857868,-1.122151557220437,47652.094294969516,27.1117638952433,-2.873369300565265,18.87370639591769,5150.847515408061,6592.984902430098,False,,,373.34434761385796,4.774847184307873e-12
一小时相关块,20.0,59,33925.83564051675,-3.419348980392704,47685.711684904076,28.85534378790305,-2.48866046921864,23.24875956070405,6606.619358599857,8215.155225258553,False,,,711.8099370511155,3.410605131648481e-12
一小时相关块,20.0,60,34987.35306112582,-0.3974029733019148,47374.26043203521,26.146914501557422,-1.4875632361060043,18.3508703373217,4818.490669197068,5397.554556956353,False,,,112.94158335708187,1.5916157281026244e-12
一小时相关块,20.0,61,36421.12167759305,3.6842741254490683,51879.735650672665,29.797017620075668,-0.48554240576558216,33.58710774792631,7193.138171443185,7594.558691027665,False,,,297.5885269115788,9.549694368615746e-12
一小时相关块,20.0,62,33376.67736111853,-4.982702192943962,48261.95054716255,30.84266801752622,-5.390569300746339,20.949519337677913,4596.660481056573,7958.00087038922,False,,,140.02983918784264,7.503331289626658e-12
一小时相关块,20.0,63,35199.196772093506,0.20567733801204008,48339.99502816254,27.184111724490865,-2.371914381034046,23.93503394737143,5408.198002013503,6780.156455216504,False,,,210.81103293504245,5.002220859751105e-12
一小时相关块,20.0,64,37276.87635076124,6.120451212534546,51973.201535345266,28.27673637651423,1.5835080974585525,25.73150855657987,7156.800389399406,6482.8816214539565,True,39576.92728436184,6.170181514024927,0.0,2.0463630789890885e-12
一小时相关块,20.0,65,33801.44442319832,-3.7734680322278655,46918.471154397324,27.95706340906558,-3.437552873511107,16.78373783612994,4685.252967575383,6942.793292941884,False,,,656.404924091666,7.048583938740194e-12
一小时相关块,20.0,66,36192.480832620466,3.0333754448354906,48288.94453044789,25.050172074480056,5.425851783140256,19.338005486121588,6128.057989905246,3098.6146708680753,False,,,424.51429008908167,3.183231456205249e-12
一小时相关块,20.0,67,38248.87364472948,8.887549787068567,51505.937175430154,25.738903624929446,6.11984302005768,39.49534207372984,10758.981205211638,7652.362074771783,False,,,712.2658626077932,4.547473508864641e-12
一小时相关块,20.0,68,35434.187513662764,0.8746530132120488,50818.45607618592,30.27299479437037,-2.577167641654865,27.816972962298987,5164.466504129281,7455.245598731464,False,,,23.712339416713007,2.0463630789890885e-12
一小时相关块,20.0,69,36366.206553016105,3.527940806539447,50196.08883766792,27.551712902128855,2.5704968556594876,13.078129526424,5406.990468649817,3997.1883006480557,False,,,103.49176714088888,1.000444171950221e-11
一小时相关块,20.0,70,35698.18798982307,1.6262140986108637,48246.471669555875,26.008707467101537,2.637716919434374,23.864038259106206,6910.7807399684725,5651.561483329881,False,,,552.1701278520334,2.7284841053187847e-12
一小时相关块,20.0,71,35545.85012396383,1.1925360481857217,48863.708329186076,27.25511153492939,2.311486935356699,17.35336907991008,6340.792971591971,5157.517132161924,False,,,255.462929620091,7.503331289626658e-12
一小时相关块,20.0,72,40498.05706845426,15.29056375045697,53149.219247786525,23.80310070097434,13.43531999243126,26.303397220946312,11122.076105356733,3430.4882942964323,False,,,554.5707774846667,8.185452315956354e-12
一小时相关块,20.0,73,31920.15220370382,-9.129163002933485,44822.86639005938,28.786008627991425,-7.447311478756169,22.78525832628235,4202.761084942522,8466.577744473387,False,,,758.639973537088,1.2505552149377763e-12
一小时相关块,20.0,74,36165.95366875813,2.9578574595844898,49355.156140033345,26.723048821594322,1.7209462379731644,21.376397846129905,6432.7516561246575,5555.2617058425185,False,,,337.74413233175187,1.0686562745831907e-11
一小时相关块,20.0,75,38739.42333407208,10.284055059810994,50850.8163058709,23.81749960305066,8.791325711243614,25.55803536571955,9692.816660061064,4734.985792915596,False,,,410.5761187080962,1.0686562745831907e-11
一小时相关块,20.0,76,35384.369611973816,0.73283055588094,48391.374534439565,26.878767234042545,-0.8368027063500705,35.2482129002182,6777.97128776733,7011.218251548067,False,,,298.8302404344171,1.8189894035458565e-12
一小时相关块,20.0,77,36927.79469735676,5.12667957188729,50075.92173401154,26.256385467038907,4.949904187035914,24.421935367658044,8387.480183647025,5808.8348498084215,False,,,267.6802349572788,8.881784197001252e-13
一小时相关块,20.0,78,34281.056390391044,-2.4081004545771787,47318.11169864221,27.551934851671746,-5.259983364757859,35.66318186670958,5453.814034033983,8107.445200195609,False,,,841.0287136826645,2.7284841053187847e-12
一小时相关块,20.0,79,35054.56547641101,-0.20606151620037355,48631.72062529522,27.918311288007796,-1.9308107504222294,14.164908710185276,4903.595396655141,6240.086715517205,False,,,28.189492759669548,2.5011104298755527e-12
一小时相关块,20.0,80,36071.698307571045,2.6895296800716726,48579.56787840444,25.747181617878585,1.967169336909591,29.850511806817128,7858.369205981329,6798.235554059178,False,,,661.0148130900527,9.663381206337363e-13
一小时相关块,20.0,81,39098.03543812158,11.304958150883216,51018.64172809433,23.36519728122917,10.443046376426723,29.346584278886684,9334.106314274894,3546.4955898577045,True,41275.45878922245,5.5691374942533,0.0,7.958078640513122e-13
一小时相关块,20.0,82,35635.877412114336,1.4488272768304113,47942.5275584918,25.669589763207327,0.6044111379531314,29.468703567784612,8135.201407579465,7498.08629665531,False,,,850.0350791787221,9.094947017729282e-13
一小时相关块,20.0,83,32518.76004284533,-7.4250359352222395,46110.91661995719,29.477090401688226,-4.73809642447468,19.190679008791943,4655.5668770767725,7466.313458795091,False,,,858.0176795247716,2.7284841053187847e-12
一小时相关块,20.0,84,38737.37657100934,10.2782282996045,51812.65017891444,25.23567808779289,9.190613251165969,29.105190029203392,10292.335461021949,5254.7840401620215,False,,,587.8241272993291,1.1368683772161603e-11
一小时相关块,20.0,85,37874.302274108486,7.821213582082719,51671.722584983465,26.702071501840553,5.845920729100906,13.439427057518651,6953.443058754163,3567.869980720735,False,,,47.098423612804496,6.59383658785373e-12
一小时相关块,20.0,86,29149.366799375275,-17.017082434638912,42986.489115728116,32.18946836784129,-16.079445746668696,39.48036268987656,2552.6389768771264,16040.50242616565,False,,,1045.4122444804243,5.6843418860808015e-12
一小时相关块,20.0,87,41350.82253815984,17.718231121834688,54287.60699620705,23.830087885345677,13.854978302011922,26.61384909834988,11076.764567045664,3005.8967224617195,False,,,147.49613595193682,9.094947017729282e-13
一小时相关块,20.0,88,34393.48387497949,-2.088039962358061,48656.610790858016,29.31385208309329,-6.254149510625329,21.26573001017283,4707.209652376601,8406.401477314119,False,,,18.984273171152658,6.821210263296962e-12
一小时相关块,20.0,89,36627.44895153408,4.271650149181468,48663.73244695987,24.73358061579947,8.556656278107976,31.741270886198475,10265.97661186159,5576.67837569538,False,,,622.9248314048158,5.4569682106375694e-12
一小时相关块,20.0,90,29394.35787262248,-16.31963764362692,42697.5487634935,31.156802383572135,-14.328308209311169,25.02012360329467,2126.0420940312297,10392.024768267527,False,,,1056.2633302268416,2.2737367544323206e-12
一小时相关块,20.0,91,31758.344574136536,-9.589799739170106,44656.99332344336,28.883827121732097,-9.989576122554599,27.317358020933824,4038.4793290843277,9822.031769932484,False,,,242.2330454279102,3.637978807091713e-12
一小时相关块,20.0,92,37910.1083913239,7.923147050952648,51537.782688449886,26.442104386807628,5.7703108126907265,28.689851165145143,9818.197326969854,6697.735214425973,False,,,251.14761653408027,4.320099833421409e-12
一小时相关块,20.0,93,32050.262019876016,-8.758764145758546,46388.37508787411,30.908849557323833,-7.406597654556457,26.663646775084928,5140.826648774886,9659.07761143691,False,,,753.2840119965665,3.637978807091713e-12
一小时相关块,20.0,94,37942.28597477444,8.01475074764035,50520.04140971952,24.896565964661413,6.236080420183021,24.393537221114705,9413.52593661884,5740.622584373177,True,40673.15422739611,7.197426782448648,0.0,3.865352482534945e-12
一小时相关块,20.0,95,34487.760341461195,-1.8196520999303685,46456.98430184556,25.76410014609767,2.479331926088313,21.41756067530441,7572.421818505616,6288.127583796799,False,,,1060.8262769471676,2.5011104298755527e-12
一小时相关块,20.0,96,33756.76772304533,-3.9006544288108547,46835.98541671895,27.925573845201427,-0.6588604786656016,32.95051892423531,6942.276775733196,7870.393306200983,False,,,956.081242609225,1.2278178473934531e-11
一小时相关块,20.0,97,38222.06323497879,8.811225452562521,51105.54890344461,25.20956323707042,8.035548872724952,23.327103997807267,9512.315730761533,5008.755757439616,False,,,287.16000990888347,9.094947017729282e-13
一小时相关块,20.0,98,35544.71946243755,1.1893172615521939,47989.189062577854,25.931818901779586,4.24705785287558,22.15693431367523,7877.341427165722,5501.540115754589,False,,,807.3889630756103,2.9558577807620168e-12
一小时相关块,20.0,99,33257.78877468116,-5.32115626076974,47796.500459066694,30.417941783910734,-8.533474858094891,25.5855458663151,3011.8119093901432,8286.94401532302,False,,,395.34663812630475,4.774847184307873e-12
一小时相关块,20.0,100,35671.477302499625,1.5501736556217893,47536.888010511866,24.960428005696194,2.100072386294438,21.45268240759544,7469.748450842695,6102.445789968739,False,,,760.5041482312531,5.6843418860808015e-12
