策略,日期,计划购电量_kWh,调整后购电量_kWh,上调量_kWh,下调量_kWh,紧急购电量_kWh,剩余电量_kWh,计划购电费_元,调整成本_元,紧急购电费_元,总成本_元
方法B_固定净负荷0.80分位数,2025-01-01,54149.36558717003,54149.36558717003,0.0,0.0,36514.41488333333,21.217300000000023,32909.865288866175,0.0,146586.90245181666,179496.76774068284
方法B_固定净负荷0.80分位数,2025-01-02,96853.43825448016,96853.43825448016,0.0,0.0,2483.2580333333335,1633.1887833333321,61853.47911169965,0.0,9532.153857958338,71385.63296965799
方法B_固定净负荷0.80分位数,2025-01-03,98536.02588261303,98536.02588261303,0.0,0.0,0.0,48190.19732,63124.98434730495,0.0,0.0,63124.98434730495
方法B_固定净负荷0.80分位数,2025-01-04,97702.04905225526,97702.04905225526,0.0,0.0,34.972000000000094,48141.218956666664,62522.5288987349,0.0,74.77013600000019,62597.2990347349
方法B_固定净负荷0.80分位数,2025-01-05,96935.71022098721,96935.71022098721,0.0,0.0,1422.8089299999983,2503.29659,61949.07477821786,0.0,5475.390809239993,67424.46558745786
方法B_固定净负荷0.80分位数,2025-01-06,97686.82948795713,97686.82948795713,0.0,0.0,1062.0088366666662,3278.5408666666663,62530.94878882862,0.0,4541.081252353333,67072.03004118195
方法B_固定净负荷0.80分位数,2025-01-07,98011.95567929588,98011.95567929588,0.0,0.0,1583.1145166666663,2193.7924833333327,62839.82455340324,0.0,5865.712655983332,68705.53720938657
方法B_固定净负荷0.80分位数,2025-01-08,98463.26244562396,98463.26244562396,0.0,0.0,729.3383133333339,4827.31734,63132.62863749393,0.0,2456.661116961669,65589.2897544556
方法B_固定净负荷0.80分位数,2025-01-09,98494.23328912667,98494.23328912667,0.0,0.0,839.7149599999981,3404.8933666666653,63145.60276076862,0.0,2782.5770381849948,65928.17979895361
方法B_固定净负荷0.80分位数,2025-01-10,98652.45649635307,98652.45649635307,0.0,0.0,0.0,48322.89960333333,63248.4417262695,0.0,0.0,63248.4417262695
方法B_固定净负荷0.80分位数,2025-01-11,98338.59990733543,98338.59990733543,0.0,0.0,4.073999999999955,48640.37954333333,63025.61254378141,0.0,8.710211999999904,63034.32275578142
方法B_固定净负荷0.80分位数,2025-01-12,98027.13165162057,98027.13165162057,0.0,0.0,509.70930000000055,2837.027233333334,62803.80461262764,0.0,1717.5915039166687,64521.39611654431
方法B_固定净负荷0.80分位数,2025-01-13,98049.35528288061,98049.35528288061,0.0,0.0,415.7515399999995,5359.707399999999,62801.6715846913,0.0,1250.8489566916653,64052.52054138297
方法B_固定净负荷0.80分位数,2025-01-14,97975.26884927785,97975.26884927785,0.0,0.0,472.62732000000005,4338.6236400000025,62742.02107522914,0.0,1465.6156004433337,64207.63667567247
方法B_固定净负荷0.80分位数,2025-01-15,97954.59273247537,97954.59273247537,0.0,0.0,552.2474733333333,3609.7453699999987,62710.91693520327,0.0,2503.918728868333,65214.8356640716
方法B_固定净负荷0.80分位数,2025-01-16,97988.18068149876,97988.18068149876,0.0,0.0,685.4847700000004,4770.031913333333,62765.673315467415,0.0,2912.699960480002,65678.37327594742
方法B_固定净负荷0.80分位数,2025-01-17,98025.54586363652,98025.54586363652,0.0,0.0,0.0,50508.692716666665,62814.29807292438,0.0,0.0,62814.29807292438
方法B_固定净负荷0.80分位数,2025-01-18,97801.23886168042,97801.23886168042,0.0,0.0,27.15599999999995,49759.895359999995,62657.58478419532,0.0,58.05952799999989,62715.64431219533
方法B_固定净负荷0.80分位数,2025-01-19,97578.79219303252,97578.79219303252,0.0,0.0,347.66660666666655,4419.078043333333,62501.66697400041,0.0,1464.2285592983324,63965.89553329874
方法B_固定净负荷0.80分位数,2025-01-20,97519.11327020059,97519.11327020059,0.0,0.0,309.5242500000005,4936.080963333332,62475.20457107223,0.0,1283.4419823583346,63758.64655343057
方法B_固定净负荷0.80分位数,2025-01-21,97425.11105932698,97425.11105932698,0.0,0.0,315.70332333333386,9440.77688,62424.3761604438,0.0,1000.8412401700016,63425.2174006138
方法B_固定净负荷0.80分位数,2025-01-22,97507.14340428635,97507.14340428635,0.0,0.0,469.5220866666667,4253.768306666667,62478.79001449821,0.0,1836.8138517216662,64315.60386621988
方法B_固定净负荷0.80分位数,2025-01-23,97636.02480865731,97636.02480865731,0.0,0.0,376.36265333333324,3618.606399999999,62572.9435144321,0.0,1066.1369011100007,63639.08041554211
方法B_固定净负荷0.80分位数,2025-01-24,97854.8616052119,97854.8616052119,0.0,0.0,0.0,53197.592996666666,62682.74399748459,0.0,0.0,62682.74399748459
方法B_固定净负荷0.80分位数,2025-01-25,97854.8616052119,97854.8616052119,0.0,0.0,0.0,54587.43068,62682.74399748459,0.0,0.0,62682.74399748459
方法B_固定净负荷0.80分位数,2025-01-26,97854.8616052119,97854.8616052119,0.0,0.0,227.8418499999998,5555.857963333332,62682.74399748459,0.0,689.827862204998,63372.57185968959
方法B_固定净负荷0.80分位数,2025-01-27,98004.82953582075,98004.82953582075,0.0,0.0,155.61840333333316,9137.6757,62769.5849973881,0.0,499.0274756466663,63268.61247303476
方法B_固定净负荷0.80分位数,2025-01-28,98057.11134146848,98057.11134146848,0.0,0.0,240.89749333333373,6489.754013333333,62802.0538982259,0.0,728.1700804716669,63530.22397869757
方法B_固定净负荷0.80分位数,2025-01-29,98109.48740716092,98109.48740716092,0.0,0.0,102.74673666666683,11999.177639999998,62833.108131130626,0.0,332.0164268633346,63165.12455799396
方法B_固定净负荷0.80分位数,2025-01-30,97626.14583177058,97626.14583177058,0.0,0.0,143.81094666666718,9204.60267,62510.43091247238,0.0,632.825691598335,63143.25660407072
方法B_固定净负荷0.80分位数,2025-01-31,97197.08166108334,97197.08166108334,0.0,0.0,0.0,53615.65932,62210.95722451392,0.0,0.0,62210.95722451392
方法B_固定净负荷0.80分位数,2025-02-01,97197.0816610835,97197.0816610835,0.0,0.0,0.0,58001.806436666666,62210.95722451391,0.0,0.0,62210.95722451391
方法B_固定净负荷0.80分位数,2025-02-02,97197.08166108355,97197.08166108355,0.0,0.0,10.559680000000185,14034.264100000002,62210.95722451391,0.0,66.1778933133345,62277.135117827245
方法B_固定净负荷0.80分位数,2025-02-03,96704.98062272681,96704.98062272681,0.0,0.0,4.407136666666588,11687.294543333333,61885.74648397352,0.0,9.4956463766665,61895.24213035018
方法B_固定净负荷0.80分位数,2025-02-04,96311.47658384025,96311.47658384025,0.0,0.0,45.240743333333285,10372.647426666668,61601.042864436364,0.0,128.68510543999935,61729.72796987636
方法B_固定净负荷0.80分位数,2025-02-05,97044.65376580645,97044.65376580645,0.0,0.0,8.37879333333342,11477.91312,62166.65631996862,0.0,52.62301153000054,62219.27933149862
方法B_固定净负荷0.80分位数,2025-02-06,97699.85101076993,97699.85101076993,0.0,0.0,7.977026666666802,12621.056373333333,62613.14735289633,0.0,29.465028470000686,62642.61238136633
方法B_固定净负荷0.80分位数,2025-02-07,50076.229770278085,50076.229770278085,0.0,0.0,28.165526666666665,14234.75309,26249.12997554054,0.0,178.79612318666668,26427.92609872721
方法B_固定净负荷0.80分位数,2025-02-08,49550.545376506685,49550.545376506685,0.0,0.0,42.74833666666666,13947.942900000002,26005.50006321098,0.0,294.7030250066666,26300.203088217648
方法B_固定净负荷0.80分位数,2025-02-09,96511.4108614771,96511.4108614771,0.0,0.0,0.26875666666660436,12144.555506666667,61696.028143727424,0.0,0.5185659883332131,61696.54670971576
方法B_固定净负荷0.80分位数,2025-02-10,94904.55324690918,94904.55324690918,0.0,0.0,17.708333333333485,15861.84784,60595.55645620702,0.0,119.23020833333436,60714.786664540356
方法B_固定净负荷0.80分位数,2025-02-11,95820.01805184025,95820.01805184025,0.0,0.0,23.10654666666676,15823.794679999999,61074.54295819567,0.0,116.38957626666726,61190.93253446234
方法B_固定净负荷0.80分位数,2025-02-12,96411.5628335033,96411.5628335033,0.0,0.0,11.244016666666766,16334.366399999999,61748.19651038028,0.0,74.32229439166734,61822.51880477194
方法B_固定净负荷0.80分位数,2025-02-13,97160.01539978618,97160.01539978618,0.0,0.0,6.5031166666665285,21029.420433333333,62219.51053056804,0.0,43.86352191666573,62263.37405248471
方法B_固定净负荷0.80分位数,2025-02-14,49479.65601465608,49479.65601465608,0.0,0.0,7.210583333333375,15622.977716666664,25916.981674046237,0.0,46.859028625000256,25963.840702671238
方法B_固定净负荷0.80分位数,2025-02-15,48978.211719000145,48978.211719000145,0.0,0.0,55.73736666666673,15708.950199999997,25691.129146479212,0.0,366.01908472500037,26057.148231204214
方法B_固定净负荷0.80分位数,2025-02-16,95937.42709002452,95937.42709002452,0.0,0.0,34.643199999999865,15787.492599999998,61278.02480442426,0.0,233.8818627333324,61511.90666715759
方法B_固定净负荷0.80分位数,2025-02-17,94322.82959090441,94322.82959090441,0.0,0.0,17.112599999999702,18430.015333333333,60174.36489869061,0.0,105.82262069166536,60280.18751938228
方法B_固定净负荷0.80分位数,2025-02-18,94892.62171814452,94892.62171814452,0.0,0.0,0.0,18015.425733333333,60434.20737084061,0.0,0.0,60434.20737084061
方法B_固定净负荷0.80分位数,2025-02-19,95935.86380242948,95935.86380242948,0.0,0.0,52.618760000000066,18291.136846666664,61400.74011709994,0.0,231.68090818666693,61632.4210252866
方法B_固定净负荷0.80分位数,2025-02-20,96674.6595310612,96674.6595310612,0.0,0.0,19.450443333333396,20905.695403333335,61874.56896602547,0.0,95.71600114333364,61970.2849671688
方法B_固定净负荷0.80分位数,2025-02-21,48946.68085690228,48946.68085690228,0.0,0.0,27.063466666666557,19352.59164333333,25591.84848328356,0.0,128.86409634833285,25720.71257963189
方法B_固定净负荷0.80分位数,2025-02-22,48380.95084846365,48380.95084846365,0.0,0.0,43.64641666666665,16563.346053333335,25378.481481678704,0.0,237.51018420999986,25615.9916658887
方法B_固定净负荷0.80分位数,2025-02-23,95423.46833681982,95423.46833681982,0.0,0.0,40.59153000000015,19135.036686666663,60913.20236294999,0.0,196.4890965883339,61109.69145953832
方法B_固定净负荷0.80分位数,2025-02-24,93813.74179120312,93813.74179120312,0.0,0.0,55.49844333333317,20942.521953333333,59788.42719791879,0.0,354.6351572433323,60143.06235516212
方法B_固定净负荷0.80分位数,2025-02-25,94240.53579324849,94240.53579324849,0.0,0.0,50.782273333333364,23696.258616666666,59968.522543484316,0.0,265.41636454666707,60233.93890803098
方法B_固定净负荷0.80分位数,2025-02-26,95496.88362390535,95496.88362390535,0.0,0.0,8.804666666666662,21876.50791,61078.240476634914,0.0,55.22727166666664,61133.467748301584
方法B_固定净负荷0.80分位数,2025-02-27,96206.10646864306,96206.10646864306,0.0,0.0,2.4653399999999692,24469.045000000002,61541.09020061637,0.0,15.412852156666474,61556.503052773034
方法B_固定净负荷0.80分位数,2025-02-28,48452.19730249772,48452.19730249772,0.0,0.0,46.479263333333336,21155.10270333333,25312.09206826005,0.0,282.34833795333356,25594.440406213384
方法B_固定净负荷0.80分位数,2025-03-01,47776.69942905271,47776.69942905271,0.0,0.0,24.729569999999967,20151.438283333337,25051.090799366906,0.0,161.55368807166647,25212.644487438574
方法B_固定净负荷0.80分位数,2025-03-02,94930.78171335423,94930.78171335423,0.0,0.0,33.78028000000006,17819.114523333334,60556.70612893037,0.0,166.26559382333375,60722.9717227537
方法B_固定净负荷0.80分位数,2025-03-03,93338.17672022425,93338.17672022425,0.0,0.0,104.03480999999954,16703.75926,59443.17086724003,0.0,574.9167803466639,60018.08764758669
方法B_固定净负荷0.80分位数,2025-03-04,93624.66217404691,93624.66217404691,0.0,0.0,5.561820000000125,19669.10183,59533.82395190801,0.0,27.287181900000743,59561.11113380801
方法B_固定净负荷0.80分位数,2025-03-05,93712.87231600216,93712.87231600216,0.0,0.0,17.917533333333495,22825.89674666667,59720.70791695035,0.0,85.30820165000098,59806.016118600346
方法B_固定净负荷0.80分位数,2025-03-06,93917.8153637933,93917.8153637933,0.0,0.0,32.94888999999989,23291.813976666665,59894.74264718939,0.0,133.91395745999944,60028.6566046494
方法B_固定净负荷0.80分位数,2025-03-07,46395.14373260491,46395.14373260491,0.0,0.0,28.665173333333257,21538.90979,24186.858376709864,0.0,81.56623631999997,24268.424613029863
方法B_固定净负荷0.80分位数,2025-03-08,45048.558802376356,45048.558802376356,0.0,0.0,26.716843333333316,22069.800933333336,23539.097304249313,0.0,130.54764693833323,23669.644951187645
方法B_固定净负荷0.80分位数,2025-03-09,92879.42324694563,92879.42324694563,0.0,0.0,60.382730000000265,24856.715893333334,59017.771585421615,0.0,330.94858237000176,59348.72016779162
方法B_固定净负荷0.80分位数,2025-03-10,90854.88003348123,90854.88003348123,0.0,0.0,117.18639333333294,18211.697356666667,57517.01859523512,0.0,572.8883029133317,58089.90689814845
方法B_固定净负荷0.80分位数,2025-03-11,90798.69308347629,90798.69308347629,0.0,0.0,74.16722666666612,22215.64386666667,57479.46597629469,0.0,400.2570741716643,57879.72305046635
方法B_固定净负荷0.80分位数,2025-03-12,91131.1814545703,91131.1814545703,0.0,0.0,76.4370766666666,24053.786326666668,57676.312536739984,0.0,227.86488453833329,57904.17742127832
方法B_固定净负荷0.80分位数,2025-03-13,91144.57336538102,91144.57336538102,0.0,0.0,88.60491666666667,18993.352196666667,57836.164363305536,0.0,509.71247387666705,58345.8768371822
方法B_固定净负荷0.80分位数,2025-03-14,43792.99075053822,43792.99075053822,0.0,0.0,46.3039133333333,23809.55929666667,22721.653531864922,0.0,249.83621918666617,22971.489751051588
方法B_固定净负荷0.80分位数,2025-03-15,41215.72930141152,41215.72930141152,0.0,0.0,188.33143666666706,16608.448940000002,21547.378560752753,0.0,964.2210693083344,22511.599630061086
方法B_固定净负荷0.80分位数,2025-03-16,89733.1003443487,89733.1003443487,0.0,0.0,21.672816666666563,21685.42808,56667.41517531841,0.0,103.5438204916663,56770.958995810084
方法B_固定净负荷0.80分位数,2025-03-17,87623.73557913383,87623.73557913383,0.0,0.0,77.91911000000016,25172.723463333336,55088.82132519644,0.0,514.0025717866674,55602.82389698311
方法B_固定净负荷0.80分位数,2025-03-18,87510.60432261685,87510.60432261685,0.0,0.0,75.25682333333316,21771.788483333337,55188.720837716275,0.0,383.8696283099995,55572.590466026275
方法B_固定净负荷0.80分位数,2025-03-19,86768.72504849026,86768.72504849026,0.0,0.0,15.415053333333276,22731.792256666668,54391.40783218613,0.0,98.46161859999957,54489.86945078613
方法B_固定净负荷0.80分位数,2025-03-20,87562.07568191813,87562.07568191813,0.0,0.0,156.49358000000018,20868.80978,55137.502787882186,0.0,910.370631693334,56047.87341957552
方法B_固定净负荷0.80分位数,2025-03-21,40308.687542605985,40308.687542605985,0.0,0.0,159.03306999999984,24540.408916666667,20965.160407578634,0.0,762.5154064966657,21727.6758140753
方法B_固定净负荷0.80分位数,2025-03-22,38401.447970362846,38401.447970362846,0.0,0.0,42.106100000000026,18867.803939999994,20138.16431494827,0.0,93.47466566666662,20231.63898061494
方法B_固定净负荷0.80分位数,2025-03-23,85894.65203138621,85894.65203138621,0.0,0.0,121.89807666666695,22602.846346666665,53806.41578134574,0.0,645.5701909816681,54451.985972327406
方法B_固定净负荷0.80分位数,2025-03-24,83785.80812712555,83785.80812712555,0.0,0.0,102.77177333333339,21451.813353333335,52330.647688654644,0.0,303.06269454,52633.71038319465
方法B_固定净负荷0.80分位数,2025-03-25,84543.44134459831,84543.44134459831,0.0,0.0,117.9315333333326,19120.51912333333,52979.274391734085,0.0,526.9052305399968,53506.17962227408
方法B_固定净负荷0.80分位数,2025-03-26,83042.7669951276,83042.7669951276,0.0,0.0,107.61337666666645,23129.61747,51817.09252163588,0.0,381.23841721333224,52198.33093884921
方法B_固定净负荷0.80分位数,2025-03-27,82992.7850682163,82992.7850682163,0.0,0.0,139.5296133333327,20003.625253333335,51854.9579695172,0.0,575.8714054666635,52430.82937498386
方法B_固定净负荷0.80分位数,2025-03-28,37292.54097791008,37292.54097791008,0.0,0.0,116.18607333333314,22957.892336666664,19473.87462778585,0.0,459.36307246166587,19933.23770024752
方法B_固定净负荷0.80分位数,2025-03-29,36607.24497404209,36607.24497404209,0.0,0.0,99.32816666666633,25476.300446831272,19164.24558789681,0.0,525.0078898199993,19689.253477716808
方法B_固定净负荷0.80分位数,2025-03-30,82588.66949104863,82588.66949104863,0.0,0.0,141.88429333333318,22933.98058666667,51486.53424748204,0.0,481.09862451166595,51967.63287199371
方法B_固定净负荷0.80分位数,2025-03-31,80208.85293750324,80208.85293750324,0.0,0.0,68.79205666666667,18901.06865333334,49627.207616616586,0.0,248.78139544499984,49875.98901206159
方法B_固定净负荷0.80分位数,2025-04-01,79582.16777744045,79582.16777744045,0.0,0.0,191.6506366666663,15149.536303333334,49264.22436293638,0.0,966.2490073216666,50230.47337025804
方法B_固定净负荷0.80分位数,2025-04-02,79385.1601684387,79385.1601684387,0.0,0.0,178.3695599999993,14714.23117666667,49343.06021389949,0.0,963.0814327983289,50306.14164669781
方法B_固定净负荷0.80分位数,2025-04-03,78735.90556386659,78735.90556386659,0.0,0.0,166.82867666666687,18626.758163333336,48690.273676685276,0.0,645.1220126283348,49335.395689313606
方法B_固定净负荷0.80分位数,2025-04-04,35538.664013970934,35538.664013970934,0.0,0.0,100.94848999999999,25746.93438,18470.875491092116,0.0,548.8123950966672,19019.68788618878
方法B_固定净负荷0.80分位数,2025-04-05,35232.740268446585,35232.740268446585,0.0,0.0,153.58905666666658,19964.334029999998,18415.456329392124,0.0,421.2319443033331,18836.688273695458
方法B_固定净负荷0.80分位数,2025-04-06,80422.75470897777,80422.75470897777,0.0,0.0,141.69267000000002,21750.16755,49816.63128089585,0.0,654.0469562,50470.678237095846
方法B_固定净负荷0.80分位数,2025-04-07,77280.39534458551,77280.39534458551,0.0,0.0,88.30582333333336,19685.94782666667,47492.9173994936,0.0,362.20715356499977,47855.1245530586
方法B_固定净负荷0.80分位数,2025-04-08,76773.17882076686,76773.17882076686,0.0,0.0,154.39343666666582,18157.385663333338,47109.181475903686,0.0,569.0347168833295,47678.21619278701
方法B_固定净负荷0.80分位数,2025-04-09,76622.37446211379,76622.37446211379,0.0,0.0,220.3333733333336,13275.954826666666,47238.12461047666,0.0,603.1585413516667,47841.28315182833
方法B_固定净负荷0.80分位数,2025-04-10,75964.04216609156,75964.04216609156,0.0,0.0,155.4031033333331,17293.445133333335,46767.85684312001,0.0,680.4449030166646,47448.30174613667
方法B_固定净负荷0.80分位数,2025-04-11,34325.67043874895,34325.67043874895,0.0,0.0,285.2942733333334,25946.20212333333,17761.611060297266,0.0,1133.5117569733338,18895.1228172706
方法B_固定净负荷0.80分位数,2025-04-12,33955.080008491466,33955.080008491466,0.0,0.0,80.67402333333337,21761.57115333333,17694.920142852334,0.0,299.60800973666693,17994.528152589002
方法B_固定净负荷0.80分位数,2025-04-13,76349.72913097386,76349.72913097386,0.0,0.0,121.85276999999996,17795.695853333335,46750.7518105318,0.0,586.6674267699998,47337.4192373018
方法B_固定净负荷0.80分位数,2025-04-14,75007.89378732606,75007.89378732606,0.0,0.0,164.1732800000001,18283.960990000003,45876.91488108913,0.0,650.1641985716665,46527.07907966079
方法B_固定净负荷0.80分位数,2025-04-15,74407.65346059487,74407.65346059487,0.0,0.0,137.08332666666684,20055.234879999996,45401.754576635925,0.0,666.6562893700001,46068.41086600593
方法B_固定净负荷0.80分位数,2025-04-16,73450.39538294691,73450.39538294691,0.0,0.0,215.59834666666666,13597.147713333336,44871.81987908463,0.0,745.9957372666662,45617.81561635129
方法B_固定净负荷0.80分位数,2025-04-17,73678.85740204089,73678.85740204089,0.0,0.0,45.38524333333339,16531.515483333336,45069.23018215987,0.0,254.11127860833406,45323.3414607682
方法B_固定净负荷0.80分位数,2025-04-18,32925.3111025689,32925.3111025689,0.0,0.0,87.6956399999994,23494.77617,17056.52352634653,0.0,349.3598643033321,17405.88339064986
方法B_固定净负荷0.80分位数,2025-04-19,32476.333337017655,32476.333337017655,0.0,0.0,167.9413533333331,22772.62528,16873.11466582266,0.0,538.3233365199991,17411.43800234266
方法B_固定净负荷0.80分位数,2025-04-20,72675.28333689366,72675.28333689366,0.0,0.0,46.77581000000009,16559.3944,44218.18749624679,0.0,101.48591833333353,44319.673414580124
方法B_固定净负荷0.80分位数,2025-04-21,72573.15188870761,72573.15188870761,0.0,0.0,274.9771833333331,20120.71159000001,44208.70454073404,0.0,779.0229333549994,44987.72747408904
方法B_固定净负荷0.80分位数,2025-04-22,71400.03944689427,71400.03944689427,0.0,0.0,192.83052333333308,15271.642833333337,43394.1942418174,0.0,682.2840127283323,44076.478254545735
方法B_固定净负荷0.80分位数,2025-04-23,70450.46143380307,70450.46143380307,0.0,0.0,244.2799166666665,15120.933386666666,42728.92818683612,0.0,761.2352851850004,43490.16347202112
方法B_固定净负荷0.80分位数,2025-04-24,70246.49917568355,70246.49917568355,0.0,0.0,155.3964699999999,19149.042050000004,42713.95431496334,0.0,652.402925965,43366.35724092834
方法B_固定净负荷0.80分位数,2025-04-25,31404.50486475965,31404.50486475965,0.0,0.0,250.61911999999958,26671.94562333333,16252.869585226032,0.0,900.591240428333,17153.460825654365
方法B_固定净负荷0.80分位数,2025-04-26,31344.34026532978,31344.34026532978,0.0,0.0,240.37254999999976,28525.298206666663,16156.9580188104,0.0,945.1641222566661,17102.122141067066
方法B_固定净负荷0.80分位数,2025-04-27,69644.07672794639,69644.07672794639,0.0,0.0,238.41482999999982,17129.36671333334,42188.05458178699,0.0,532.0742682033335,42720.128849990324
方法B_固定净负荷0.80分位数,2025-04-28,69799.98507875112,69799.98507875112,0.0,0.0,529.8501999999995,9556.615766666671,42163.751366141,0.0,1575.0529002683325,43738.80426640933
方法B_固定净负荷0.80分位数,2025-04-29,69972.5294866863,69972.5294866863,0.0,0.0,55.34412999999995,18434.97808666667,42296.75652169997,0.0,253.64342451166587,42550.39994621163
方法B_固定净负荷0.80分位数,2025-04-30,68304.81250018712,68304.81250018712,0.0,0.0,295.24284333333355,16200.831526666665,41202.03547822866,0.0,976.6117359666673,42178.64721419533
方法B_固定净负荷0.80分位数,2025-05-01,68477.8021523248,68477.8021523248,0.0,0.0,1929.1500933333327,15269.106020000001,41370.138917228105,0.0,8906.484387056666,50276.62330428477
方法B_固定净负荷0.80分位数,2025-05-02,30338.978124360052,30338.978124360052,0.0,0.0,2108.2325333333315,15265.057526666662,15583.656718388924,0.0,8618.489831319994,24202.146549708916
方法B_固定净负荷0.80分位数,2025-05-03,30444.056025403643,30444.056025403643,0.0,0.0,1830.3816199999999,20525.27347,15596.145150794082,0.0,9287.260454718333,24883.405605512413
方法B_固定净负荷0.80分位数,2025-05-04,66327.52039468073,66327.52039468073,0.0,0.0,2299.8857466666673,12765.173123333332,39943.04578642858,0.0,10246.380244050004,50189.42603047858
方法B_固定净负荷0.80分位数,2025-05-05,66673.87390541776,66673.87390541776,0.0,0.0,1734.9424599999995,9199.37370333334,39966.549584698456,0.0,7891.002748169999,47857.55233286845
方法B_固定净负荷0.80分位数,2025-05-06,66807.11927990313,66807.11927990313,0.0,0.0,2114.023636666667,11940.131173333328,40138.99610843133,0.0,9010.863152988331,49149.85926141966
方法B_固定净负荷0.80分位数,2025-05-07,66211.57265587285,66211.57265587285,0.0,0.0,1854.35155,8886.727193333336,39663.69605194245,0.0,8775.743569636667,48439.43962157911
方法B_固定净负荷0.80分位数,2025-05-08,66352.16155293377,66352.16155293377,0.0,0.0,2101.0846833333335,8528.409720000001,40058.24605806588,0.0,8983.960363288334,49042.20642135421
方法B_固定净负荷0.80分位数,2025-05-09,29904.28691509194,29904.28691509194,0.0,0.0,1278.7829233333332,19850.957126666664,15288.401102640484,0.0,6466.087607596668,21754.488710237154
方法B_固定净负荷0.80分位数,2025-05-10,29866.61592765607,29866.61592765607,0.0,0.0,1789.6788399999996,16767.649886666662,15337.17224164078,0.0,8277.212122126664,23614.384363767444
方法B_固定净负荷0.80分位数,2025-05-11,63985.15484498525,63985.15484498525,0.0,0.0,2391.059903333332,6801.9580566666655,38254.228555527356,0.0,10982.365856203329,49236.59441173068
方法B_固定净负荷0.80分位数,2025-05-12,64333.231453023756,64333.231453023756,0.0,0.0,2180.850303333333,10468.67193,38527.036993912865,0.0,8352.466947901667,46879.50394181453
方法B_固定净负荷0.80分位数,2025-05-13,65200.46143613931,65200.46143613931,0.0,0.0,1377.2855499999996,9354.57949333333,39114.917762491634,0.0,6708.3861808699985,45823.30394336163
方法B_固定净负荷0.80分位数,2025-05-14,65300.96360115163,65300.96360115163,0.0,0.0,1284.889806666667,9481.74387333333,39033.08925436874,0.0,6106.054119893336,45139.14337426207
方法B_固定净负荷0.80分位数,2025-05-15,64903.9099053241,64903.9099053241,0.0,0.0,683.8760133333324,8729.079673333332,39197.009060471464,0.0,2762.217360683329,41959.226421154795
方法B_固定净负荷0.80分位数,2025-05-16,29770.542632313576,29770.542632313576,0.0,0.0,1154.6270966666673,25460.61709666667,15381.629962251798,0.0,4827.465708205003,20209.0956704568
方法B_固定净负荷0.80分位数,2025-05-17,29691.441481030495,29691.441481030495,0.0,0.0,1562.431690000001,18120.19396,15398.257581781052,0.0,6817.557356230005,22215.81493801106
方法B_固定净负荷0.80分位数,2025-05-18,63360.90619835144,63360.90619835144,0.0,0.0,1935.871493333334,7537.304693333334,37978.879744148006,0.0,5893.9749227983375,43872.85466694635
方法B_固定净负荷0.80分位数,2025-05-19,63832.676157811395,63832.676157811395,0.0,0.0,965.1802966666655,13210.747930000005,38207.02204999239,0.0,5030.063920581662,43237.08597057405
方法B_固定净负荷0.80分位数,2025-05-20,64079.97597753661,64079.97597753661,0.0,0.0,2408.821306666666,7883.3637,38492.496016145415,0.0,10204.959546771664,48697.45556291708
方法B_固定净负荷0.80分位数,2025-05-21,64635.95262812693,64635.95262812693,0.0,0.0,1106.3025266666677,10307.565653333337,38637.928668501314,0.0,4717.857446266671,43355.78611476799
方法B_固定净负荷0.80分位数,2025-05-22,63127.0380475679,63127.0380475679,0.0,0.0,521.1866166666656,8776.627433333335,38143.04621884208,0.0,1927.7017843866631,40070.74800322874
方法B_固定净负荷0.80分位数,2025-05-23,29530.211018434886,29530.211018434886,0.0,0.0,1036.1586100000013,21475.885403333334,15337.741233005634,0.0,4274.461905913338,19612.203138918972
方法B_固定净负荷0.80分位数,2025-05-24,29475.684884127106,29475.684884127106,0.0,0.0,562.6688,23690.49244333333,15453.022636379994,0.0,2423.324493433334,17876.347129813326
方法B_固定净负荷0.80分位数,2025-05-25,62935.754702221486,62935.754702221486,0.0,0.0,539.0871966666667,10947.477296666666,37853.70647016098,0.0,2485.2072401883343,40338.91371034931
方法B_固定净负荷0.80分位数,2025-05-26,62413.90117914177,62413.90117914177,0.0,0.0,2071.1686666666665,6031.807206666668,37451.84987376249,0.0,7544.597971516666,44996.44784527916
方法B_固定净负荷0.80分位数,2025-05-27,63043.08799499726,63043.08799499726,0.0,0.0,712.9908866666658,10481.376750000003,38003.52534264809,0.0,2937.270495426662,40940.79583807476
方法B_固定净负荷0.80分位数,2025-05-28,63942.87443866644,63942.87443866644,0.0,0.0,773.9962666666667,8507.327513333334,38373.44729678018,0.0,2712.757900788332,41086.20519756851
方法B_固定净负荷0.80分位数,2025-05-29,61657.00073374443,61657.00073374443,0.0,0.0,1778.611346666665,5435.010563333333,37412.92861895583,0.0,6626.136238753326,44039.06485770916
方法B_固定净负荷0.80分位数,2025-05-30,29077.262809037024,29077.262809037024,0.0,0.0,752.585526666668,20652.89167666667,15128.167041597208,0.0,2848.481928985006,17976.648970582213
方法B_固定净负荷0.80分位数,2025-05-31,29097.293138704066,29097.293138704066,0.0,0.0,658.8900833333335,18850.46446666666,15267.064717493446,0.0,2387.9186508500006,17654.983368343448
方法B_固定净负荷0.80分位数,2025-06-01,61731.084210112,61731.084210112,0.0,0.0,14989.50404333333,1637.0204233333334,37217.65103138776,0.0,58067.13272851166,95284.78375989942
方法B_固定净负荷0.80分位数,2025-06-02,62329.790515149936,62329.790515149936,0.0,0.0,11982.360909999998,1860.4373566666673,37347.504836402884,0.0,50047.69829425667,87395.20313065955
方法B_固定净负荷0.80分位数,2025-06-03,61185.22254110001,61185.22254110001,0.0,0.0,11431.883353333327,642.1841833333336,37036.95880806735,0.0,47048.31880896831,84085.27761703567
方法B_固定净负荷0.80分位数,2025-06-04,62630.085905631466,62630.085905631466,0.0,0.0,11524.727346666665,742.0052700000002,37718.03365270262,0.0,44569.855752859985,82287.8894055626
方法B_固定净负荷0.80分位数,2025-06-05,61384.5841805993,61384.5841805993,0.0,0.0,13976.378126666663,427.6856166666662,37261.01066550032,0.0,54430.419046989984,91691.42971249031
方法B_固定净负荷0.80分位数,2025-06-06,28762.259631587243,28762.259631587243,0.0,0.0,13930.026816666665,9321.471719999998,14982.516574971309,0.0,58897.84585094499,73880.3624259163
方法B_固定净负荷0.80分位数,2025-06-07,28783.702324904498,28783.702324904498,0.0,0.0,11644.427846666666,6830.924726666665,15076.294158046921,0.0,46023.105549994994,61099.39970804192
方法B_固定净负荷0.80分位数,2025-06-08,63789.82480251865,63789.82480251865,0.0,0.0,7858.674439999995,2664.0668699999997,38598.98560731141,0.0,30720.489450471654,69319.47505778307
方法B_固定净负荷0.80分位数,2025-06-09,64269.72012703021,64269.72012703021,0.0,0.0,11216.178226666665,685.410580000002,38680.520571937566,0.0,45709.85193900833,84390.37251094589
方法B_固定净负荷0.80分位数,2025-06-10,63106.746251701756,63106.746251701756,0.0,0.0,13071.94843666666,792.4842166666665,38213.68606106025,0.0,50689.99385354831,88903.67991460855
方法B_固定净负荷0.80分位数,2025-06-11,63581.96125834126,63581.96125834126,0.0,0.0,16767.802409999997,525.5549700000005,38486.10541901442,0.0,70241.193178825,108727.29859783941
方法B_固定净负荷0.80分位数,2025-06-12,63497.576346183334,63497.576346183334,0.0,0.0,13466.723996666664,682.4916833333339,38667.67048602962,0.0,53966.86174304499,92634.53222907461
方法B_固定净负荷0.80分位数,2025-06-13,29646.971083292312,29646.971083292312,0.0,0.0,9010.119813333331,7811.073856666667,15785.263194035337,0.0,38654.06606670832,54439.32926074366
方法B_固定净负荷0.80分位数,2025-06-14,29652.947592655328,29652.947592655328,0.0,0.0,8181.507549999999,9174.265876666666,15772.890314133776,0.0,30578.448770163333,46351.339084297106
方法B_固定净负荷0.80分位数,2025-06-15,67489.3960272278,67489.3960272278,0.0,0.0,8110.657706666663,1170.7850666666682,41255.67725534803,0.0,33404.933947841644,74660.61120318968
方法B_固定净负荷0.80分位数,2025-06-16,70336.54850123909,70336.54850123909,0.0,0.0,7217.42219333333,828.4458900000004,42942.60386007051,0.0,29067.630772788318,72010.23463285882
方法B_固定净负荷0.80分位数,2025-06-17,68407.15310682991,68407.15310682991,0.0,0.0,11104.497766666664,875.6747666666685,41692.02007989699,0.0,43668.37872647999,85360.39880637698
方法B_固定净负荷0.80分位数,2025-06-18,69490.9957086117,69490.9957086117,0.0,0.0,6319.963286666661,992.5510433333338,42251.259290085174,0.0,24666.58944032164,66917.84873040681
方法B_固定净负荷0.80分位数,2025-06-19,69850.65338640913,69850.65338640913,0.0,0.0,4154.991746666664,1702.9418099999998,42769.956364831065,0.0,17015.905712248325,59785.86207707939
方法B_固定净负荷0.80分位数,2025-06-20,31989.905816268285,31989.905816268285,0.0,0.0,2551.736763333327,9643.864756666662,17775.164109414203,0.0,9212.498414601643,26987.662524015846
方法B_固定净负荷0.80分位数,2025-06-21,32002.09586644291,32002.09586644291,0.0,0.0,1695.6751733333338,11910.79841666667,17691.85239409501,0.0,6477.852465510003,24169.704859605015
方法B_固定净负荷0.80分位数,2025-06-22,72166.14957229771,72166.14957229771,0.0,0.0,2996.963776666664,3748.489410000001,44133.71933151268,0.0,11551.273599711658,55684.99293122434
方法B_固定净负荷0.80分位数,2025-06-23,74653.45540145412,74653.45540145412,0.0,0.0,1654.8408366666656,5023.666653333334,46011.2172582501,0.0,7302.819154899995,53314.0364131501
方法B_固定净负荷0.80分位数,2025-06-24,73850.42595927177,73850.42595927177,0.0,0.0,7906.98726333333,1329.3974700000008,45289.01327423374,0.0,32392.769688989985,77681.78296322371
方法B_固定净负荷0.80分位数,2025-06-25,74388.20739811716,74388.20739811716,0.0,0.0,3620.9987699999992,3401.5650233333354,45581.94247571583,0.0,14122.938703656662,59704.88117937249
方法B_固定净负荷0.80分位数,2025-06-26,73348.02427890217,73348.02427890217,0.0,0.0,2771.0304800000017,4399.108296666669,45132.19300948808,0.0,12155.672701735008,57287.86571122309
方法B_固定净负荷0.80分位数,2025-06-27,33341.06306530449,33341.06306530449,0.0,0.0,760.6078866666649,11839.818069999998,18843.93762627265,0.0,3092.51049909499,21936.44812536764
方法B_固定净负荷0.80分位数,2025-06-28,33089.88800692793,33089.88800692793,0.0,0.0,1477.8707866666668,10343.74251,18498.72129738365,0.0,6312.915629601668,24811.636926985317
方法B_固定净负荷0.80分位数,2025-06-29,73899.56568287523,73899.56568287523,0.0,0.0,3133.0514066666683,3685.9370033333335,45258.77137348313,0.0,12426.74219288667,57685.513566369795
方法B_固定净负荷0.80分位数,2025-06-30,75376.72148414912,75376.72148414912,0.0,0.0,2913.301430000001,4133.337096666668,46613.97057742929,0.0,11110.639692511668,57724.61026994096
方法B_固定净负荷0.80分位数,2025-07-01,77841.30828335899,77841.30828335899,0.0,0.0,7758.380603333332,2482.4156200000016,48079.9738904956,0.0,27761.298023204992,75841.27191370059
方法B_固定净负荷0.80分位数,2025-07-02,76218.7743666208,76218.7743666208,0.0,0.0,7418.924706666665,6484.63221666667,46820.01633983931,0.0,26440.307872309993,73260.32421214931
方法B_固定净负荷0.80分位数,2025-07-03,74642.52685224886,74642.52685224886,0.0,0.0,10330.319570000001,978.0948233333345,45923.01798648602,0.0,38793.34061078667,84716.35859727269
方法B_固定净负荷0.80分位数,2025-07-04,33596.75831796868,33596.75831796868,0.0,0.0,8177.1155433333315,10414.77896333333,19065.628692942308,0.0,29773.968508421658,48839.59720136396
方法B_固定净负荷0.80分位数,2025-07-05,33588.58325064612,33588.58325064612,0.0,0.0,8282.288323333334,10632.715733333333,18894.351469051875,0.0,30418.188342875004,49312.53981192688
方法B_固定净负荷0.80分位数,2025-07-06,75645.846181493,75645.846181493,0.0,0.0,10674.457019999998,2286.8899833333367,46320.31685381101,0.0,41626.938979123326,87947.25583293434
方法B_固定净负荷0.80分位数,2025-07-07,76557.95028477554,76557.95028477554,0.0,0.0,6998.87541,5880.96077,47359.95862827566,0.0,23762.873920056667,71122.83254833233
方法B_固定净负荷0.80分位数,2025-07-08,79521.39660965579,79521.39660965579,0.0,0.0,7093.6469799999995,6786.611246666668,49377.657283219654,0.0,26293.437518819996,75671.09480203965
方法B_固定净负荷0.80分位数,2025-07-09,77701.26505276666,77701.26505276666,0.0,0.0,6230.776849999999,5625.016403333336,47904.11212589441,0.0,23560.350005626664,71464.46213152108
方法B_固定净负荷0.80分位数,2025-07-10,77512.58098321983,77512.58098321983,0.0,0.0,5942.221276666665,6332.603570000002,48025.32417707122,0.0,21708.22179047833,69733.54596754955
方法B_固定净负荷0.80分位数,2025-07-11,35078.56025667567,35078.56025667567,0.0,0.0,7103.468699999998,7173.146176666663,20150.685210471467,0.0,25089.084751418326,45239.7699618898
方法B_固定净负荷0.80分位数,2025-07-12,35131.11067288998,35131.11067288998,0.0,0.0,6871.558859999998,8428.990773333331,20053.02895468807,0.0,24736.605048574995,44789.63400326307
方法B_固定净负荷0.80分位数,2025-07-13,78052.85829407445,78052.85829407445,0.0,0.0,5746.654043333332,10258.705580000003,48197.30847540912,0.0,21896.301062399994,70093.60953780911
方法B_固定净负荷0.80分位数,2025-07-14,77740.44633639332,77740.44633639332,0.0,0.0,5803.919326666665,7474.119113333335,48160.25420060492,0.0,21993.63538044333,70153.88958104825
方法B_固定净负荷0.80分位数,2025-07-15,82919.96176020105,82919.96176020105,0.0,0.0,2694.3283999999976,8593.52856,51842.22819679882,0.0,9969.200538118326,61811.42873491714
方法B_固定净负荷0.80分位数,2025-07-16,80882.84580422081,80882.84580422081,0.0,0.0,3491.1544099999965,7991.136363333336,50198.63361083094,0.0,13157.153145121652,63355.7867559526
方法B_固定净负荷0.80分位数,2025-07-17,80684.37721790872,80684.37721790872,0.0,0.0,3390.0036133333306,7085.389473333335,50367.34669847859,0.0,12299.230090278324,62666.57678875691
方法B_固定净负荷0.80分位数,2025-07-18,38539.21962677816,38539.21962677816,0.0,0.0,2768.267886666664,7498.543206666664,22405.79858729264,0.0,10382.440583664991,32788.23917095763
方法B_固定净负荷0.80分位数,2025-07-19,38771.63117178048,38771.63117178048,0.0,0.0,3019.720309999997,12078.640363333332,22562.765704063575,0.0,11080.012624826657,33642.77832889023
方法B_固定净负荷0.80分位数,2025-07-20,81208.83416988539,81208.83416988539,0.0,0.0,2494.2496399999977,7340.019283333337,50549.93580572539,0.0,9127.273774708325,59677.209580433715
方法B_固定净负荷0.80分位数,2025-07-21,80921.08329203115,80921.08329203115,0.0,0.0,2761.80142,5430.568043333334,50436.73356650773,0.0,10792.791532488334,61229.52509899606
方法B_固定净负荷0.80分位数,2025-07-22,84952.98864385096,84952.98864385096,0.0,0.0,1277.9370066666663,8164.070046666667,53311.72010147297,0.0,4199.766736939999,57511.486838412966
方法B_固定净负荷0.80分位数,2025-07-23,83300.68113557242,83300.68113557242,0.0,0.0,1592.2734033333331,6428.10696666667,52005.85945748256,0.0,6828.085451018331,58833.9449085009
方法B_固定净负荷0.80分位数,2025-07-24,82969.30846043678,82969.30846043678,0.0,0.0,1698.818373333333,6783.079553333338,52020.16479598893,0.0,6663.571628246667,58683.7364242356
方法B_固定净负荷0.80分位数,2025-07-25,40621.29790860705,40621.29790860705,0.0,0.0,1067.0495199999998,12630.473753333332,23784.39865719211,0.0,4450.365062921668,28234.763720113777
方法B_固定净负荷0.80分位数,2025-07-26,41047.37413904469,41047.37413904469,0.0,0.0,1174.2712399999982,11221.076899999995,24171.08023401644,0.0,3910.9389640383283,28082.019198054768
方法B_固定净负荷0.80分位数,2025-07-27,83256.21711976986,83256.21711976986,0.0,0.0,1964.31713,7262.258170000005,52040.80920895293,0.0,7164.35438987,59205.16359882293
方法B_固定净负荷0.80分位数,2025-07-28,82887.22157474331,82887.22157474331,0.0,0.0,2480.905086666668,3137.660043333335,51951.15491117916,0.0,9647.345079053335,61598.49999023249
方法B_固定净负荷0.80分位数,2025-07-29,86019.20715751692,86019.20715751692,0.0,0.0,953.7759433333312,6627.790946666666,54022.55289515389,0.0,3758.0705197766606,57780.623414930546
方法B_固定净负荷0.80分位数,2025-07-30,84425.76131772107,84425.76131772107,0.0,0.0,1162.4389000000015,7236.645713333335,52922.0283685674,0.0,4942.62491302834,57864.65328159574
方法B_固定净负荷0.80分位数,2025-07-31,84216.53224282015,84216.53224282015,0.0,0.0,693.9965666666658,5954.445600000002,52896.685670116094,0.0,2537.6930028966626,55434.37867301276
方法B_固定净负荷0.80分位数,2025-08-01,41256.91024214011,41256.91024214011,0.0,0.0,800.7719866666657,18247.627193333334,24284.57999715038,0.0,2914.0963945049966,27198.67639165538
方法B_固定净负荷0.80分位数,2025-08-02,41670.85921828711,41670.85921828711,0.0,0.0,336.3094066666665,18525.868486666666,24565.786540653884,0.0,1423.6456148783327,25989.432155532217
方法B_固定净负荷0.80分位数,2025-08-03,83429.00773409425,83429.00773409425,0.0,0.0,775.2658799999996,17022.7918,52183.51115795898,0.0,3242.301854673333,55425.81301263231
方法B_固定净负荷0.80分位数,2025-08-04,83802.95251905377,83802.95251905377,0.0,0.0,341.1796766666663,14467.368319999998,52575.399942766155,0.0,1150.4968622399979,53725.89680500615
方法B_固定净负荷0.80分位数,2025-08-05,86511.8118135041,86511.8118135041,0.0,0.0,258.4353633333335,17341.991246666665,54386.211055791566,0.0,855.3519195316675,55241.56297532323
方法B_固定净负荷0.80分位数,2025-08-06,84684.39383270514,84684.39383270514,0.0,0.0,612.5191499999999,12934.213736666665,53131.325344628036,0.0,2205.882776698333,55337.20812132637
方法B_固定净负荷0.80分位数,2025-08-07,84266.40097923466,84266.40097923466,0.0,0.0,363.4247299999996,16981.332889999998,52935.23389653467,0.0,1229.152603588331,54164.38650012301
方法B_固定净负荷0.80分位数,2025-08-08,41444.14909255128,41444.14909255128,0.0,0.0,301.05684666666696,23418.15067333333,24415.163043597295,0.0,1342.7677464833341,25757.930790080627
方法B_固定净负荷0.80分位数,2025-08-09,41716.98001605074,41716.98001605074,0.0,0.0,368.05864999999994,20627.14084333333,24622.17753169091,0.0,1511.2835461333327,26133.461077824242
方法B_固定净负荷0.80分位数,2025-08-10,83834.14396357245,83834.14396357245,0.0,0.0,209.42712333333304,14396.950213333332,52539.40158592584,0.0,697.4238492033328,53236.825435129176
方法B_固定净负荷0.80分位数,2025-08-11,83406.35377888115,83406.35377888115,0.0,0.0,347.5835433333334,14942.610959999998,52287.86286141771,0.0,1373.1635120699984,53661.02637348771
方法B_固定净负荷0.80分位数,2025-08-12,86193.18009035045,86193.18009035045,0.0,0.0,321.0727900000003,14500.34599,54125.72858655067,0.0,1393.5119351316673,55519.24052168234
方法B_固定净负荷0.80分位数,2025-08-13,83163.29699967454,83163.29699967454,0.0,0.0,369.5589966666664,13215.19494333333,52059.92736453655,0.0,1480.1080394883318,53540.03540402488
方法B_固定净负荷0.80分位数,2025-08-14,83291.4087578813,83291.4087578813,0.0,0.0,580.2586533333333,13719.218240000006,52292.8236291722,0.0,2556.7022814116663,54849.52591058386
方法B_固定净负荷0.80分位数,2025-08-15,41423.57240580804,41423.57240580804,0.0,0.0,336.52156666666656,22045.96976333333,24398.723675284597,0.0,1076.5618574433329,25475.28553272793
方法B_固定净负荷0.80分位数,2025-08-16,41742.562164325216,41742.562164325216,0.0,0.0,371.1538266666662,22644.535536666666,24629.3244845871,0.0,1781.1570706099978,26410.4815551971
方法B_固定净负荷0.80分位数,2025-08-17,82894.01050502504,82894.01050502504,0.0,0.0,479.1123933333331,15888.91332,51886.36868472166,0.0,2153.8383601016644,54040.20704482333
方法B_固定净负荷0.80分位数,2025-08-18,81926.36241456239,81926.36241456239,0.0,0.0,632.2805199999996,14037.743036666669,51291.32436229861,0.0,2477.1140202349984,53768.43838253361
方法B_固定净负荷0.80分位数,2025-08-19,85066.43533230647,85066.43533230647,0.0,0.0,265.68919333333326,16786.68921333333,53331.88774432293,0.0,1275.7721123850013,54607.65985670793
方法B_固定净负荷0.80分位数,2025-08-20,82070.48533828957,82070.48533828957,0.0,0.0,1000.0708833333331,8245.473870000003,51455.88678315032,0.0,4434.245756084999,55890.13253923532
方法B_固定净负荷0.80分位数,2025-08-21,82790.82162076332,82790.82162076332,0.0,0.0,350.1172466666666,13071.255976666669,52072.28684978049,0.0,1775.9639006650002,53848.25075044549
方法B_固定净负荷0.80分位数,2025-08-22,41559.08661054155,41559.08661054155,0.0,0.0,843.5953533333329,18597.991186666666,24452.282023550106,0.0,3447.900946278331,27900.182969828435
方法B_固定净负荷0.80分位数,2025-08-23,41959.61202955028,41959.61202955028,0.0,0.0,223.33771333333397,17098.28741333333,24790.786489770286,0.0,758.0404632016694,25548.82695297196
方法B_固定净负荷0.80分位数,2025-08-24,81222.5791771072,81222.5791771072,0.0,0.0,625.8105100000002,13922.148400000004,50934.15526397444,0.0,2954.7688555533346,53888.92411952777
方法B_固定净负荷0.80分位数,2025-08-25,81804.9782066396,81804.9782066396,0.0,0.0,1267.1685666666658,8219.600540000001,51236.16761885892,0.0,5111.919402126663,56348.08702098558
方法B_固定净负荷0.80分位数,2025-08-26,82954.08944176747,82954.08944176747,0.0,0.0,340.3099499999996,13586.865633333337,51950.30659452185,0.0,1608.2771867833326,53558.583781305184
方法B_固定净负荷0.80分位数,2025-08-27,81394.8425589048,81394.8425589048,0.0,0.0,465.35286333333295,9773.875953333338,51103.249633922875,0.0,2084.2500229066645,53187.49965682954
方法B_固定净负荷0.80分位数,2025-08-28,81816.55949902613,81816.55949902613,0.0,0.0,1776.800319999999,8554.07717666667,51457.69930428033,0.0,7203.19710813166,58660.896412411996
方法B_固定净负荷0.80分位数,2025-08-29,41947.42958090986,41947.42958090986,0.0,0.0,1115.9987933333332,17924.38796333333,24744.410942578932,0.0,4808.581336008332,29552.992278587262
方法B_固定净负荷0.80分位数,2025-08-30,42057.71251810296,42057.71251810296,0.0,0.0,506.9961500000003,21496.477436666664,24861.193027436926,0.0,2249.580121663334,27110.77314910026
方法B_固定净负荷0.80分位数,2025-08-31,79354.34459272047,79354.34459272047,0.0,0.0,740.1187099999995,9310.03886333333,49974.64652016354,0.0,3271.426149696664,53246.0726698602
方法B_固定净负荷0.80分位数,2025-09-01,80811.12110606737,80811.12110606737,0.0,0.0,0.0,23191.960450000002,50811.048232595924,0.0,0.0,50811.048232595924
方法B_固定净负荷0.80分位数,2025-09-02,80629.55357320077,80629.55357320077,0.0,0.0,221.49329333333355,22739.811350000004,50657.879520925664,0.0,892.7069036400009,51550.58642456566
方法B_固定净负荷0.80分位数,2025-09-03,80923.68986093535,80923.68986093535,0.0,0.0,24.51619333333315,21202.5447,50827.74837695753,0.0,75.96201539833277,50903.71039235585
方法B_固定净负荷0.80分位数,2025-09-04,80399.79295209667,80399.79295209667,0.0,0.0,183.78732000000014,22499.290746666666,50677.557473011424,0.0,752.9525520616669,51430.51002507309
方法B_固定净负荷0.80分位数,2025-09-05,41853.199527819306,41853.199527819306,0.0,0.0,211.97884333333332,32609.806899999996,24583.962620552287,0.0,953.8750137899999,25537.837634342286
方法B_固定净负荷0.80分位数,2025-09-06,41656.44998302516,41656.44998302516,0.0,0.0,366.08066333333323,31754.439166666667,24626.174821694127,0.0,1496.492269703333,26122.66709139746
方法B_固定净负荷0.80分位数,2025-09-07,77166.22843133604,77166.22843133604,0.0,0.0,69.49952666666638,18270.56196333333,48785.38267950182,0.0,333.4211926949987,49118.80387219682
方法B_固定净负荷0.80分位数,2025-09-08,79596.6668453171,79596.6668453171,0.0,0.0,228.52641666666696,16373.58824666667,50083.207294282656,0.0,930.9281258050021,51014.13542008765
方法B_固定净负荷0.80分位数,2025-09-09,78959.02668064524,78959.02668064524,0.0,0.0,190.99452666666627,22059.959113333338,49537.20302501341,0.0,815.1823521699984,50352.38537718341
方法B_固定净负荷0.80分位数,2025-09-10,79808.13981971667,79808.13981971667,0.0,0.0,1004.5560900000005,15299.095700000003,50181.91825955139,0.0,4409.071424564999,54590.989684116386
方法B_固定净负荷0.80分位数,2025-09-11,79489.2113895349,79489.2113895349,0.0,0.0,269.6777400000003,22127.94895666667,50077.554720999535,0.0,1226.0056938100013,51303.56041480954
方法B_固定净负荷0.80分位数,2025-09-12,41242.51544884926,41242.51544884926,0.0,0.0,438.98521999999946,27502.818986666665,24184.5093565765,0.0,1794.4019633066644,25978.911319883162
方法B_固定净负荷0.80分位数,2025-09-13,41140.721019091645,41140.721019091645,0.0,0.0,638.06683,31198.885929999997,24246.769319745043,0.0,2719.95631117,26966.725630915043
方法B_固定净负荷0.80分位数,2025-09-14,76035.89971175256,76035.89971175256,0.0,0.0,917.1220266666667,12904.763963333333,48081.974951990975,0.0,4516.741140811666,52598.71609280264
方法B_固定净负荷0.80分位数,2025-09-15,78614.04132159565,78614.04132159565,0.0,0.0,1061.6126933333335,20552.10096333333,49417.58290407226,0.0,4438.537205281667,53856.12010935393
方法B_固定净负荷0.80分位数,2025-09-16,76924.26108248426,76924.26108248426,0.0,0.0,819.9645933333329,14275.209283333334,48421.56938192374,0.0,3033.823311218331,51455.39269314207
方法B_固定净负荷0.80分位数,2025-09-17,79310.95893455768,79310.95893455768,0.0,0.0,682.0384533333336,15831.203956666664,49873.35649334339,0.0,3148.907466566668,53022.26395991005
方法B_固定净负荷0.80分位数,2025-09-18,78011.42897926913,78011.42897926913,0.0,0.0,792.2124466666668,15771.74502666667,49070.354190933394,0.0,3443.774536575,52514.12872750839
方法B_固定净负荷0.80分位数,2025-09-19,41065.563018960376,41065.563018960376,0.0,0.0,1100.6668799999995,23372.218459999996,24004.54944919983,0.0,4604.013790343332,28608.563239543164
方法B_固定净负荷0.80分位数,2025-09-20,40735.25739117411,40735.25739117411,0.0,0.0,1351.948883333335,23826.47696,23896.634227355422,0.0,5655.05628153334,29551.69050888876
方法B_固定净负荷0.80分位数,2025-09-21,75271.20659920272,75271.20659920272,0.0,0.0,1102.8143933333326,14078.936203333335,47603.216675313604,0.0,3792.3877050733317,51395.60438038694
方法B_固定净负荷0.80分位数,2025-09-22,76220.54931024584,76220.54931024584,0.0,0.0,986.6816099999985,12555.318813333335,47998.54998737991,0.0,4356.315588229992,52354.8655756099
方法B_固定净负荷0.80分位数,2025-09-23,74439.66336743912,74439.66336743912,0.0,0.0,2323.393043333332,10734.078453333332,47043.766826907726,0.0,10458.27311013666,57502.039937044385
方法B_固定净负荷0.80分位数,2025-09-24,78022.97956309219,78022.97956309219,0.0,0.0,1006.2257166666686,13797.472110000002,49089.48730536697,0.0,4291.616892535003,53381.10419790198
方法B_固定净负荷0.80分位数,2025-09-25,75807.53243055091,75807.53243055091,0.0,0.0,1483.4070199999994,12869.75532,47702.37569509555,0.0,6281.742576811664,53984.11827190721
方法B_固定净负荷0.80分位数,2025-09-26,40761.34507826152,40761.34507826152,0.0,0.0,1569.5084433333286,21909.834269999996,23821.195897975183,0.0,6465.562274414981,30286.758172390164
方法B_固定净负荷0.80分位数,2025-09-27,40592.522365894474,40592.522365894474,0.0,0.0,2343.88309333333,22462.25760999999,23741.161836482985,0.0,9839.101430326647,33580.263266809634
方法B_固定净负荷0.80分位数,2025-09-28,73432.77143298519,73432.77143298519,0.0,0.0,4077.5501133333364,10113.561520000001,46589.535434996615,0.0,18672.253806073346,65261.78924106996
方法B_固定净负荷0.80分位数,2025-09-29,74042.13153037055,74042.13153037055,0.0,0.0,2601.659739999999,9844.678710000002,46691.73701589554,0.0,11634.285524813327,58326.022540708866
方法B_固定净负荷0.80分位数,2025-09-30,73671.07960623267,73671.07960623267,0.0,0.0,4758.376456666669,9031.65294,46596.95689077409,0.0,21779.45285625167,68376.40974702575
方法B_固定净负荷0.80分位数,2025-10-01,76081.63271979244,76081.63271979244,0.0,0.0,266.72676333333277,22526.090533333336,47908.68561853916,0.0,1145.6091283383312,49054.29474687749
方法B_固定净负荷0.80分位数,2025-10-02,73471.3610454026,73471.3610454026,0.0,0.0,653.0624333333326,18334.4562,46355.865874787974,0.0,2785.5571712366636,49141.42304602464
方法B_固定净负荷0.80分位数,2025-10-03,40370.93473876686,40370.93473876686,0.0,0.0,371.25417666666675,30152.188753333336,23536.561303285504,0.0,1578.6552148800004,25115.216518165504
方法B_固定净负荷0.80分位数,2025-10-04,40751.0805462458,40751.0805462458,0.0,0.0,1046.6622233333328,25932.41391,23775.230758973546,0.0,4513.444430389997,28288.675189363545
方法B_固定净负荷0.80分位数,2025-10-05,74444.89605809575,74444.89605809575,0.0,0.0,649.2282233333333,16266.072896666668,46956.82942489154,0.0,2916.39930394,49873.22872883154
方法B_固定净负荷0.80分位数,2025-10-06,74383.94357634975,74383.94357634975,0.0,0.0,628.8368199999994,13149.722746666668,46867.324140138626,0.0,2760.074982179999,49627.399122318624
方法B_固定净负荷0.80分位数,2025-10-07,74600.90895501133,74600.90895501133,0.0,0.0,1369.6497533333327,14058.274153333332,47082.11343680861,0.0,6678.104928414996,53760.218365223605
方法B_固定净负荷0.80分位数,2025-10-08,74586.52268882003,74586.52268882003,0.0,0.0,1219.3390366666672,15197.526113333339,46952.88817181046,0.0,4978.2410233400005,51931.12919515046
方法B_固定净负荷0.80分位数,2025-10-09,72868.70635494075,72868.70635494075,0.0,0.0,1575.406789999998,14601.22918,46010.85696539958,0.0,6490.666365333327,52501.5233307329
方法B_固定净负荷0.80分位数,2025-10-10,39803.12070444999,39803.12070444999,0.0,0.0,1007.4022566666669,28662.198679999998,23115.916005314,0.0,4355.014875451668,27470.93088076567
方法B_固定净负荷0.80分位数,2025-10-11,40560.20288989162,40560.20288989162,0.0,0.0,1187.9652933333325,24780.60435333333,23543.388620536694,0.0,5048.657816544998,28592.04643708169
方法B_固定净负荷0.80分位数,2025-10-12,73447.03647270486,73447.03647270486,0.0,0.0,1289.5154766666658,12123.666726666668,46384.17260377599,0.0,5542.742338739997,51926.914942515985
方法B_固定净负荷0.80分位数,2025-10-13,72102.77330619252,72102.77330619252,0.0,0.0,903.4811299999992,11848.910733333341,45204.786406092746,0.0,4244.930630709996,49449.717036802744
方法B_固定净负荷0.80分位数,2025-10-14,72150.74911922502,72150.74911922502,0.0,0.0,1930.008326666666,9185.269133333335,45448.464800754045,0.0,8813.33587493333,54261.80067568737
方法B_固定净负荷0.80分位数,2025-10-15,72286.78166317461,72286.78166317461,0.0,0.0,2197.2004533333325,8439.666600000006,45319.71961830843,0.0,9246.277265821665,54565.9968841301
方法B_固定净负荷0.80分位数,2025-10-16,70667.41549130986,70667.41549130986,0.0,0.0,4628.9287933333335,8246.969050000003,44421.75728221349,0.0,20555.578352221666,64977.335634435156
方法B_固定净负荷0.80分位数,2025-10-17,37537.276661305434,37537.276661305434,0.0,0.0,1304.229613333334,19983.850553333337,21462.42095394937,0.0,5630.03473476167,27092.455688711045
方法B_固定净负荷0.80分位数,2025-10-18,38305.16979520144,38305.16979520144,0.0,0.0,1129.2644500000017,20424.96716333334,21860.775966016685,0.0,4929.8480202133405,26790.623986230024
方法B_固定净负荷0.80分位数,2025-10-19,71389.78749580187,71389.78749580187,0.0,0.0,4435.099406666665,7838.475240000002,44849.22820122666,0.0,19635.946600743326,64485.17480196999
方法B_固定净负荷0.80分位数,2025-10-20,69149.8317704757,69149.8317704757,0.0,0.0,4075.882913333333,4654.983909999999,42962.756178618365,0.0,18760.274777866663,61723.03095648503
方法B_固定净负荷0.80分位数,2025-10-21,69694.94438596928,69694.94438596928,0.0,0.0,5466.297763333333,4577.001766666668,43663.0033524909,0.0,21548.881311991663,65211.88466448257
方法B_固定净负荷0.80分位数,2025-10-22,69482.93662972764,69482.93662972764,0.0,0.0,4916.166413333332,4717.60675666667,43160.46364990963,0.0,21619.787710436656,64780.25136034629
方法B_固定净负荷0.80分位数,2025-10-23,68043.88133986536,68043.88133986536,0.0,0.0,4296.179283333332,4872.2708,42592.932262971735,0.0,18825.826544543328,61418.75880751506
方法B_固定净负荷0.80分位数,2025-10-24,34341.46353378869,34341.46353378869,0.0,0.0,2875.5712533333317,15877.606153333329,19016.119930596622,0.0,12584.408960133329,31600.52889072995
方法B_固定净负荷0.80分位数,2025-10-25,34946.11861355522,34946.11861355522,0.0,0.0,2211.5764333333314,14785.126959999994,19417.106055570883,0.0,9552.852210468323,28969.958266039204
方法B_固定净负荷0.80分位数,2025-10-26,69115.26865827433,69115.26865827433,0.0,0.0,3793.486316666666,4256.41554,42973.36893349982,0.0,16474.571507198332,59447.94044069815
方法B_固定净负荷0.80分位数,2025-10-27,68527.51536826004,68527.51536826004,0.0,0.0,4313.3457033333325,5175.787466666667,42528.49692194724,0.0,19120.932895003327,61649.429816950564
方法B_固定净负荷0.80分位数,2025-10-28,70820.98200015021,70820.98200015021,0.0,0.0,3811.03644333333,4498.845416666668,44269.47126449395,0.0,16140.172368928317,60409.64363342227
方法B_固定净负荷0.80分位数,2025-10-29,69204.39781629374,69204.39781629374,0.0,0.0,7610.531613333327,3403.470373333333,42846.90721491735,0.0,31868.74468803331,74715.65190295066
方法B_固定净负荷0.80分位数,2025-10-30,68443.04338997175,68443.04338997175,0.0,0.0,4165.848803333331,3699.040993333332,42860.3423225759,0.0,17405.151684268323,60265.49400684423
方法B_固定净负荷0.80分位数,2025-10-31,33772.93806874809,33772.93806874809,0.0,0.0,4765.683203333332,11641.19213,18439.58448417094,0.0,19464.732148656658,37904.3166328276
方法B_固定净负荷0.80分位数,2025-11-01,34367.93653552254,34367.93653552254,0.0,0.0,3399.143246666667,12213.165343333329,18919.91866082277,0.0,14487.223427473335,33407.1420882961
方法B_固定净负荷0.80分位数,2025-11-02,69855.38448992335,69855.38448992335,0.0,0.0,6094.789029999998,3020.3263633333327,43445.73444097081,0.0,26085.255151614994,69530.9895925858
方法B_固定净负荷0.80分位数,2025-11-03,69729.21087492543,69729.21087492543,0.0,0.0,7084.5251833333305,3168.582136666668,43455.45598835741,0.0,26804.967929526654,70260.42391788407
方法B_固定净负荷0.80分位数,2025-11-04,72176.32516529538,72176.32516529538,0.0,0.0,3391.128066666666,3803.197920000003,45146.649847615176,0.0,14038.991572778328,59185.641420393506
方法B_固定净负荷0.80分位数,2025-11-05,71734.98642963041,71734.98642963041,0.0,0.0,5057.040999999999,2970.6310799999987,44598.44069010203,0.0,20159.231999636664,64757.67268973868
方法B_固定净负荷0.80分位数,2025-11-06,70080.53396472133,70080.53396472133,0.0,0.0,8225.705406666664,2759.2296366666656,43885.394658816105,0.0,33305.57796621665,77190.97262503277
方法B_固定净负荷0.80分位数,2025-11-07,34212.782891437935,34212.782891437935,0.0,0.0,3686.510236666665,11486.677036666666,18593.554876849965,0.0,15830.37713454666,34423.932011396624
方法B_固定净负荷0.80分位数,2025-11-08,34423.400316566345,34423.400316566345,0.0,0.0,3557.047040000001,11123.654320000001,18820.222178836364,0.0,14351.44153029667,33171.663709133034
方法B_固定净负荷0.80分位数,2025-11-09,71953.3983129345,71953.3983129345,0.0,0.0,6434.275100000001,2845.772826666668,44820.750027040434,0.0,26206.10555800667,71026.8555850471
方法B_固定净负荷0.80分位数,2025-11-10,71987.4453776317,71987.4453776317,0.0,0.0,8656.11554333333,2629.3594433333337,45076.149184632435,0.0,33442.56553398832,78518.71471862076
方法B_固定净负荷0.80分位数,2025-11-11,73502.65824923481,73502.65824923481,0.0,0.0,5358.2622,3100.005040000001,46063.54861330245,0.0,22229.168576608332,68292.71718991079
方法B_固定净负荷0.80分位数,2025-11-12,73775.32866347342,73775.32866347342,0.0,0.0,3953.8235066666693,2426.7312033333346,45806.67440128798,0.0,17986.509224458347,63793.18362574633
方法B_固定净负荷0.80分位数,2025-11-13,71278.15750622384,71278.15750622384,0.0,0.0,7353.256566666664,2052.41499,44456.01195165416,0.0,28358.83534649666,72814.84729815082
方法B_固定净负荷0.80分位数,2025-11-14,34437.53819150926,34437.53819150926,0.0,0.0,4354.500743333331,7998.552763333332,18506.241238201605,0.0,16907.43255621499,35413.673794416594
方法B_固定净负荷0.80分位数,2025-11-15,34467.23622750206,34467.23622750206,0.0,0.0,4270.872429999994,7366.5322199999955,18567.652228552262,0.0,16880.65849971164,35448.3107282639
方法B_固定净负荷0.80分位数,2025-11-16,73966.15964181762,73966.15964181762,0.0,0.0,6867.645736666662,2076.757330000002,46058.096511484575,0.0,28093.230265933315,74151.3267774179
方法B_固定净负荷0.80分位数,2025-11-17,74785.22762042948,74785.22762042948,0.0,0.0,4830.795346666662,2612.9273600000015,46569.9464977324,0.0,20970.998869873318,67540.94536760572
方法B_固定净负荷0.80分位数,2025-11-18,74617.46950219893,74617.46950219893,0.0,0.0,7019.670943333334,2404.6506066666675,46513.35735365161,0.0,26984.742289658338,73498.09964330995
方法B_固定净负荷0.80分位数,2025-11-19,74911.84844345285,74911.84844345285,0.0,0.0,5918.8138299999955,1060.4467099999995,46456.07670238557,0.0,24146.148341776654,70602.22504416223
方法B_固定净负荷0.80分位数,2025-11-20,73864.17146169211,73864.17146169211,0.0,0.0,6559.880299999996,1294.714059999999,45727.28348181959,0.0,26523.390287833317,72250.6737696529
方法B_固定净负荷0.80分位数,2025-11-21,34499.84135032819,34499.84135032819,0.0,0.0,3984.083553333335,6335.873233333334,18320.769273006234,0.0,15283.552419891674,33604.32169289791
方法B_固定净负荷0.80分位数,2025-11-22,34453.47192874893,34453.47192874893,0.0,0.0,4492.570883333333,5485.646779999999,18286.869665903083,0.0,18006.53070083833,36293.400366741414
方法B_固定净负荷0.80分位数,2025-11-23,76045.40730301307,76045.40730301307,0.0,0.0,5373.845986666664,1729.9587933333332,47256.6510129996,0.0,22055.906731679992,69312.5577446796
方法B_固定净负荷0.80分位数,2025-11-24,77036.26713512915,77036.26713512915,0.0,0.0,3136.45722333333,1603.9814966666668,47881.72137901979,0.0,13297.344262493325,61179.065641513116
方法B_固定净负荷0.80分位数,2025-11-25,76036.12683640925,76036.12683640925,0.0,0.0,5877.763053333326,1329.0475366666672,47173.186449431865,0.0,23312.30013895498,70485.48658838685
方法B_固定净负荷0.80分位数,2025-11-26,76788.1875991745,76788.1875991745,0.0,0.0,5973.850949999998,1548.3449499999997,47778.45497453715,0.0,23037.836585008325,70816.29155954547
方法B_固定净负荷0.80分位数,2025-11-27,77379.19670838995,77379.19670838995,0.0,0.0,4268.963226666665,1434.0162233333328,48102.63111851557,0.0,17342.36909128166,65445.00020979723
方法B_固定净负荷0.80分位数,2025-11-28,35118.63724186763,35118.63724186763,0.0,0.0,3718.065293333333,4548.91428333333,18650.731389203727,0.0,15847.951596044995,34498.68298524873
方法B_固定净负荷0.80分位数,2025-11-29,35085.27434158543,35085.27434158543,0.0,0.0,6801.786063333335,3603.201743333334,18570.957626475305,0.0,26200.62845109333,44771.58607756864
方法B_固定净负荷0.80分位数,2025-11-30,78454.31204770374,78454.31204770374,0.0,0.0,7493.03222333333,1239.461486666667,48960.103545031285,0.0,28950.229855161655,77910.33340019295
方法B_固定净负荷0.80分位数,2025-12-01,78438.31822795312,78438.31822795312,0.0,0.0,12741.35161666666,443.11618333333377,48868.88656484928,0.0,49780.181446651644,98649.06801150092
方法B_固定净负荷0.80分位数,2025-12-02,78497.92177134096,78497.92177134096,0.0,0.0,14862.19698333333,302.21921999999984,48881.037734291844,0.0,58101.78328629665,106982.8210205885
方法B_固定净负荷0.80分位数,2025-12-03,79124.64022169496,79124.64022169496,0.0,0.0,12993.351509999997,527.1657366666665,49556.003705144336,0.0,47604.765642571656,97160.76934771599
方法B_固定净负荷0.80分位数,2025-12-04,79629.21228919024,79629.21228919024,0.0,0.0,12037.98583,425.6134900000007,49829.216665061474,0.0,46610.85509484333,96440.07175990481
方法B_固定净负荷0.80分位数,2025-12-05,35826.07077893512,35826.07077893512,0.0,0.0,10913.904279999997,1986.9767435802428,19096.379144259045,0.0,43508.85148122332,62605.23062548236
方法B_固定净负荷0.80分位数,2025-12-06,35825.789049826475,35825.789049826475,0.0,0.0,12379.305541604936,1081.1531700000003,18969.967445384966,0.0,47112.46635593629,66082.43380132125
方法B_固定净负荷0.80分位数,2025-12-07,80813.877529915,80813.877529915,0.0,0.0,11650.750796666667,360.75088000000017,50817.01007078389,0.0,43553.78042183833,94370.79049262223
方法B_固定净负荷0.80分位数,2025-12-08,80475.86732227581,80475.86732227581,0.0,0.0,12447.328286666665,656.26077,50357.58414053086,0.0,47146.78126019499,97504.36540072584
方法B_固定净负荷0.80分位数,2025-12-09,81949.79289360625,81949.79289360625,0.0,0.0,10318.59051,424.87907333333374,51325.29493871857,0.0,41782.53550132333,93107.8304400419
方法B_固定净负荷0.80分位数,2025-12-10,82237.91364070764,82237.91364070764,0.0,0.0,11206.924176666666,602.5419400000007,51690.81628569339,0.0,41512.890270405005,93203.70655609839
方法B_固定净负荷0.80分位数,2025-12-11,81930.7581169189,81930.7581169189,0.0,0.0,9098.952803333334,562.3266600000004,51457.04749534005,0.0,34883.14593380833,86340.19342914838
方法B_固定净负荷0.80分位数,2025-12-12,36916.996769871046,36916.996769871046,0.0,0.0,11672.575036666669,1339.6128399999998,19683.603473043604,0.0,43158.85741464,62842.4608876836
方法B_固定净负荷0.80分位数,2025-12-13,38030.77666448049,38030.77666448049,0.0,0.0,9877.166489999996,555.29061,20082.043130983566,0.0,39562.48248821832,59644.52561920188
方法B_固定净负荷0.80分位数,2025-12-14,84705.34026618539,84705.34026618539,0.0,0.0,9151.360866666666,443.02647000000013,53403.03605858394,0.0,34722.630990231664,88125.6670488156
方法B_固定净负荷0.80分位数,2025-12-15,86782.34949656898,86782.34949656898,0.0,0.0,8054.747269999994,680.2283133333339,54842.2786995691,0.0,29450.347790581647,84292.62649015075
方法B_固定净负荷0.80分位数,2025-12-16,87953.21125286646,87953.21125286646,0.0,0.0,6702.139389999997,518.9605633333334,55703.502879874824,0.0,24607.039293026653,80310.54217290148
方法B_固定净负荷0.80分位数,2025-12-17,88276.32786215443,88276.32786215443,0.0,0.0,5344.196246666664,710.37834,55774.442703156754,0.0,19840.91585478999,75615.35855794675
方法B_固定净负荷0.80分位数,2025-12-18,86992.01071640188,86992.01071640188,0.0,0.0,5770.369153333329,712.2727033333356,55027.68513290637,0.0,23100.77020163832,78128.45533454469
方法B_固定净负荷0.80分位数,2025-12-19,41394.999171924464,41394.999171924464,0.0,0.0,5959.687879999995,599.6759100000003,21759.91644088464,0.0,22231.028952488316,43990.94539337296
方法B_固定净负荷0.80分位数,2025-12-20,43809.26648744156,43809.26648744156,0.0,0.0,3717.680899999997,853.0221800000016,22833.431332368895,0.0,15366.69756712499,38200.12889949388
方法B_固定净负荷0.80分位数,2025-12-21,89613.46035062597,89613.46035062597,0.0,0.0,5035.2707066666635,892.6511733333334,56877.41846128474,0.0,18303.408879151655,75180.82734043639
方法B_固定净负荷0.80分位数,2025-12-22,91754.99792687032,91754.99792687032,0.0,0.0,2742.0421933333314,838.4560000000005,58411.53303982349,0.0,10139.61483445166,68551.14787427515
方法B_固定净负荷0.80分位数,2025-12-23,92247.3263729326,92247.3263729326,0.0,0.0,1529.1693799999966,1785.65658,58962.028028020315,0.0,5136.904893438322,64098.93292145864
方法B_固定净负荷0.80分位数,2025-12-24,92209.22831724545,92209.22831724545,0.0,0.0,2182.6362599999993,1791.4944466666666,58554.371920940794,0.0,9083.444860226666,67637.81678116746
方法B_固定净负荷0.80分位数,2025-12-25,90627.84950549573,90627.84950549573,0.0,0.0,3367.796449999998,1464.8999900000013,57819.78408150111,0.0,10996.00183355166,68815.78591505277
方法B_固定净负荷0.80分位数,2025-12-26,45778.08002357103,45778.08002357103,0.0,0.0,2539.412589999996,1342.3971133333343,23936.588290818574,0.0,9719.428254279985,33656.01654509856
方法B_固定净负荷0.80分位数,2025-12-27,46699.14321266183,46699.14321266183,0.0,0.0,2147.9826100000005,1500.6009999999994,24273.620781438818,0.0,7967.552636408334,32241.173417847152
方法B_固定净负荷0.80分位数,2025-12-28,92655.17315308141,92655.17315308141,0.0,0.0,1665.1196899999998,2767.6645266666674,59109.443942631195,0.0,6010.87857564,65120.3225182712
方法B_固定净负荷0.80分位数,2025-12-29,93545.7779515053,93545.7779515053,0.0,0.0,1143.5784599999993,2406.8946266666658,59610.901637327064,0.0,3775.059601576664,63385.96123890373
方法B_固定净负荷0.80分位数,2025-12-30,93567.37512398689,93567.37512398689,0.0,0.0,600.7110999999989,3179.863526666668,59834.80301269125,0.0,2163.812017856661,61998.61503054791
方法B_固定净负荷0.80分位数,2025-12-31,98684.99016611838,98684.99016611838,0.0,0.0,2022.095273333332,1968.0922733333332,61625.51560808746,0.0,8151.475487494994,69776.99109558246
方法C_滚动净负荷分位数,2025-01-01,54149.36558717003,54149.36558717003,0.0,0.0,36514.41488333333,21.217300000000023,32909.865288866175,0.0,146586.90245181666,179496.76774068284
方法C_滚动净负荷分位数,2025-01-02,96853.43825448016,96853.43825448016,0.0,0.0,2483.2580333333335,1633.1887833333321,61853.47911169965,0.0,9532.153857958338,71385.63296965799
方法C_滚动净负荷分位数,2025-01-03,98536.02588261303,98536.02588261303,0.0,0.0,0.0,48190.19732,63124.98434730495,0.0,0.0,63124.98434730495
方法C_滚动净负荷分位数,2025-01-04,97702.04905225526,97702.04905225526,0.0,0.0,34.972000000000094,48141.218956666664,62522.5288987349,0.0,74.77013600000019,62597.2990347349
方法C_滚动净负荷分位数,2025-01-05,96935.71022098721,96935.71022098721,0.0,0.0,1422.8089299999983,2503.29659,61949.07477821786,0.0,5475.390809239993,67424.46558745786
方法C_滚动净负荷分位数,2025-01-06,97686.82948795713,97686.82948795713,0.0,0.0,1062.0088366666662,3278.5408666666663,62530.94878882862,0.0,4541.081252353333,67072.03004118195
方法C_滚动净负荷分位数,2025-01-07,98011.95567929588,98011.95567929588,0.0,0.0,1583.1145166666663,2193.7924833333327,62839.82455340324,0.0,5865.712655983332,68705.53720938657
方法C_滚动净负荷分位数,2025-01-08,98463.26244562396,98463.26244562396,0.0,0.0,729.3383133333339,4827.31734,63132.62863749393,0.0,2456.661116961669,65589.2897544556
方法C_滚动净负荷分位数,2025-01-09,98494.23328912667,98494.23328912667,0.0,0.0,839.7149599999981,3404.8933666666653,63145.60276076862,0.0,2782.5770381849948,65928.17979895361
方法C_滚动净负荷分位数,2025-01-10,98652.45649635307,98652.45649635307,0.0,0.0,0.0,48322.89960333333,63248.4417262695,0.0,0.0,63248.4417262695
方法C_滚动净负荷分位数,2025-01-11,98338.59990733543,98338.59990733543,0.0,0.0,4.073999999999955,48640.37954333333,63025.61254378141,0.0,8.710211999999904,63034.32275578142
方法C_滚动净负荷分位数,2025-01-12,98027.13165162057,98027.13165162057,0.0,0.0,509.70930000000055,2837.027233333334,62803.80461262764,0.0,1717.5915039166687,64521.39611654431
方法C_滚动净负荷分位数,2025-01-13,98049.35528288061,98049.35528288061,0.0,0.0,415.7515399999995,5359.707399999999,62801.6715846913,0.0,1250.8489566916653,64052.52054138297
方法C_滚动净负荷分位数,2025-01-14,97975.26884927785,97975.26884927785,0.0,0.0,472.62732000000005,4338.6236400000025,62742.02107522914,0.0,1465.6156004433337,64207.63667567247
方法C_滚动净负荷分位数,2025-01-15,97954.59273247537,97954.59273247537,0.0,0.0,552.2474733333333,3609.7453699999987,62710.91693520327,0.0,2503.918728868333,65214.8356640716
方法C_滚动净负荷分位数,2025-01-16,97988.18068149876,97988.18068149876,0.0,0.0,685.4847700000004,4770.031913333333,62765.673315467415,0.0,2912.699960480002,65678.37327594742
方法C_滚动净负荷分位数,2025-01-17,98025.54586363652,98025.54586363652,0.0,0.0,0.0,50508.692716666665,62814.29807292438,0.0,0.0,62814.29807292438
方法C_滚动净负荷分位数,2025-01-18,97801.23886168042,97801.23886168042,0.0,0.0,27.15599999999995,49759.895359999995,62657.58478419532,0.0,58.05952799999989,62715.64431219533
方法C_滚动净负荷分位数,2025-01-19,97578.79219303252,97578.79219303252,0.0,0.0,347.66660666666655,4419.078043333333,62501.66697400041,0.0,1464.2285592983324,63965.89553329874
方法C_滚动净负荷分位数,2025-01-20,97519.11327020059,97519.11327020059,0.0,0.0,309.5242500000005,4936.080963333332,62475.20457107223,0.0,1283.4419823583346,63758.64655343057
方法C_滚动净负荷分位数,2025-01-21,97425.11105932698,97425.11105932698,0.0,0.0,315.70332333333386,9440.77688,62424.3761604438,0.0,1000.8412401700016,63425.2174006138
方法C_滚动净负荷分位数,2025-01-22,97507.14340428635,97507.14340428635,0.0,0.0,469.5220866666667,4253.768306666667,62478.79001449821,0.0,1836.8138517216662,64315.60386621988
方法C_滚动净负荷分位数,2025-01-23,97636.02480865731,97636.02480865731,0.0,0.0,376.36265333333324,3618.606399999999,62572.9435144321,0.0,1066.1369011100007,63639.08041554211
方法C_滚动净负荷分位数,2025-01-24,97854.8616052119,97854.8616052119,0.0,0.0,0.0,53197.592996666666,62682.74399748459,0.0,0.0,62682.74399748459
方法C_滚动净负荷分位数,2025-01-25,97854.8616052119,97854.8616052119,0.0,0.0,0.0,54587.43068,62682.74399748459,0.0,0.0,62682.74399748459
方法C_滚动净负荷分位数,2025-01-26,97854.8616052119,97854.8616052119,0.0,0.0,227.8418499999998,5555.857963333332,62682.74399748459,0.0,689.827862204998,63372.57185968959
方法C_滚动净负荷分位数,2025-01-27,98004.82953582075,98004.82953582075,0.0,0.0,155.61840333333316,9137.6757,62769.5849973881,0.0,499.0274756466663,63268.61247303476
方法C_滚动净负荷分位数,2025-01-28,98057.11134146848,98057.11134146848,0.0,0.0,240.89749333333373,6489.754013333333,62802.0538982259,0.0,728.1700804716669,63530.22397869757
方法C_滚动净负荷分位数,2025-01-29,98109.48740716092,98109.48740716092,0.0,0.0,102.74673666666683,11999.177639999998,62833.108131130626,0.0,332.0164268633346,63165.12455799396
方法C_滚动净负荷分位数,2025-01-30,97626.14583177058,97626.14583177058,0.0,0.0,143.81094666666718,9204.60267,62510.43091247238,0.0,632.825691598335,63143.25660407072
方法C_滚动净负荷分位数,2025-01-31,97197.08166108334,97197.08166108334,0.0,0.0,0.0,53615.65932,62210.95722451392,0.0,0.0,62210.95722451392
方法C_滚动净负荷分位数,2025-02-01,97197.0816610835,97197.0816610835,0.0,0.0,0.0,58001.806436666666,62210.95722451391,0.0,0.0,62210.95722451391
方法C_滚动净负荷分位数,2025-02-02,97197.08166108355,97197.08166108355,0.0,0.0,10.559680000000185,14034.264100000002,62210.95722451391,0.0,66.1778933133345,62277.135117827245
方法C_滚动净负荷分位数,2025-02-03,96704.98062272681,96704.98062272681,0.0,0.0,4.407136666666588,11687.294543333333,61885.74648397352,0.0,9.4956463766665,61895.24213035018
方法C_滚动净负荷分位数,2025-02-04,96311.47658384025,96311.47658384025,0.0,0.0,45.240743333333285,10372.647426666668,61601.042864436364,0.0,128.68510543999935,61729.72796987636
方法C_滚动净负荷分位数,2025-02-05,97044.65376580645,97044.65376580645,0.0,0.0,8.37879333333342,11477.91312,62166.65631996862,0.0,52.62301153000054,62219.27933149862
方法C_滚动净负荷分位数,2025-02-06,97699.85101076993,97699.85101076993,0.0,0.0,7.977026666666802,12621.056373333333,62613.14735289633,0.0,29.465028470000686,62642.61238136633
方法C_滚动净负荷分位数,2025-02-07,50076.229770278085,50076.229770278085,0.0,0.0,28.165526666666665,14234.75309,26249.12997554054,0.0,178.79612318666668,26427.92609872721
方法C_滚动净负荷分位数,2025-02-08,49550.545376506685,49550.545376506685,0.0,0.0,42.74833666666666,13947.942900000002,26005.50006321098,0.0,294.7030250066666,26300.203088217648
方法C_滚动净负荷分位数,2025-02-09,96511.4108614771,96511.4108614771,0.0,0.0,0.26875666666660436,12144.555506666667,61696.028143727424,0.0,0.5185659883332131,61696.54670971576
方法C_滚动净负荷分位数,2025-02-10,94904.55324690918,94904.55324690918,0.0,0.0,17.708333333333485,15861.84784,60595.55645620702,0.0,119.23020833333436,60714.786664540356
方法C_滚动净负荷分位数,2025-02-11,95820.01805184025,95820.01805184025,0.0,0.0,23.10654666666676,15823.794679999999,61074.54295819567,0.0,116.38957626666726,61190.93253446234
方法C_滚动净负荷分位数,2025-02-12,96411.5628335033,96411.5628335033,0.0,0.0,11.244016666666766,16334.366399999999,61748.19651038028,0.0,74.32229439166734,61822.51880477194
方法C_滚动净负荷分位数,2025-02-13,97160.01539978618,97160.01539978618,0.0,0.0,6.5031166666665285,21029.420433333333,62219.51053056804,0.0,43.86352191666573,62263.37405248471
方法C_滚动净负荷分位数,2025-02-14,49479.65601465608,49479.65601465608,0.0,0.0,7.210583333333375,15622.977716666664,25916.981674046237,0.0,46.859028625000256,25963.840702671238
方法C_滚动净负荷分位数,2025-02-15,48978.211719000145,48978.211719000145,0.0,0.0,55.73736666666673,15708.950199999997,25691.129146479212,0.0,366.01908472500037,26057.148231204214
方法C_滚动净负荷分位数,2025-02-16,95937.42709002452,95937.42709002452,0.0,0.0,34.643199999999865,15787.492599999998,61278.02480442426,0.0,233.8818627333324,61511.90666715759
方法C_滚动净负荷分位数,2025-02-17,94322.82959090441,94322.82959090441,0.0,0.0,17.112599999999702,18430.015333333333,60174.36489869061,0.0,105.82262069166536,60280.18751938228
方法C_滚动净负荷分位数,2025-02-18,94892.62171814452,94892.62171814452,0.0,0.0,0.0,18015.425733333333,60434.20737084061,0.0,0.0,60434.20737084061
方法C_滚动净负荷分位数,2025-02-19,95935.86380242948,95935.86380242948,0.0,0.0,52.618760000000066,18291.136846666664,61400.74011709994,0.0,231.68090818666693,61632.4210252866
方法C_滚动净负荷分位数,2025-02-20,96674.6595310612,96674.6595310612,0.0,0.0,19.450443333333396,20905.695403333335,61874.56896602547,0.0,95.71600114333364,61970.2849671688
方法C_滚动净负荷分位数,2025-02-21,48946.68085690228,48946.68085690228,0.0,0.0,27.063466666666557,19352.59164333333,25591.84848328356,0.0,128.86409634833285,25720.71257963189
方法C_滚动净负荷分位数,2025-02-22,48380.95084846365,48380.95084846365,0.0,0.0,43.64641666666665,16563.346053333335,25378.481481678704,0.0,237.51018420999986,25615.9916658887
方法C_滚动净负荷分位数,2025-02-23,95423.46833681982,95423.46833681982,0.0,0.0,40.59153000000015,19135.036686666663,60913.20236294999,0.0,196.4890965883339,61109.69145953832
方法C_滚动净负荷分位数,2025-02-24,93813.74179120312,93813.74179120312,0.0,0.0,55.49844333333317,20942.521953333333,59788.42719791879,0.0,354.6351572433323,60143.06235516212
方法C_滚动净负荷分位数,2025-02-25,94240.53579324849,94240.53579324849,0.0,0.0,50.782273333333364,23696.258616666666,59968.522543484316,0.0,265.41636454666707,60233.93890803098
方法C_滚动净负荷分位数,2025-02-26,95496.88362390535,95496.88362390535,0.0,0.0,8.804666666666662,21876.50791,61078.240476634914,0.0,55.22727166666664,61133.467748301584
方法C_滚动净负荷分位数,2025-02-27,96206.10646864306,96206.10646864306,0.0,0.0,2.4653399999999692,24469.045000000002,61541.09020061637,0.0,15.412852156666474,61556.503052773034
方法C_滚动净负荷分位数,2025-02-28,48452.19730249772,48452.19730249772,0.0,0.0,46.479263333333336,21155.10270333333,25312.09206826005,0.0,282.34833795333356,25594.440406213384
方法C_滚动净负荷分位数,2025-03-01,47776.69942905271,47776.69942905271,0.0,0.0,24.729569999999967,20151.438283333337,25051.090799366906,0.0,161.55368807166647,25212.644487438574
方法C_滚动净负荷分位数,2025-03-02,94930.78171335423,94930.78171335423,0.0,0.0,33.78028000000006,17819.114523333334,60556.70612893037,0.0,166.26559382333375,60722.9717227537
方法C_滚动净负荷分位数,2025-03-03,93338.17672022425,93338.17672022425,0.0,0.0,104.03480999999954,16703.75926,59443.17086724003,0.0,574.9167803466639,60018.08764758669
方法C_滚动净负荷分位数,2025-03-04,93624.66217404691,93624.66217404691,0.0,0.0,5.561820000000125,19669.10183,59533.82395190801,0.0,27.287181900000743,59561.11113380801
方法C_滚动净负荷分位数,2025-03-05,93712.87231600216,93712.87231600216,0.0,0.0,17.917533333333495,22825.89674666667,59720.70791695035,0.0,85.30820165000098,59806.016118600346
方法C_滚动净负荷分位数,2025-03-06,93917.8153637933,93917.8153637933,0.0,0.0,32.94888999999989,23291.813976666665,59894.74264718939,0.0,133.91395745999944,60028.6566046494
方法C_滚动净负荷分位数,2025-03-07,46395.14373260491,46395.14373260491,0.0,0.0,28.665173333333257,21538.90979,24186.858376709864,0.0,81.56623631999997,24268.424613029863
方法C_滚动净负荷分位数,2025-03-08,45048.558802376356,45048.558802376356,0.0,0.0,26.716843333333316,22069.800933333336,23539.097304249313,0.0,130.54764693833323,23669.644951187645
方法C_滚动净负荷分位数,2025-03-09,92879.42324694563,92879.42324694563,0.0,0.0,60.382730000000265,24856.715893333334,59017.771585421615,0.0,330.94858237000176,59348.72016779162
方法C_滚动净负荷分位数,2025-03-10,90854.88003348123,90854.88003348123,0.0,0.0,117.18639333333294,18211.697356666667,57517.01859523512,0.0,572.8883029133317,58089.90689814845
方法C_滚动净负荷分位数,2025-03-11,90798.69308347629,90798.69308347629,0.0,0.0,74.16722666666612,22215.64386666667,57479.46597629469,0.0,400.2570741716643,57879.72305046635
方法C_滚动净负荷分位数,2025-03-12,82199.46602887938,82199.46602887938,0.0,0.0,293.3463583333332,15631.114449999994,51225.86903852957,0.0,1163.945658200001,52389.81469672957
方法C_滚动净负荷分位数,2025-03-13,81435.97693088284,81435.97693088284,0.0,0.0,506.9898916666691,9986.931191666668,50702.78925647717,0.0,2238.4038750833392,52941.1931315605
方法C_滚动净负荷分位数,2025-03-14,36584.70795678268,36584.70795678268,0.0,0.0,168.16566666666648,17125.593500000003,18981.9688343227,0.0,873.9650234458323,19855.933857768534
方法C_滚动净负荷分位数,2025-03-15,36002.751867570914,36002.751867570914,0.0,0.0,549.6991666666661,12125.14111141975,18739.92939573898,0.0,2413.633241274999,21153.562637013976
方法C_滚动净负荷分位数,2025-03-16,81882.11469056747,81882.11469056747,0.0,0.0,217.06860833333337,14305.734699999997,50914.4464081005,0.0,719.3161645749994,51633.7625726755
方法C_滚动净负荷分位数,2025-03-17,79532.81794966415,79532.81794966415,0.0,0.0,185.94128333333379,17434.580358333336,49070.22817489332,0.0,1111.0508959250026,50181.279070818324
方法C_滚动净负荷分位数,2025-03-18,78595.31818707747,78595.31818707747,0.0,0.0,267.57325833333334,13316.001675000001,48523.226395802434,0.0,1036.7437616500008,49559.97015745244
方法C_滚动净负荷分位数,2025-03-19,78706.02776521532,78706.02776521532,0.0,0.0,118.37169999999958,14943.973791666669,48782.73693165814,0.0,447.4448256916648,49230.181757349805
方法C_滚动净负荷分位数,2025-03-20,77990.0683585908,77990.0683585908,0.0,0.0,346.13475000000017,11713.868450000002,48097.251042242846,0.0,1752.8439042375003,49850.09494648035
方法C_滚动净负荷分位数,2025-03-21,34878.33380240582,34878.33380240582,0.0,0.0,369.1250416666663,19763.071608333332,17995.233830856083,0.0,1798.4946545583316,19793.728485414416
方法C_滚动净负荷分位数,2025-03-22,34563.760980561965,34563.760980561965,0.0,0.0,181.52558333333354,15498.946241666665,17947.308011693134,0.0,571.3212581583341,18518.62926985147
方法C_滚动净负荷分位数,2025-03-23,78665.55762749648,78665.55762749648,0.0,0.0,324.1757250000005,15818.347041666664,48488.80617224213,0.0,1649.953147108336,50138.75931935047
方法C_滚动净负荷分位数,2025-03-24,76475.60999450357,76475.60999450357,0.0,0.0,251.20370833333368,14299.278116666668,46863.08298038006,0.0,842.0719901583341,47705.154970538395
方法C_滚动净负荷分位数,2025-03-25,75641.28145285993,75641.28145285993,0.0,0.0,582.9738000000007,10860.965308333332,46263.66748238154,0.0,2451.6102580791703,48715.27774046071
方法C_滚动净负荷分位数,2025-03-26,75366.92971774649,75366.92971774649,0.0,0.0,272.9327999999996,15601.213466666668,46235.97705446266,0.0,1103.056369262498,47339.03342372516
方法C_滚动净负荷分位数,2025-03-27,74948.88652447802,74948.88652447802,0.0,0.0,401.7186416666667,12273.152375000005,45996.361391302875,0.0,1524.923525354167,47521.284916657045
方法C_滚动净负荷分位数,2025-03-28,33516.14766696498,33516.14766696498,0.0,0.0,394.09274999999974,19759.19680833333,17234.43030725276,0.0,1597.2881566708327,18831.71846392359
方法C_滚动净负荷分位数,2025-03-29,33007.634379998846,33007.634379998846,0.0,0.0,308.65178333333347,22387.730291666663,17089.155762680915,0.0,1358.7457732916675,18447.90153597258
方法C_滚动净负荷分位数,2025-03-30,75066.77130479402,75066.77130479402,0.0,0.0,433.7349333333337,15760.860966666667,45800.016526894586,0.0,1436.9682929500018,47236.98481984458
方法C_滚动净负荷分位数,2025-03-31,73722.64482440126,73722.64482440126,0.0,0.0,276.5618083333327,12702.281875,44981.64171328195,0.0,1107.2962914958293,46088.93800477778
方法C_滚动净负荷分位数,2025-04-01,72749.28170560613,72749.28170560613,0.0,0.0,963.0750249999975,9184.975733333335,44331.0991673092,0.0,3176.7734154208297,47507.87258273003
方法C_滚动净负荷分位数,2025-04-02,71649.33276391061,71649.33276391061,0.0,0.0,1280.3150583333318,8266.31314166667,43645.73719741474,0.0,5679.916490579161,49325.6536879939
方法C_滚动净负荷分位数,2025-04-03,71494.18245480032,71494.18245480032,0.0,0.0,463.4597499999999,11877.334275000005,43550.51290084774,0.0,1711.120220570834,45261.63312141857
方法C_滚动净负荷分位数,2025-04-04,31935.372539938864,31935.372539938864,0.0,0.0,288.74811666666693,22654.789391666665,16454.696461710522,0.0,1139.4728027500012,17594.16926446052
方法C_滚动净负荷分位数,2025-04-05,31635.458083224312,31635.458083224312,0.0,0.0,471.6095333333333,16986.74385833333,16322.325794047263,0.0,1520.7868892416666,17843.11268328893
方法C_滚动净负荷分位数,2025-04-06,71470.02055714325,71470.02055714325,0.0,0.0,371.64760833333344,13235.592633333335,43355.48098458021,0.0,1604.4606679791666,44959.94165255937
方法C_滚动净负荷分位数,2025-04-07,70949.14683096713,70949.14683096713,0.0,0.0,375.4674666666673,13910.874199999997,43106.64617120073,0.0,1346.1691372250016,44452.815308425736
方法C_滚动净负荷分位数,2025-04-08,70236.15314355848,70236.15314355848,0.0,0.0,434.109633333333,12154.259933333333,42576.89329769234,0.0,1638.5624824583329,44215.455780150674
方法C_滚动净负荷分位数,2025-04-09,69231.36393634691,69231.36393634691,0.0,0.0,748.3564333333318,6676.387250000002,41935.84064203508,0.0,2366.613499099992,44302.45414113507
方法C_滚动净负荷分位数,2025-04-10,68736.11134274116,68736.11134274116,0.0,0.0,445.6892249999994,10585.041241666673,41604.577161022076,0.0,1738.4985892541642,43343.075750276235
方法C_滚动净负荷分位数,2025-04-11,30509.27133246598,30509.27133246598,0.0,0.0,631.3624666666667,22853.383316666666,15690.435967056632,0.0,2299.686353391667,17990.1223204483
方法C_滚动净负荷分位数,2025-04-12,30663.778327479962,30663.778327479962,0.0,0.0,307.59079166666663,18964.721333333335,15703.697571314799,0.0,973.1158402166668,16676.813411531464
方法C_滚动净负荷分位数,2025-04-13,68529.02801053182,68529.02801053182,0.0,0.0,384.6291249999997,10478.093508333332,41414.20668069771,0.0,1536.8034730458319,42951.01015374354
方法C_滚动净负荷分位数,2025-04-14,67286.91890442742,67286.91890442742,0.0,0.0,482.34928333333323,11093.502591666662,40549.556311733104,0.0,1735.0329147583325,42284.58922649144
方法C_滚动净负荷分位数,2025-04-15,67531.64288980183,67531.64288980183,0.0,0.0,402.84287500000056,13663.098966666666,40719.770208218375,0.0,1843.6720278000032,42563.44223601838
方法C_滚动净负荷分位数,2025-04-16,67097.31369413037,67097.31369413037,0.0,0.0,708.2418999999982,7887.987041666667,40392.7191263066,0.0,2372.7356739541633,42765.45480026076
方法C_滚动净负荷分位数,2025-04-17,66447.21541906787,66447.21541906787,0.0,0.0,274.1258166666664,9734.635625000004,40102.32005123962,0.0,1189.4112191208324,41291.731270360455
方法C_滚动净负荷分位数,2025-04-18,29517.015059109428,29517.015059109428,0.0,0.0,394.1625833333331,20669.643724999998,15024.814869518448,0.0,1301.1522409625002,16325.96711048095
方法C_滚动净负荷分位数,2025-04-19,29600.725560875544,29600.725560875544,0.0,0.0,375.6660249999999,20324.926308333335,15078.733553367218,0.0,1135.173725654167,16213.907279021385
方法C_滚动净负荷分位数,2025-04-20,65200.71463684241,65200.71463684241,0.0,0.0,240.32677500000057,9366.012741666666,39199.26725665416,0.0,602.0558903000033,39801.323146954164
方法C_滚动净负荷分位数,2025-04-21,63997.466886033006,63997.466886033006,0.0,0.0,759.0496749999998,12111.647583333339,38384.32034443251,0.0,2298.7376726874977,40683.05801712001
方法C_滚动净负荷分位数,2025-04-22,65157.472841893796,65157.472841893796,0.0,0.0,572.0830083333333,9474.769775000002,39086.2109664408,0.0,1771.7882887333342,40857.99925517413
方法C_滚动净负荷分位数,2025-04-23,65046.556648295125,65046.556648295125,0.0,0.0,568.3109999999998,10105.476816666664,38912.75224414851,0.0,1756.6755517333327,40669.42779588184
方法C_滚动净负荷分位数,2025-04-24,64092.80427514231,64092.80427514231,0.0,0.0,448.12620000000027,13356.189375000002,38592.07620699848,0.0,1690.632020737501,40282.70822773598
方法C_滚动净负荷分位数,2025-04-25,28624.727820910048,28624.727820910048,0.0,0.0,514.0092166666662,24319.60591666666,14421.468340055506,0.0,1944.2588718833324,16365.727211938838
方法C_滚动净负荷分位数,2025-04-26,28647.19751083284,28647.19751083284,0.0,0.0,586.1717416666667,26407.866625,14537.882106477484,0.0,2146.700434325,16684.582540802483
方法C_滚动净负荷分位数,2025-04-27,61896.036924482214,61896.036924482214,0.0,0.0,468.645708333333,9704.980308333334,36945.03330378327,0.0,1345.640910337499,38290.674214120765
方法C_滚动净负荷分位数,2025-04-28,61580.78015064643,61580.78015064643,0.0,0.0,3780.6613333333325,4711.492925000001,36836.038365806606,0.0,13428.892677104162,50264.931042910765
方法C_滚动净负荷分位数,2025-04-29,63529.50817829715,63529.50817829715,0.0,0.0,253.63532499999997,12256.708791666666,37909.99244686782,0.0,1061.2814004208324,38971.27384728865
方法C_滚动净负荷分位数,2025-04-30,63030.44058748779,63030.44058748779,0.0,0.0,602.135691666668,11288.588166666666,37515.09665128331,0.0,2063.083063125004,39578.17971440832
方法C_滚动净负荷分位数,2025-05-01,62067.15594217586,62067.15594217586,0.0,0.0,2661.010875,9641.9113,37215.26622071284,0.0,11753.70538455,48968.97160526284
方法C_滚动净负荷分位数,2025-05-02,27707.510258211078,27707.510258211078,0.0,0.0,4786.565874999996,15464.825366666662,13840.938707581232,0.0,20784.87374710415,34625.81245468538
方法C_滚动净负荷分位数,2025-05-03,27918.826385452274,27918.826385452274,0.0,0.0,2601.8610666666655,18979.77192499999,14074.079132439185,0.0,11907.781665187496,25981.86079762668
方法C_滚动净负荷分位数,2025-05-04,59632.14694797334,59632.14694797334,0.0,0.0,3824.0128833333315,7696.709641666666,35518.968761673015,0.0,15309.638404341662,50828.60716601468
方法C_滚动净负荷分位数,2025-05-05,59886.05596436327,59886.05596436327,0.0,0.0,3215.1871499999975,4145.504883333337,35676.93778613032,0.0,14404.423269029157,50081.36105515948
方法C_滚动净负荷分位数,2025-05-06,60820.49026261286,60820.49026261286,0.0,0.0,3158.2156,7134.287858333336,36375.904262528726,0.0,13303.363664770832,49679.26792729956
方法C_滚动净负荷分位数,2025-05-07,61195.69601560948,61195.69601560948,0.0,0.0,2779.712216666667,4842.853958333331,36240.84440042202,0.0,12529.314061091667,48770.15846151369
方法C_滚动净负荷分位数,2025-05-08,59956.04831388548,59956.04831388548,0.0,0.0,4473.593325000003,4584.6573333333345,35968.422204591276,0.0,16881.392948629174,52849.81515322045
方法C_滚动净负荷分位数,2025-05-09,27326.18709756208,27326.18709756208,0.0,0.0,2191.1122500000015,18363.974033333332,13679.699660607908,0.0,10223.90878343334,23903.60844404125
方法C_滚动净负荷分位数,2025-05-10,27155.81690257992,27155.81690257992,0.0,0.0,3297.700683333333,15749.41905833333,13607.266526546868,0.0,14679.603384133332,28286.8699106802
方法C_滚动净负荷分位数,2025-05-11,58260.676265172755,58260.676265172755,0.0,0.0,4740.302999999997,3600.3519250000004,34730.64664720454,0.0,20659.060901079152,55389.707548283695
方法C_滚动净负荷分位数,2025-05-12,59376.49310472027,59376.49310472027,0.0,0.0,3228.8937775,6825.028362499999,35352.44681374369,0.0,12077.760303917083,47430.20711766077
方法C_滚动净负荷分位数,2025-05-13,59810.48862663743,59810.48862663743,0.0,0.0,2422.0048441666663,5183.672211666671,35852.20867995194,0.0,10483.393022159165,46335.601702111104
方法C_滚动净负荷分位数,2025-05-14,60488.36747731479,60488.36747731479,0.0,0.0,2185.399660833336,5715.956780833335,35949.59579656606,0.0,9406.45053579418,45356.04633236024
方法C_滚动净负荷分位数,2025-05-15,59371.65642212043,59371.65642212043,0.0,0.0,1959.616181666671,4650.969739166668,35651.85980608461,0.0,7820.913820796682,43472.773626881295
方法C_滚动净负荷分位数,2025-05-16,27270.100037420398,27270.100037420398,0.0,0.0,2194.2538508333337,24147.8184525,13685.016312597085,0.0,9313.714133329584,22998.73044592667
方法C_滚动净负荷分位数,2025-05-17,26821.16690071334,26821.16690071334,0.0,0.0,3811.3723300000033,17653.254090833336,13406.559896052298,0.0,17251.697479178347,30658.257375230645
方法C_滚动净负荷分位数,2025-05-18,58446.92978291184,58446.92978291184,0.0,0.0,3918.555524166665,4822.447441666665,34874.89209230686,0.0,13793.249203687914,48668.14129599477
方法C_滚动净负荷分位数,2025-05-19,59541.636733584586,59541.636733584586,0.0,0.0,1755.7801166666663,9962.979599999999,35444.64412040001,0.0,8713.193596068335,44157.83771646834
方法C_滚动净负荷分位数,2025-05-20,59015.56848735938,59015.56848735938,0.0,0.0,4173.86049333333,4853.202933333334,35349.83984699914,0.0,16761.347408838326,52111.18725583746
方法C_滚动净负荷分位数,2025-05-21,59990.51136898042,59990.51136898042,0.0,0.0,2436.504026666669,7236.173173333333,35703.059638358005,0.0,10797.260570823344,46500.32020918135
方法C_滚动净负荷分位数,2025-05-22,59783.578046763374,59783.578046763374,0.0,0.0,1425.9020399999968,6517.380769166666,36051.62253043211,0.0,5723.797514513743,41775.42004494586
方法C_滚动净负荷分位数,2025-05-23,27864.462921221493,27864.462921221493,0.0,0.0,1697.782040833336,20564.633781666667,14167.821667280801,0.0,7448.80593851376,21616.62760579456
方法C_滚动净负荷分位数,2025-05-24,27733.028252397387,27733.028252397387,0.0,0.0,1244.5760200000002,22709.35544583333,14128.858854369102,0.0,5507.815996548335,19636.674850917436
方法C_滚动净负荷分位数,2025-05-25,62935.75470222148,62935.75470222148,0.0,0.0,539.0871966666667,10947.477296666666,37853.70647016098,0.0,2485.2072401883343,40338.91371034931
方法C_滚动净负荷分位数,2025-05-26,62413.90117914177,62413.90117914177,0.0,0.0,2071.1686666666665,6031.807206666668,37451.84987376249,0.0,7544.597971516666,44996.44784527916
方法C_滚动净负荷分位数,2025-05-27,63043.08799499726,63043.08799499726,0.0,0.0,712.9908866666658,10481.376750000003,38003.52534264809,0.0,2937.270495426662,40940.79583807476
方法C_滚动净负荷分位数,2025-05-28,63942.87443866644,63942.87443866644,0.0,0.0,773.9962666666667,8507.327513333334,38373.44729678018,0.0,2712.757900788332,41086.20519756851
方法C_滚动净负荷分位数,2025-05-29,61657.00073374443,61657.00073374443,0.0,0.0,1778.611346666665,5435.010563333333,37412.92861895583,0.0,6626.136238753326,44039.06485770916
方法C_滚动净负荷分位数,2025-05-30,29077.262809037024,29077.262809037024,0.0,0.0,752.585526666668,20652.89167666667,15128.167041597208,0.0,2848.481928985006,17976.648970582213
方法C_滚动净负荷分位数,2025-05-31,29097.293138704066,29097.293138704066,0.0,0.0,658.8900833333335,18850.46446666666,15267.064717493446,0.0,2387.9186508500006,17654.983368343448
方法C_滚动净负荷分位数,2025-06-01,61731.084210112,61731.084210112,0.0,0.0,14989.50404333333,1637.0204233333334,37217.65103138776,0.0,58067.13272851166,95284.78375989942
方法C_滚动净负荷分位数,2025-06-02,65180.41155770631,65180.41155770631,0.0,0.0,10214.262595,2800.2139633333304,39063.68734818583,0.0,42406.797665974176,81470.48501416
方法C_滚动净负荷分位数,2025-06-03,64006.12470502162,64006.12470502162,0.0,0.0,9158.181644999997,1035.3921166666687,38710.30262746599,0.0,37737.14244147332,76447.44506893931
方法C_滚动净负荷分位数,2025-06-04,66414.00443762458,66414.00443762458,0.0,0.0,8577.428145,1370.2036825,40057.94343969497,0.0,32416.78805766209,72474.73149735706
方法C_滚动净负荷分位数,2025-06-05,65291.54257978731,65291.54257978731,0.0,0.0,10621.07461,784.6822333333324,39739.42419384826,0.0,40821.056962265,80560.48115611327
方法C_滚动净负荷分位数,2025-06-06,30605.4275325118,30605.4275325118,0.0,0.0,10751.051024166669,7901.696405833331,16272.633272382525,0.0,45167.30583776918,61439.9391101517
方法C_滚动净负荷分位数,2025-06-07,30394.36456351874,30394.36456351874,0.0,0.0,9581.335280833335,6323.3965008333325,16247.919989446124,0.0,38027.17905589376,54275.099045339884
方法C_滚动净负荷分位数,2025-06-08,73410.39480884395,73410.39480884395,0.0,0.0,2641.793888333335,6778.72484833333,44703.47527921658,0.0,10140.01348887709,54843.488768093666
方法C_滚动净负荷分位数,2025-06-09,73119.93399922829,73119.93399922829,0.0,0.0,3925.5920950000022,1994.1239266666646,44722.500808810764,0.0,15902.833757153343,60625.334565964105
方法C_滚动净负荷分位数,2025-06-10,70576.85430666183,70576.85430666183,0.0,0.0,7036.586993333337,1881.3362941666662,43086.6957157207,0.0,26089.72149264251,69176.41720836321
方法C_滚动净负荷分位数,2025-06-11,71350.52088493155,71350.52088493155,0.0,0.0,9796.703785000005,1081.6648608333346,43315.83491066268,0.0,42744.31110251502,86060.1460131777
方法C_滚动净负荷分位数,2025-06-12,72216.44829921481,72216.44829921481,0.0,0.0,5952.7333125000005,1586.5767816666655,44201.144327761125,0.0,24132.417706655007,68333.56203441613
方法C_滚动净负荷分位数,2025-06-13,34072.605136493854,34072.605136493854,0.0,0.0,3791.835360000001,6966.021693333331,19184.295522706256,0.0,17726.87289700917,36911.168419715425
方法C_滚动净负荷分位数,2025-06-14,33247.80436663441,33247.80436663441,0.0,0.0,2920.9223516666652,7439.88128916666,18511.22601406367,0.0,10479.400553313331,28990.626567377003
方法C_滚动净负荷分位数,2025-06-15,75741.34191644324,75741.34191644324,0.0,0.0,2496.5561466666677,3489.87988333333,46395.99683482752,0.0,11202.655270779174,57598.65210560669
方法C_滚动净负荷分位数,2025-06-16,77041.28285518756,77041.28285518756,0.0,0.0,3141.0380858333365,3211.546340833331,47640.39620194933,0.0,12532.026920628343,60172.42312257767
方法C_滚动净负荷分位数,2025-06-17,76164.23426079388,76164.23426079388,0.0,0.0,5457.858724166666,2752.3135183333325,46902.87887704523,0.0,21998.88250735417,68901.7613843994
方法C_滚动净负荷分位数,2025-06-18,79141.03459682516,79141.03459682516,0.0,0.0,1378.0434658333324,5302.744794166662,49015.47065462156,0.0,4660.842563775,53676.31321839656
方法C_滚动净负荷分位数,2025-06-19,77664.07213603848,77664.07213603848,0.0,0.0,1218.8591091666676,6281.295120833328,47986.15459655737,0.0,5259.033446670004,53245.188043227376
方法C_滚动净负荷分位数,2025-06-20,35837.46321580397,35837.46321580397,0.0,0.0,449.4761575000005,11335.826050833326,20679.633842240186,0.0,1274.3219097333354,21953.95575197352
方法C_滚动净负荷分位数,2025-06-21,34985.30123298807,34985.30123298807,0.0,0.0,466.2155816666669,13599.450684166664,19917.054410978424,0.0,1684.0922374445838,21601.146648423008
方法C_滚动净负荷分位数,2025-06-22,78138.87434004601,78138.87434004601,0.0,0.0,1252.514767499998,7690.714993333332,48133.4697545878,0.0,5079.130079428328,53212.59983401613
方法C_滚动净负荷分位数,2025-06-23,79296.92209329669,79296.92209329669,0.0,0.0,539.322849166667,8494.356872499997,49251.15656388829,0.0,2550.7131145137523,51801.86967840204
方法C_滚动净负荷分位数,2025-06-24,80451.0804999013,80451.0804999013,0.0,0.0,3565.6822583333314,3424.6104933333318,50028.1104103259,0.0,14595.902228322913,64624.01263864881
方法C_滚动净负荷分位数,2025-06-25,80582.52298865936,80582.52298865936,0.0,0.0,1559.7170241666668,7405.810891666665,50082.793442506,0.0,5413.56454201042,55496.35798451642
方法C_滚动净负荷分位数,2025-06-26,78579.07618271964,78579.07618271964,0.0,0.0,1303.7764741666672,7993.743520833327,48740.759415746375,0.0,5952.882468886668,54693.64188463305
方法C_滚动净负荷分位数,2025-06-27,36152.09321773164,36152.09321773164,0.0,0.0,190.8866625000001,14027.39967583333,20907.33745658808,0.0,711.3978640666669,21618.73532065475
方法C_滚动净负荷分位数,2025-06-28,35330.023089602604,35330.023089602604,0.0,0.0,307.2419933333325,11344.446989166663,20153.276042371483,0.0,1089.7555360558304,21243.03157842731
方法C_滚动净负荷分位数,2025-06-29,79069.72707444061,79069.72707444061,0.0,0.0,1435.9993041666653,6932.787851666663,48784.27210124183,0.0,5618.746219707499,54403.018320949326
方法C_滚动净负荷分位数,2025-06-30,79798.47114502282,79798.47114502282,0.0,0.0,1464.7539350000015,7025.26335333333,49628.0653622106,0.0,5666.795790986672,55294.861153197264
方法C_滚动净负荷分位数,2025-07-01,83523.1044580015,83523.1044580015,0.0,0.0,5902.6218408333325,6076.9878108333305,52233.80743951649,0.0,20417.103351772912,72650.9107912894
方法C_滚动净负荷分位数,2025-07-02,81969.43550547636,81969.43550547636,0.0,0.0,5797.1613099999995,10511.686618333331,50997.9058150224,0.0,20615.658388737913,71613.56420376031
方法C_滚动净负荷分位数,2025-07-03,79576.45794176585,79576.45794176585,0.0,0.0,7269.3127716666695,2776.1369108333292,49543.32595242715,0.0,26462.42942381876,76005.75537624591
方法C_滚动净负荷分位数,2025-07-04,36129.4790215963,36129.4790215963,0.0,0.0,6122.539254166668,10850.574899166664,20946.40491050079,0.0,21404.327187787923,42350.73209828872
方法C_滚动净负荷分位数,2025-07-05,35519.886907095875,35519.886907095875,0.0,0.0,6530.683690000002,10744.167966666666,20288.894261547786,0.0,23426.201692915005,43715.09595446279
方法C_滚动净负荷分位数,2025-07-06,80198.9372951563,80198.9372951563,0.0,0.0,8257.704911666668,4357.490680000001,49615.197174614994,0.0,31539.16229480292,81154.35946941792
方法C_滚动净负荷分位数,2025-07-07,80902.09360860105,80902.09360860105,0.0,0.0,5759.681347500001,8910.182506666666,50421.057051265394,0.0,19624.055690557503,70045.1127418229
方法C_滚动净负荷分位数,2025-07-08,87599.44905581251,87599.44905581251,0.0,0.0,3161.1957083333355,10689.350676666663,55065.32510671207,0.0,12258.448541607922,67323.77364832
方法C_滚动净负荷分位数,2025-07-09,85911.79910627654,85911.79910627654,0.0,0.0,2288.955996666668,9791.886312499997,53804.84892483842,0.0,9280.822812100836,63085.67173693926
方法C_滚动净负荷分位数,2025-07-10,84748.8821433796,84748.8821433796,0.0,0.0,2050.126825833335,9615.280227499998,53279.928968343615,0.0,7313.408789665004,60593.33775800862
方法C_滚动净负荷分位数,2025-07-11,40321.58136829849,40321.58136829849,0.0,0.0,2378.56020416667,7636.1111649999975,23763.264045446987,0.0,8474.319054224175,32237.583099671163
方法C_滚动净负荷分位数,2025-07-12,39958.20988427132,39958.20988427132,0.0,0.0,2279.4815025000007,8592.84850916666,23343.76431581838,0.0,8177.098551382086,31520.862867200463
方法C_滚动净负荷分位数,2025-07-13,85921.49762180395,85921.49762180395,0.0,0.0,1713.6943358333347,13996.2750425,53905.035194286414,0.0,6988.729671366255,60893.76486565267
方法C_滚动净负荷分位数,2025-07-14,84821.18744063,84821.18744063,0.0,0.0,1915.367767500001,10586.766362499999,53084.63295743466,0.0,8373.555131352505,61458.18808878717
方法C_滚动净负荷分位数,2025-07-15,90439.46046201652,90439.46046201652,0.0,0.0,766.6370233333344,13939.284062499997,57170.57429827835,0.0,2987.6674552320883,60158.24175351044
方法C_滚动净负荷分位数,2025-07-16,88295.82059232218,88295.82059232218,0.0,0.0,1039.6335516666666,12840.461386666662,55638.98739515472,0.0,3971.6436815833326,59610.63107673805
方法C_滚动净负荷分位数,2025-07-17,86930.51561908697,86930.51561908697,0.0,0.0,1008.5796916666674,10888.573917499996,54853.8227238596,0.0,3497.1696958716702,58350.99241973127
方法C_滚动净负荷分位数,2025-07-18,42836.44575169508,42836.44575169508,0.0,0.0,544.3732141666673,9497.28725583333,25381.06361007007,0.0,2399.104929747086,27780.168539817154
方法C_滚动净负荷分位数,2025-07-19,42357.73572274302,42357.73572274302,0.0,0.0,810.5114575000005,13402.112437499996,24976.329435666696,0.0,3042.922508747502,28019.251944414198
方法C_滚动净负荷分位数,2025-07-20,87987.37732281358,87987.37732281358,0.0,0.0,531.5802075,12057.782830833332,55505.21753923794,0.0,1980.554162078751,57485.7717013167
方法C_滚动净负荷分位数,2025-07-21,86946.94368163378,86946.94368163378,0.0,0.0,809.6697591666681,9424.754495833331,54767.61856398891,0.0,3164.3342470045895,57931.9528109935
方法C_滚动净负荷分位数,2025-07-22,91170.45992960999,91170.45992960999,0.0,0.0,305.14023583333335,13162.692724999995,57725.61724959581,0.0,1054.837475837083,58780.454725432886
方法C_滚动净负荷分位数,2025-07-23,89301.47897128946,89301.47897128946,0.0,0.0,481.4542183333341,11173.385936666664,56383.94104387721,0.0,2043.9961557570857,58427.937199634296
方法C_滚动净负荷分位数,2025-07-24,87928.11799148735,87928.11799148735,0.0,0.0,374.0092525,10355.549931666663,55560.10877780106,0.0,1609.8132840566661,57169.922061857724
方法C_滚动净负荷分位数,2025-07-25,43355.05698563241,43355.05698563241,0.0,0.0,409.7283400000004,14645.950953333328,25821.172080644734,0.0,1853.5319701816686,27674.704050826404
方法C_滚动净负荷分位数,2025-07-26,43079.69838291846,43079.69838291846,0.0,0.0,423.6833066666662,12450.229237499996,25492.556530326023,0.0,1354.5018395137486,26847.05836983977
方法C_滚动净负荷分位数,2025-07-27,88566.05845332654,88566.05845332654,0.0,0.0,804.2503175000007,11313.922496666666,55933.6423956721,0.0,2773.720681815002,58707.3630774871
方法C_滚动净负荷分位数,2025-07-28,87589.26524173477,87589.26524173477,0.0,0.0,1163.4620191666645,6453.925732499996,55294.402554916946,0.0,4653.83216568791,59948.23472060486
方法C_滚动净负荷分位数,2025-07-29,91499.73789000457,91499.73789000457,0.0,0.0,319.21275583333295,11231.94187833333,57946.80388865281,0.0,1341.815872920831,59288.619761573646
方法C_滚动净负荷分位数,2025-07-30,89797.01406492252,89797.01406492252,0.0,0.0,402.6776216666668,11693.915562499995,56789.48591817465,0.0,1872.5730085750015,58662.058926749654
方法C_滚动净负荷分位数,2025-07-31,88431.83568480039,88431.83568480039,0.0,0.0,166.77567416666693,9569.832276666664,55969.07605329328,0.0,764.5750053841675,56733.65105867745
方法C_滚动净负荷分位数,2025-08-01,43736.121302946325,43736.121302946325,0.0,0.0,317.2366483333336,20176.85775083333,26124.602607281213,0.0,1000.7762848566672,27125.37889213788
方法C_滚动净负荷分位数,2025-08-02,43430.911851328965,43430.911851328965,0.0,0.0,117.86671833333344,20023.158400833327,25706.569039284266,0.0,630.0158064850002,26336.584845769266
方法C_滚动净负荷分位数,2025-08-03,88171.50497101877,88171.50497101877,0.0,0.0,284.9491550000005,21245.77766333333,55676.587420855394,0.0,1148.588248978335,56825.17566983373
方法C_滚动净负荷分位数,2025-08-04,88344.08468045386,88344.08468045386,0.0,0.0,90.71625249999988,18675.22156583333,55852.8736510866,0.0,326.34709820749964,56179.2207492941
方法C_滚动净负荷分位数,2025-08-05,89533.56893751421,89533.56893751421,0.0,0.0,139.87547500000016,20162.80622,56589.23063198663,0.0,485.6975837233335,57074.928215709966
方法C_滚动净负荷分位数,2025-08-06,87834.14300485226,87834.14300485226,0.0,0.0,330.8119550000001,15776.894003333331,55438.95215630171,0.0,1177.4002535925003,56616.352409894214
方法C_滚动净负荷分位数,2025-08-07,86752.11545417081,86752.11545417081,0.0,0.0,197.43263166666702,19262.350199999997,54758.50357350565,0.0,689.8172522675011,55448.32082577315
方法C_滚动净负荷分位数,2025-08-08,42639.254058867744,42639.254058867744,0.0,0.0,140.17662333333385,24412.03089333333,25290.500984424543,0.0,649.2298726166688,25939.73085704121
方法C_滚动净负荷分位数,2025-08-09,42834.916652106986,42834.916652106986,0.0,0.0,217.8584216666668,21560.749163333327,25354.106571938566,0.0,868.5658803258334,26222.6724522644
方法C_滚动净负荷分位数,2025-08-10,86540.13015321277,86540.13015321277,0.0,0.0,82.13474666666684,16961.873301666667,54507.46716900904,0.0,240.6128839191666,54748.08005292821
方法C_滚动净负荷分位数,2025-08-11,86286.90907463396,86286.90907463396,0.0,0.0,207.6178933333332,17616.103768333334,54385.58690306045,0.0,884.7264819491659,55270.31338500962
方法C_滚动净负荷分位数,2025-08-12,87388.32883322952,87388.32883322952,0.0,0.0,271.71708333333333,15623.064975,55010.59259194611,0.0,1192.669595672916,56203.262187619024
方法C_滚动净负荷分位数,2025-08-13,84288.53348286322,84288.53348286322,0.0,0.0,317.8956899999996,14286.087849999998,52842.177594662506,0.0,1279.203178339581,54121.380773002085
方法C_滚动净负荷分位数,2025-08-14,84475.26226985177,84475.26226985177,0.0,0.0,485.2880341666663,14808.103849166664,53092.70934236702,0.0,2144.5051872208323,55237.21452958786
方法C_滚动净负荷分位数,2025-08-15,41906.70897858897,41906.70897858897,0.0,0.0,262.247479166667,22438.12100583333,24766.65324542513,0.0,796.1972561325016,25562.85050155763
方法C_滚动净负荷分位数,2025-08-16,42210.22933799508,42210.22933799508,0.0,0.0,327.14600416666644,23050.836728333332,24933.140302146712,0.0,1587.1116351683331,26520.251937315043
方法C_滚动净负荷分位数,2025-08-17,84298.27498170047,84298.27498170047,0.0,0.0,356.6348108333332,17135.158926666667,52912.31459603338,0.0,1601.9829895112484,54514.29758554463
方法C_滚动净负荷分位数,2025-08-18,82907.97407423057,82907.97407423057,0.0,0.0,569.1933133333331,14954.631125833333,51980.04395001507,0.0,2224.718913280833,54204.7628632959
方法C_滚动净负荷分位数,2025-08-19,86356.09640415276,86356.09640415276,0.0,0.0,227.10499916666674,18008.392030833336,54238.618039917026,0.0,1097.0459796387513,55335.66401955578
方法C_滚动净负荷分位数,2025-08-20,83074.7048537298,83074.7048537298,0.0,0.0,824.6349650000003,8997.33228,52098.57591484429,0.0,3631.8058770325038,55730.381791876796
方法C_滚动净负荷分位数,2025-08-21,83871.35780637767,83871.35780637767,0.0,0.0,326.18721083333344,14127.082783333331,52823.09526390144,0.0,1687.5423798104184,54510.63764371186
方法C_滚动净负荷分位数,2025-08-22,42047.50674787288,42047.50674787288,0.0,0.0,701.9568208333312,18934.106504166666,24836.90582611912,0.0,2822.0701971316594,27658.97602325078
方法C_滚动净负荷分位数,2025-08-23,42435.95121671744,42435.95121671744,0.0,0.0,153.6028541666667,17483.715274999995,25098.563734413412,0.0,479.9189725662501,25578.482706979663
方法C_滚动净负荷分位数,2025-08-24,82543.23840523021,82543.23840523021,0.0,0.0,543.2125424999998,15143.555489166669,51808.42823307764,0.0,2568.8742449183324,54377.302477995974
方法C_滚动净负荷分位数,2025-08-25,82924.97953672071,82924.97953672071,0.0,0.0,1088.0913583333322,9145.755980000004,52007.50057901806,0.0,4388.582600772079,56396.08317979014
方法C_滚动净负荷分位数,2025-08-26,84135.01087974911,84135.01087974911,0.0,0.0,233.51704583333265,14662.034512500002,52777.642129364605,0.0,1113.2702468062475,53890.912376170854
方法C_滚动净负荷分位数,2025-08-27,82388.00015515098,82388.00015515098,0.0,0.0,383.87150749999944,10633.816045833333,51737.57289357236,0.0,1725.0327454949972,53462.605639067355
方法C_滚动净负荷分位数,2025-08-28,83001.20753902814,83001.20753902814,0.0,0.0,1527.4410241666656,9466.376566666668,52232.66323909165,0.0,6119.428782219996,58352.09202131165
方法C_滚动净负荷分位数,2025-08-29,42394.48244659937,42394.48244659937,0.0,0.0,1001.5480699999999,18242.582897499997,25072.592415337655,0.0,4358.215364372916,29430.807779710573
方法C_滚动净负荷分位数,2025-08-30,42475.90049937773,42475.90049937773,0.0,0.0,455.2423941666665,21848.50510083333,25133.925296347596,0.0,2031.9317656087487,27165.857061956343
方法C_滚动净负荷分位数,2025-08-31,80660.18385651756,80660.18385651756,0.0,0.0,645.512053333333,10466.131755833334,50797.02258267435,0.0,2885.541222124581,53682.563804798934
方法C_滚动净负荷分位数,2025-09-01,82158.16849925948,82158.16849925948,0.0,0.0,0.0,24478.378975,51637.26137967576,0.0,0.0,51637.26137967576
方法C_滚动净负荷分位数,2025-09-02,81954.69428049556,81954.69428049556,0.0,0.0,199.42238666666708,23984.199862500005,51429.64723443515,0.0,801.9025387591682,52231.54977319432
方法C_滚动净负荷分位数,2025-09-03,81965.17217856475,81965.17217856475,0.0,0.0,16.85892833333321,22208.502916666665,51497.98270335146,0.0,53.972920088332955,51551.95562343979
方法C_滚动净负荷分位数,2025-09-04,81617.29289351073,81617.29289351073,0.0,0.0,146.3870341666668,23605.163833333336,51468.33957809297,0.0,610.894986777917,52079.23456487089
方法C_滚动净负荷分位数,2025-09-05,42342.132760733024,42342.132760733024,0.0,0.0,192.3803366666666,33055.3485875,24906.01520401421,0.0,864.0296965237497,25770.044900537956
方法C_滚动净负荷分位数,2025-09-06,42105.78835740999,42105.78835740999,0.0,0.0,317.25142249999993,32143.494529166666,24904.091975126867,0.0,1289.641865304583,26193.73384043145
方法C_滚动净负荷分位数,2025-09-07,78127.18922719572,78127.18922719572,0.0,0.0,52.640648333333274,19168.88519666667,49400.43955809593,0.0,247.21437799458275,49647.653936090515
方法C_滚动净负荷分位数,2025-09-08,80971.33175941308,80971.33175941308,0.0,0.0,149.03630250000026,17649.143683333332,50928.235538338005,0.0,584.820168545835,51513.05570688384
方法C_滚动净负荷分位数,2025-09-09,80472.89918408879,80472.89918408879,0.0,0.0,161.34889083333314,23477.860959999998,50412.10079767433,0.0,694.6272978795826,51106.72809555391
方法C_滚动净负荷分位数,2025-09-10,80819.90851661959,80819.90851661959,0.0,0.0,772.7504591666683,16069.0977875,50829.675202557046,0.0,3445.9684880133373,54275.64369057039
方法C_滚动净负荷分位数,2025-09-11,80983.47633979404,80983.47633979404,0.0,0.0,185.65094083333292,23448.876699166667,51049.59970956847,0.0,818.0689111733313,51867.6686207418
方法C_滚动净负荷分位数,2025-09-12,41771.61423004888,41771.61423004888,0.0,0.0,345.48464916666654,27912.06165333333,24511.579976509394,0.0,1395.486675277083,25907.066651786477
方法C_滚动净负荷分位数,2025-09-13,41582.42606044124,41582.42606044124,0.0,0.0,571.1291724999999,31560.124709999996,24532.41835402628,0.0,2431.337938817083,26963.75629284336
方法C_滚动净负荷分位数,2025-09-14,77061.43097037733,77061.43097037733,0.0,0.0,671.6298883333329,13633.651711666671,48716.75147883895,0.0,3299.6128854154144,52016.36436425437
方法C_滚动净负荷分位数,2025-09-15,80066.50628388648,80066.50628388648,0.0,0.0,947.0792908333334,21821.93106,50283.04417394263,0.0,3904.213556150834,54187.25773009347
方法C_滚动净负荷分位数,2025-09-16,78543.96799310442,78543.96799310442,0.0,0.0,718.3367116666649,15701.557845833335,49372.891302925455,0.0,2678.648486684578,52051.539789610026
方法C_滚动净负荷分位数,2025-09-17,80409.01240133191,80409.01240133191,0.0,0.0,583.0847358333334,16819.565325833337,50570.85918622833,0.0,2687.2208312645835,53258.08001749291
方法C_滚动净负荷分位数,2025-09-18,79783.54061191666,79783.54061191666,0.0,0.0,638.5369141666673,17294.310161666664,50207.042283342744,0.0,2723.5245978020866,52930.566881144834
方法C_滚动净负荷分位数,2025-09-19,41634.55104698175,41634.55104698175,0.0,0.0,478.0815133333331,23286.275423333333,24350.63153489682,0.0,1931.5558403408338,26282.187375237652
方法C_滚动净负荷分位数,2025-09-20,41134.358273094724,41134.358273094724,0.0,0.0,1202.768095833333,24059.573178333332,24144.85307912383,0.0,5049.68032485625,29194.53340398008
方法C_滚动净负荷分位数,2025-09-21,76418.69471323278,76418.69471323278,0.0,0.0,965.3098316666667,15024.395405833333,48315.35094564249,0.0,3354.197693759168,51669.548639401655
方法C_滚动净负荷分位数,2025-09-22,77843.34449693812,77843.34449693812,0.0,0.0,752.389577499998,13863.729084166665,48968.41641529733,0.0,3285.5333193924926,52253.94973468983
方法C_滚动净负荷分位数,2025-09-23,75601.80005696669,75601.80005696669,0.0,0.0,1954.718894999999,11479.765665000004,47724.15368347635,0.0,8745.595962983745,56469.74964646009
方法C_滚动净负荷分位数,2025-09-24,79531.02564054314,79531.02564054314,0.0,0.0,862.9117349999999,15144.228709166666,50043.1614760601,0.0,3699.7765461920835,53742.93802225218
方法C_滚动净负荷分位数,2025-09-25,77147.81445592726,77147.81445592726,0.0,0.0,1332.614902499999,14039.41683583333,48554.455181683166,0.0,5633.496096319996,54187.95127800316
方法C_滚动净负荷分位数,2025-09-26,41256.43546742468,41256.43546742468,0.0,0.0,1494.4267241666678,22318.888014999997,24148.200865464165,0.0,6294.126098259595,30442.32696372376
方法C_滚动净负荷分位数,2025-09-27,41153.57008326189,41153.57008326189,0.0,0.0,2377.827087499997,23030.501349999995,24095.94455993869,0.0,9405.59335390707,33501.53791384576
方法C_滚动净负荷分位数,2025-09-28,74746.26137752898,74746.26137752898,0.0,0.0,3559.7926758333347,10856.580347500005,47431.96481408292,0.0,16407.900907264586,63839.86572134751
方法C_滚动净负荷分位数,2025-09-29,75362.79296224266,75362.79296224266,0.0,0.0,2179.525466666666,10659.072427500001,47475.85740211687,0.0,9749.993114425413,57225.85051654228
方法C_滚动净负荷分位数,2025-09-30,74974.95235192373,74974.95235192373,0.0,0.0,4054.110899166666,9561.458478333332,47403.38728310085,0.0,18623.421614424584,66026.80889752544
方法C_滚动净负荷分位数,2025-10-01,77275.06942591275,77275.06942591275,0.0,0.0,207.4142258333328,23644.195507500004,48690.12755869722,0.0,887.8176046558314,49577.94516335305
方法C_滚动净负荷分位数,2025-10-02,74778.28885012766,74778.28885012766,0.0,0.0,511.66882083333314,19471.45529166667,47212.01796641622,0.0,2182.480299079583,49394.4982654958
方法C_滚动净负荷分位数,2025-10-03,40877.9594867388,40877.9594867388,0.0,0.0,317.83672500000006,30585.587678333326,23855.563469521414,0.0,1345.0333728920837,25200.596842413495
方法C_滚动净负荷分位数,2025-10-04,41489.88043590528,41489.88043590528,0.0,0.0,740.8183924999997,26327.264724166667,24227.762872174626,0.0,3180.3905603612484,27408.153432535873
方法C_滚动净负荷分位数,2025-10-05,75754.88182444201,75754.88182444201,0.0,0.0,498.5529716666666,17409.777614166673,47822.879289333505,0.0,2263.0132099237503,50085.89249925725
方法C_滚动净负荷分位数,2025-10-06,75621.81335135762,75621.81335135762,0.0,0.0,471.9148583333331,14210.738315833334,47692.54939943643,0.0,2024.0320967745845,49716.581496211016
方法C_滚动净负荷分位数,2025-10-07,75835.40311921666,75835.40311921666,0.0,0.0,1091.1281649999996,15005.74534,47886.95203492879,0.0,5373.86055794458,53260.81259287337
方法C_滚动净负荷分位数,2025-10-08,75886.19685406327,75886.19685406327,0.0,0.0,1048.3427066666668,16316.449043333334,47816.48028757059,0.0,4297.310514159168,52113.79080172975
方法C_滚动净负荷分位数,2025-10-09,74369.41277068885,74369.41277068885,0.0,0.0,1321.2417458333323,15842.9535425,46997.85678304271,0.0,5404.5365154487445,52402.39329849146
方法C_滚动净负荷分位数,2025-10-10,40535.64970111131,40535.64970111131,0.0,0.0,976.8742399999998,29348.128094999993,23627.99631534126,0.0,4306.013096767499,27934.00941210876
方法C_滚动净负荷分位数,2025-10-11,41322.44761651263,41322.44761651263,0.0,0.0,1061.759241666668,25386.6846825,24048.584777953234,0.0,4419.522951309587,28468.10772926282
方法C_滚动净负荷分位数,2025-10-12,74818.70071622106,74818.70071622106,0.0,0.0,1047.8739883333337,13243.922605000002,47327.836802783124,0.0,4428.631004698751,51756.46780748188
方法C_滚动净负荷分位数,2025-10-13,74710.76402250616,74710.76402250616,0.0,0.0,690.5372933333332,14224.025370833335,47091.33572777615,0.0,3256.689684961249,50348.0254127374
方法C_滚动净负荷分位数,2025-10-14,74896.45842939733,74896.45842939733,0.0,0.0,1523.6930075000014,11508.356883333336,47383.120827174374,0.0,6828.464640895839,54211.58546807022
方法C_滚动净负荷分位数,2025-10-15,74755.01961043544,74755.01961043544,0.0,0.0,1846.7175741666701,10548.88953,47135.92729194088,0.0,7791.556237980844,54927.48352992172
方法C_滚动净负荷分位数,2025-10-16,73350.31433873132,73350.31433873132,0.0,0.0,4151.37172,10447.493816666669,46277.71773473789,0.0,18463.840213019164,64741.55794775705
方法C_滚动净负荷分位数,2025-10-17,39528.598599964134,39528.598599964134,0.0,0.0,1128.9299891666665,21782.153819166666,22886.72621630906,0.0,4906.619524755834,27793.345741064895
方法C_滚动净负荷分位数,2025-10-18,40540.571275898204,40540.571275898204,0.0,0.0,1108.7536466666656,22616.218914999994,23442.84140553424,0.0,4481.298527169166,27924.139932703405
方法C_滚动净负荷分位数,2025-10-19,73779.56135340618,73779.56135340618,0.0,0.0,4008.393629999997,9794.191346666667,46631.02166378563,0.0,17698.170483415815,64329.192147201444
方法C_滚动净负荷分位数,2025-10-20,70242.82801050215,70242.82801050215,0.0,0.0,3678.8375674999975,5331.035548333336,43713.63588239244,0.0,16971.985317897906,60685.62120029035
方法C_滚动净负荷分位数,2025-10-21,70854.12553252527,70854.12553252527,0.0,0.0,4659.440579166667,4913.019485833334,44437.15255543441,0.0,18234.40586722875,62671.55842266316
方法C_滚动净负荷分位数,2025-10-22,70636.06450616427,70636.06450616427,0.0,0.0,4473.558269166665,5420.934376666665,43954.02920633139,0.0,19784.93800726499,63738.96721359638
方法C_滚动净负荷分位数,2025-10-23,69264.53147103029,69264.53147103029,0.0,0.0,3616.2559791666654,5405.036158333332,43453.31801535267,0.0,15927.943001857491,59381.261017210156
方法C_滚动净负荷分位数,2025-10-24,34992.39963238836,34992.39963238836,0.0,0.0,2467.6025450000006,16087.074982499998,19476.908354665786,0.0,10912.510269482922,30389.418624148708
方法C_滚动净负荷分位数,2025-10-25,35498.35839699536,35498.35839699536,0.0,0.0,1880.3853233333334,14989.056134999999,19813.100353822567,0.0,8096.264705189583,27909.36505901215
方法C_滚动净负荷分位数,2025-10-26,70190.57632024375,70190.57632024375,0.0,0.0,3191.974460833334,4718.578703333334,43730.42250962034,0.0,13872.922828070416,57603.34533769075
方法C_滚动净负荷分位数,2025-10-27,69424.20899017571,69424.20899017571,0.0,0.0,3938.384291666665,5687.251705833334,43103.65492229696,0.0,17441.39305924791,60545.04798154486
方法C_滚动净负荷分位数,2025-10-28,71911.32148950144,71911.32148950144,0.0,0.0,3243.059939999999,4993.650878333333,44986.02221040507,0.0,13797.601643407079,58783.62385381215
方法C_滚动净负荷分位数,2025-10-29,71996.29248600348,71996.29248600348,0.0,0.0,5588.713039999998,4148.473735000001,44862.16816564965,0.0,23041.170359136664,67903.33852478632
方法C_滚动净负荷分位数,2025-10-30,72671.64164194785,72671.64164194785,0.0,0.0,1831.677226666664,5525.4231716666645,45891.87815045796,0.0,7502.632989064988,53394.511139522954
方法C_滚动净负荷分位数,2025-10-31,36066.47850671291,36066.47850671291,0.0,0.0,3203.9933891666715,12244.73034583333,20034.05144406154,0.0,12857.631366980433,32891.682811041974
方法C_滚动净负荷分位数,2025-11-01,36156.95502944628,36156.95502944628,0.0,0.0,2247.2682450000007,12767.688149166666,20163.35169286542,0.0,9399.278434979587,29562.63012784501
方法C_滚动净负荷分位数,2025-11-02,74061.80876656168,74061.80876656168,0.0,0.0,3367.345559999999,4414.843960833333,46452.88588285664,0.0,14828.056542340417,61280.94242519705
方法C_滚动净负荷分位数,2025-11-03,74227.19493570557,74227.19493570557,0.0,0.0,3978.103770833328,4497.391925833333,46724.936849038786,0.0,13568.387231464561,60293.32408050335
方法C_滚动净负荷分位数,2025-11-04,76074.53495504118,76074.53495504118,0.0,0.0,1408.3160708333357,5631.5089383333325,47854.135099579275,0.0,5862.9179166287595,53717.05301620803
方法C_滚动净负荷分位数,2025-11-05,76847.63476078547,76847.63476078547,0.0,0.0,2204.4621158333316,4996.126353333331,48187.03536551567,0.0,8820.923662761244,57007.95902827691
方法C_滚动净负荷分位数,2025-11-06,73921.42601671486,73921.42601671486,0.0,0.0,6047.095565833336,4394.574481666665,46725.2550336208,0.0,24488.598325794588,71213.85335941539
方法C_滚动净负荷分位数,2025-11-07,36637.531252766086,36637.531252766086,0.0,0.0,2124.4482108333336,12234.46338083333,20283.74322359412,0.0,9729.095866180833,30012.839089774952
方法C_滚动净负荷分位数,2025-11-08,36768.94033702104,36768.94033702104,0.0,0.0,1769.8650416666676,11566.199972499999,20462.29869901546,0.0,7084.631888885419,27546.93058790088
方法C_滚动净负荷分位数,2025-11-09,76567.3933459301,76567.3933459301,0.0,0.0,3453.8765550000016,4308.604473333332,48163.42792027316,0.0,13655.666004883346,61819.09392515651
方法C_滚动净负荷分位数,2025-11-10,77063.86487702752,77063.86487702752,0.0,0.0,5050.055445,3924.585769166666,48442.537725085305,0.0,20313.237991624163,68755.77571670947
方法C_滚动净负荷分位数,2025-11-11,77225.50205447407,77225.50205447407,0.0,0.0,3147.723735833334,4449.983352499998,48661.74377249258,0.0,13504.740073230005,62166.48384572258
方法C_滚动净负荷分位数,2025-11-12,78063.88442306675,78063.88442306675,0.0,0.0,1896.443333333337,4592.452034166667,49019.74829066885,0.0,8883.955078042101,57903.70336871095
方法C_滚动净负荷分位数,2025-11-13,77947.29966647881,77947.29966647881,0.0,0.0,3283.1650691666687,4473.078429999996,49218.518237016404,0.0,12381.59901236209,61600.1172493785
方法C_滚动净负荷分位数,2025-11-14,36983.26603625132,36983.26603625132,0.0,0.0,2483.853287499999,8514.284614166665,20253.929149742336,0.0,9014.968248207086,29268.897397949422
方法C_滚动净负荷分位数,2025-11-15,37016.34744033454,37016.34744033454,0.0,0.0,2975.959382499997,8519.852137499993,20504.325820319315,0.0,12702.440791102072,33206.766611421386
方法C_滚动净负荷分位数,2025-11-16,78797.29534901265,78797.29534901265,0.0,0.0,3900.688284166664,3769.0776416666663,49614.23768516989,0.0,16045.567940127072,65659.80562529695
方法C_滚动净负荷分位数,2025-11-17,80509.9898802532,80509.9898802532,0.0,0.0,1698.1709725000005,5075.064685833333,50701.202212453856,0.0,7762.989697651668,58464.191910105525
方法C_滚动净负荷分位数,2025-11-18,78952.22275800338,78952.22275800338,0.0,0.0,4418.081738333331,4061.235803333332,49971.52625630014,0.0,16377.362783425408,66348.88903972555
方法C_滚动净负荷分位数,2025-11-19,78707.4835390792,78707.4835390792,0.0,0.0,3547.413307499999,2426.202242499999,49442.25138269252,0.0,14450.800012765836,63893.05139545836
方法C_滚动净负荷分位数,2025-11-20,80015.76102215807,80015.76102215807,0.0,0.0,2367.4784449999993,3159.940421666664,50316.83521142811,0.0,9638.281672625828,59955.11688405394
方法C_滚动净负荷分位数,2025-11-21,36882.48805962282,36882.48805962282,0.0,0.0,1751.9932066666704,6370.5338925000015,20036.13136907121,0.0,6351.897609465852,26388.028978537062
方法C_滚动净负荷分位数,2025-11-22,37163.986661670526,37163.986661670526,0.0,0.0,2596.1103741666648,6161.137322499994,20268.70688642636,0.0,10305.39279589916,30574.09968232552
方法C_滚动净负荷分位数,2025-11-23,80813.73473926069,80813.73473926069,0.0,0.0,2514.0608408333346,3646.1466824999984,50923.471006074,0.0,10581.709840059588,61505.1808461336
方法C_滚动净负荷分位数,2025-11-24,81166.32670164376,81166.32670164376,0.0,0.0,1319.3241933333347,3890.9860041666684,51170.925016607885,0.0,5574.691845260006,56745.61686186789
方法C_滚动净负荷分位数,2025-11-25,81341.00183270729,81341.00183270729,0.0,0.0,2657.6137058333343,3404.249206666667,51269.960671146466,0.0,11026.813123479167,62296.77379462563
方法C_滚动净负荷分位数,2025-11-26,80157.70456976343,80157.70456976343,0.0,0.0,3289.9950658333346,2262.7610974999993,50296.90852495759,0.0,12040.826777054584,62337.73530201217
方法C_滚动净负荷分位数,2025-11-27,80871.11947029471,80871.11947029471,0.0,0.0,1901.5113766666673,2511.258986666666,50712.94383644102,0.0,7259.1504401875045,57972.09427662853
方法C_滚动净负荷分位数,2025-11-28,36676.84886456585,36676.84886456585,0.0,0.0,2055.2985725000053,4345.957937325107,19623.637312823867,0.0,8745.825131936273,28369.46244476014
方法C_滚动净负荷分位数,2025-11-29,36831.28279945507,36831.28279945507,0.0,0.0,4962.897060833336,3374.8257883333335,19611.008445622094,0.0,18123.17017874293,37734.17862436503
方法C_滚动净负荷分位数,2025-11-30,81855.26486317794,81855.26486317794,0.0,0.0,4795.138201666668,1952.3472333333334,51568.08361234451,0.0,17594.902672563338,69162.98628490785
方法C_滚动净负荷分位数,2025-12-01,81040.67787731731,81040.67787731731,0.0,0.0,10472.412047499998,791.0217591666672,50850.96880619504,0.0,40940.761638819575,91791.73044501462
方法C_滚动净负荷分位数,2025-12-02,82371.45741011322,82371.45741011322,0.0,0.0,11220.184605000002,495.0933841666666,51649.21257243855,0.0,44105.78181556709,95754.99438800564
方法C_滚动净负荷分位数,2025-12-03,82677.06664318529,82677.06664318529,0.0,0.0,9702.367876666665,759.1641791666658,52054.84117110353,0.0,35596.449635258745,87651.29080636227
方法C_滚动净负荷分位数,2025-12-04,82367.21512906607,82367.21512906607,0.0,0.0,9552.567856666668,641.4915766666659,51838.90145533936,0.0,37227.841240511254,89066.74269585061
方法C_滚动净负荷分位数,2025-12-05,37406.42766414328,37406.42766414328,0.0,0.0,8829.1907025,1382.3125583333292,20041.099210320957,0.0,34821.50421053916,54862.60342086012
方法C_滚动净负荷分位数,2025-12-06,38763.93398591351,38763.93398591351,0.0,0.0,9082.117340833334,621.2836674999999,20534.139423504428,0.0,34699.14581575417,55233.2852392586
方法C_滚动净负荷分位数,2025-12-07,85379.56411833587,85379.56411833587,0.0,0.0,7549.038985000003,627.370648333333,53922.26262814096,0.0,28446.40335189126,82368.66598003222
方法C_滚动净负荷分位数,2025-12-08,88389.22235263989,88389.22235263989,0.0,0.0,5372.81989583334,1217.049194166665,56073.801049908165,0.0,19308.710039220856,75382.51108912902
方法C_滚动净负荷分位数,2025-12-09,90351.14841607386,90351.14841607386,0.0,0.0,3313.2038658333367,1557.6003474999982,57440.39115229903,0.0,13979.28182325418,71419.67297555321
方法C_滚动净负荷分位数,2025-12-10,89643.93554124287,89643.93554124287,0.0,0.0,4515.406780833338,1053.4257624999996,56755.61172606254,0.0,16885.520731885437,73641.13245794797
方法C_滚动净负荷分位数,2025-12-11,89047.91671327718,89047.91671327718,0.0,0.0,3031.887742500004,1411.092646666666,56573.26788782932,0.0,10928.664189561685,67501.932077391
方法C_滚动净负荷分位数,2025-12-12,43023.414377192435,43023.414377192435,0.0,0.0,5931.1899058333365,1315.4286999999995,22663.31027855306,0.0,20455.76198093335,43119.072259486406
方法C_滚动净负荷分位数,2025-12-13,45658.56982725171,45658.56982725171,0.0,0.0,3441.3990183333385,1488.4204583333324,23912.702104761986,0.0,14840.427808073353,38753.12991283534
方法C_滚动净负荷分位数,2025-12-14,90932.96724091399,90932.96724091399,0.0,0.0,3691.647191666669,1124.801883333333,57900.61093403553,0.0,14263.053241952093,72163.66417598762
方法C_滚动净负荷分位数,2025-12-15,93286.8962151558,93286.8962151558,0.0,0.0,3003.638300833335,2070.2384708333334,59530.93355831806,0.0,10618.045555272924,70148.97911359099
方法C_滚动净负荷分位数,2025-12-16,93986.84387255275,93986.84387255275,0.0,0.0,2271.169702500001,2050.6795066666655,60261.52160545853,0.0,7239.34047523459,67500.86208069311
方法C_滚动净负荷分位数,2025-12-17,93847.17581471277,93847.17581471277,0.0,0.0,1329.8536025000017,2214.9480333333318,59774.95271674102,0.0,5094.973479887923,64869.92619662894
方法C_滚动净负荷分位数,2025-12-18,92312.79090402044,92312.79090402044,0.0,0.0,2085.5308308333338,2313.758050833333,58971.00199070616,0.0,8093.077513726253,67064.07950443242
方法C_滚动净负荷分位数,2025-12-19,48167.19973752304,48167.19973752304,0.0,0.0,1346.8571858333328,2583.765301666667,25223.637243863017,0.0,5218.036642512914,30441.67388637593
方法C_滚动净负荷分位数,2025-12-20,49193.31395963186,49193.31395963186,0.0,0.0,944.8694166666664,3221.0764208333344,25700.903738776535,0.0,3906.369711429583,29607.273450206118
方法C_滚动净负荷分位数,2025-12-21,94158.66627931752,94158.66627931752,0.0,0.0,1923.1567533333337,2261.408931666666,60262.04560730019,0.0,6501.534355629583,66763.57996292977
方法C_滚动净负荷分位数,2025-12-22,95641.84299661158,95641.84299661158,0.0,0.0,777.465695833334,2707.122501666666,61131.67457481129,0.0,3231.979780222088,64363.65435503338
方法C_滚动净负荷分位数,2025-12-23,95945.07794053204,95945.07794053204,0.0,0.0,212.07620666666674,4103.250505000001,61553.69426401894,0.0,758.004728091668,62311.6989921106
方法C_滚动净负荷分位数,2025-12-24,95080.27361006255,95080.27361006255,0.0,0.0,873.2619483333331,3325.754031666665,60654.76801089254,0.0,3840.385581246248,64495.153592138784
方法C_滚动净负荷分位数,2025-12-25,93977.4704190957,93977.4704190957,0.0,0.0,1657.5013625000006,3090.6717933333325,60222.547374906964,0.0,5103.699146927918,65326.24652183489
方法C_滚动净负荷分位数,2025-12-26,49593.40508934637,49593.40508934637,0.0,0.0,692.3785266666686,3213.650038333335,26014.870420851657,0.0,2793.966365267925,28808.83678611958
方法C_滚动净负荷分位数,2025-12-27,50055.3960337719,50055.3960337719,0.0,0.0,589.9521183333329,3235.950735,26206.93841569499,0.0,2044.322161930003,28251.26057762499
方法C_滚动净负荷分位数,2025-12-28,95764.28368765455,95764.28368765455,0.0,0.0,589.9481674999998,4759.860556666665,61350.60625624243,0.0,2154.5831903291664,63505.189446571596
方法C_滚动净负荷分位数,2025-12-29,96400.64494729826,96400.64494729826,0.0,0.0,456.37366416666737,4542.091924166664,61696.432671991475,0.0,1618.6358689962526,63315.068540987726
方法C_滚动净负荷分位数,2025-12-30,96303.02007509372,96303.02007509372,0.0,0.0,201.34120333333294,5476.607707499999,61778.17597126617,0.0,756.0572440220817,62534.23321528825
方法C_滚动净负荷分位数,2025-12-31,101155.4950428982,101155.4950428982,0.0,0.0,964.3392908333334,3347.3528816666667,63477.586322482195,0.0,3835.692654059166,67313.27897654136
