策略,日期,计划购电量_kWh,调整后购电量_kWh,上调量_kWh,下调量_kWh,紧急购电量_kWh,剩余电量_kWh,计划购电费_元,调整成本_元,紧急购电费_元,总成本_元
问题2_固定价,2025-01-01,54149.365587170076,54149.365587170076,0.0,0.0,36514.41488333333,21.217300000000023,32909.86528886616,0.0,146586.90245181666,179496.76774068282
问题2_固定价,2025-01-02,96853.43825448024,96853.43825448024,0.0,0.0,2483.2580333333335,1633.1887833333321,61853.47911169964,0.0,9532.153857958338,71385.63296965798
问题2_固定价,2025-01-03,98745.5829048996,98745.5829048996,0.0,0.0,0.0,48396.69676,63303.9428293717,0.0,0.0,63303.9428293717
问题2_固定价,2025-01-04,98117.39957326128,98117.39957326128,0.0,0.0,34.972000000000094,48555.550293333334,62893.14386745211,0.0,74.77013600000019,62967.91400345211
问题2_固定价,2025-01-05,97454.16992354579,97454.16992354579,0.0,0.0,1229.3539633333319,2829.320536666668,62421.06802980191,0.0,4559.542472879994,66980.6105026819
问题2_固定价,2025-01-06,98293.26055248792,98293.26055248792,0.0,0.0,757.8362599999994,3579.8065633333326,63037.15692610317,0.0,3028.8215083366654,66065.97843443984
问题2_固定价,2025-01-07,98546.99073396185,98546.99073396185,0.0,0.0,1301.0572666666665,2448.11595,63235.485282478905,0.0,4838.583651258333,68074.06893373725
问题2_固定价,2025-01-08,98977.50352483144,98977.50352483144,0.0,0.0,679.9091699999993,5278.490523333332,63539.595792165084,0.0,2240.321182218331,65779.91697438342
问题2_固定价,2025-01-09,99004.52825954983,99004.52825954983,0.0,0.0,659.2525099999982,3724.8510066666654,63536.12393487873,0.0,2032.3311623549953,65568.45509723372
问题2_固定价,2025-01-10,99269.06054286142,99269.06054286142,0.0,0.0,0.0,48924.12666333333,63711.262966006754,0.0,0.0,63711.262966006754
问题2_固定价,2025-01-11,99071.89444032832,99071.89444032832,0.0,0.0,4.073999999999955,49345.42568333333,63576.8878249057,0.0,8.710211999999904,63585.5980369057
问题2_固定价,2025-01-12,98838.72699392137,98838.72699392137,0.0,0.0,434.4146500000006,3539.6133166666687,63416.45897719313,0.0,1392.0199145583354,64808.47889175146
问题2_固定价,2025-01-13,98865.68869196362,98865.68869196362,0.0,0.0,400.9729233333329,6129.6875199999995,63419.84403874198,0.0,1183.0721481699989,64602.916186911985
问题2_固定价,2025-01-14,98797.58370071308,98797.58370071308,0.0,0.0,457.9921700000003,5116.400179999999,63374.41386062932,0.0,1392.2384800833343,64766.65234071266
问题2_固定价,2025-01-15,98784.93718600426,98784.93718600426,0.0,0.0,387.2580933333336,4243.990719999997,63357.90426586296,0.0,1738.1450970183341,65096.0493628813
问题2_固定价,2025-01-16,98842.98235554007,98842.98235554007,0.0,0.0,579.5568666666672,5488.4512399999985,63436.99574061057,0.0,2375.6772555483362,65812.6729961589
问题2_固定价,2025-01-17,98854.6401586815,98854.6401586815,0.0,0.0,0.0,51308.947799999994,63464.09776188074,0.0,0.0,63464.09776188074
问题2_固定价,2025-01-18,98641.80936321212,98641.80936321212,0.0,0.0,27.15599999999995,50573.37521666666,63306.56212073884,0.0,58.05952799999989,63364.62164873884
问题2_固定价,2025-01-19,98431.58312104024,98431.58312104024,0.0,0.0,221.06626000000006,5119.926546666667,63150.19156462642,0.0,932.22298573,64082.414550356414
问题2_固定价,2025-01-20,98398.12304713481,98398.12304713481,0.0,0.0,248.75444666666692,5732.47438,63135.633904846094,0.0,949.642743978334,64085.27664882442
问题2_固定价,2025-01-21,98347.15876853997,98347.15876853997,0.0,0.0,301.32523000000026,10328.336863333332,63106.600492120095,0.0,947.295356498334,64053.89584861843
问题2_固定价,2025-01-22,98212.6769831421,98212.6769831421,0.0,0.0,422.77699000000064,4897.024310000002,63003.180918360165,0.0,1521.673491581669,64524.85440994183
问题2_固定价,2025-01-23,98670.44056099009,98670.44056099009,0.0,0.0,302.5045000000001,4569.4562466666675,63387.89470675486,0.0,1071.9455548250007,64459.84026157986
问题2_固定价,2025-01-24,51380.93220420791,51380.93220420791,0.0,0.0,441.8884666666663,7902.248543333337,26995.673352238773,0.0,1421.8364237333333,28417.509775972107
问题2_固定价,2025-01-25,50920.54477502387,50920.54477502387,0.0,0.0,216.56075333333303,8618.00449,26810.623556044306,0.0,938.7541800349999,27749.377736079306
问题2_固定价,2025-01-26,97612.02982962971,97612.02982962971,0.0,0.0,474.9115366666665,5558.9690766666645,62582.60728670623,0.0,1288.8554838399996,63871.46277054623
问题2_固定价,2025-01-27,96201.80662951988,96201.80662951988,0.0,0.0,395.1366599999991,7643.107876666668,61612.80982732775,0.0,1322.6683265399965,62935.47815386775
问题2_固定价,2025-01-28,97335.69539476112,97335.69539476112,0.0,0.0,420.1887166666662,5942.01337333333,62209.18273804648,0.0,1437.4429890233314,63646.62572706981
问题2_固定价,2025-01-29,98087.04813912074,98087.04813912074,0.0,0.0,170.63616666666655,12032.81367,62933.288802561314,0.0,556.5461327049998,63489.83493526631
问题2_固定价,2025-01-30,98636.6961427993,98636.6961427993,0.0,0.0,128.43567666666672,10189.998619999998,63314.50448077673,0.0,641.1001978999994,63955.60467867673
问题2_固定价,2025-01-31,51013.02123428577,51013.02123428577,0.0,0.0,238.15632333333298,8407.376263333334,26772.945085053685,0.0,1060.6096695466654,27833.55475460035
问题2_固定价,2025-02-01,50559.04977166268,50559.04977166268,0.0,0.0,44.446113333333415,12152.078129999998,26606.064935946753,0.0,158.90826043833366,26764.973196385086
问题2_固定价,2025-02-02,97710.7614274942,97710.7614274942,0.0,0.0,7.859796666666625,14538.427173333335,62612.61857642714,0.0,33.96500009666632,62646.58357652381
问题2_固定价,2025-02-03,95974.46876870553,95974.46876870553,0.0,0.0,9.575653333333321,11007.17038,61402.69703647154,0.0,20.04184242666664,61422.7388788982
问题2_固定价,2025-02-04,97157.25460013343,97157.25460013343,0.0,0.0,73.69183666666675,11216.564016666669,62069.42119748816,0.0,220.82329961333386,62290.24449710149
问题2_固定价,2025-02-05,97556.81004121632,97556.81004121632,0.0,0.0,8.339886666666757,11985.039526666666,62570.04987630782,0.0,52.378658210000566,62622.42853451782
问题2_固定价,2025-02-06,98215.90019965381,98215.90019965381,0.0,0.0,7.976970000000051,13128.2303,63042.24015855797,0.0,29.46464531833345,63071.70480387631
问题2_固定价,2025-02-07,50485.10487402631,50485.10487402631,0.0,0.0,28.165076666666664,14637.681053333334,26474.681747944927,0.0,178.79330573666667,26653.47505368159
问题2_固定价,2025-02-08,49871.5375995651,49871.5375995651,0.0,0.0,42.748189999999965,14270.165003333332,26177.68610718542,0.0,294.70203331999977,26472.38814050542
问题2_固定价,2025-02-09,97003.42269164503,97003.42269164503,0.0,0.0,0.26875666666660436,12636.81562,62097.315122525964,0.0,0.5185659883332131,62097.8336885143
问题2_固定价,2025-02-10,95234.64980690958,95234.64980690958,0.0,0.0,17.708333333333485,16175.136066666668,60827.730601010226,0.0,119.23020833333436,60946.96080934356
问题2_固定价,2025-02-11,96204.76985091492,96204.76985091492,0.0,0.0,23.10654666666676,16205.571373333332,61407.052524075785,0.0,116.38957626666726,61523.44210034246
问题2_固定价,2025-02-12,96784.85240527228,96784.85240527228,0.0,0.0,11.244016666666766,16705.66303333333,62038.1200718566,0.0,74.32229439166734,62112.442366248266
问题2_固定价,2025-02-13,97602.1773494346,97602.1773494346,0.0,0.0,6.5031166666665285,21464.85885,62598.005474134334,0.0,43.86352191666573,62641.868996051
问题2_固定价,2025-02-14,49726.906247587875,49726.906247587875,0.0,0.0,7.210583333333375,15870.227949999999,26039.800570769068,0.0,46.859028625000256,26086.65959939407
问题2_固定价,2025-02-15,49191.38385812056,49191.38385812056,0.0,0.0,55.73736666666673,15904.442366666666,25776.167161058136,0.0,366.01908472500037,26142.186245783138
问题2_固定价,2025-02-16,96314.0540222932,96314.0540222932,0.0,0.0,34.64298333333318,16172.31428333333,61587.413792576175,0.0,233.8803977416656,61821.29419031784
问题2_固定价,2025-02-17,94486.62742142052,94486.62742142052,0.0,0.0,17.1114166666664,18578.664233333333,60264.17118841707,0.0,105.81521184166556,60369.986400258735
问题2_固定价,2025-02-18,95184.40708013778,95184.40708013778,0.0,0.0,0.0,18309.12198333333,60688.0871165065,0.0,0.0,60688.0871165065
问题2_固定价,2025-02-19,96299.08272448095,96299.08272448095,0.0,0.0,52.618760000000066,18653.90970333333,61671.12307107973,0.0,231.68090818666693,61902.8039792664
问题2_固定价,2025-02-20,97083.83397204927,97083.83397204927,0.0,0.0,19.44724333333329,21309.154286666664,62228.70814009082,0.0,95.69596594333298,62324.40410603415
问题2_固定价,2025-02-21,49156.36392857137,49156.36392857137,0.0,0.0,26.90476999999987,19562.990433333332,25701.19867066065,0.0,128.00836065166607,25829.207031312315
问题2_固定价,2025-02-22,48513.45486924624,48513.45486924624,0.0,0.0,43.568886666666685,16680.295563333333,25427.676141037857,0.0,237.10800139666674,25664.784142434524
问题2_固定价,2025-02-23,95704.76097251083,95704.76097251083,0.0,0.0,40.59153000000015,19423.910109999997,61147.60546365403,0.0,196.4890965883339,61344.09456024236
问题2_固定价,2025-02-24,93901.16007236522,93901.16007236522,0.0,0.0,55.49844333333317,21017.459703333334,59826.13026883008,0.0,354.6351572433323,60180.76542607341
问题2_固定价,2025-02-25,94536.63314358455,94536.63314358455,0.0,0.0,50.782273333333364,23988.662709999997,60209.65287960257,0.0,265.41636454666707,60475.06924414923
问题2_固定价,2025-02-26,95853.74190614268,95853.74190614268,0.0,0.0,8.804666666666662,22234.467,61332.24401512559,0.0,55.22727166666664,61387.47128679225
问题2_固定价,2025-02-27,96585.60204753822,96585.60204753822,0.0,0.0,2.4610300000000507,24843.835086666666,61874.05798529993,0.0,15.386028871666982,61889.4440141716
问题2_固定价,2025-02-28,48639.59695163184,48639.59695163184,0.0,0.0,46.479263333333336,21337.434409999998,25411.686056115424,0.0,282.34833795333356,25694.034394068756
问题2_固定价,2025-03-01,47843.41620698468,47843.41620698468,0.0,0.0,24.72949666666665,20211.01097,25072.89047924659,0.0,161.55319222833324,25234.443671474924
问题2_固定价,2025-03-02,95125.52056220993,95125.52056220993,0.0,0.0,33.776693333333355,18020.816393333334,60724.35589159375,0.0,166.2463298366669,60890.60222143042
问题2_固定价,2025-03-03,93358.46002842537,93358.46002842537,0.0,0.0,104.03480999999954,16714.229253333335,59437.55487868754,0.0,574.9167803466639,60012.4716590342
问题2_固定价,2025-03-04,93914.37569617886,93914.37569617886,0.0,0.0,5.561820000000125,19951.536406666666,59754.417172853195,0.0,27.287181900000743,59781.704354753194
问题2_固定价,2025-03-05,94025.4975503288,94025.4975503288,0.0,0.0,17.917533333333495,23135.894966666667,59943.51202879928,0.0,85.30820165000098,60028.82023044928
问题2_固定价,2025-03-06,94143.69027906649,94143.69027906649,0.0,0.0,32.94888999999989,23516.650746666666,60093.96339239738,0.0,133.91395745999944,60227.87734985738
问题2_固定价,2025-03-07,46906.1330960176,46906.1330960176,0.0,0.0,28.66517333333303,22012.27654,24472.718725277064,0.0,81.56623631999949,24554.284961597066
问题2_固定价,2025-03-08,45331.1243009655,45331.1243009655,0.0,0.0,26.716843333333316,22396.385986666664,23711.167190425534,0.0,130.54764693833323,23841.71483736387
问题2_固定价,2025-03-09,92917.69083035432,92917.69083035432,0.0,0.0,60.37983000000031,24893.58202333333,59037.670647684245,0.0,330.93042547000204,59368.60107315425
问题2_固定价,2025-03-10,90986.743388239,90986.743388239,0.0,0.0,117.18639333333306,18343.560776666665,57622.10204638675,0.0,572.8883029133323,58194.99034930009
问题2_固定价,2025-03-11,91348.86292372357,91348.86292372357,0.0,0.0,74.16722666666612,22746.959576666664,57897.98652085266,0.0,400.2570741716643,58298.24359502432
问题2_固定价,2025-03-12,91755.29346080909,91755.29346080909,0.0,0.0,76.4370766666666,24677.89864,58170.88288866757,0.0,227.86488453833329,58398.7477732059
问题2_固定价,2025-03-13,91271.63649465523,91271.63649465523,0.0,0.0,88.60474666666687,19108.000336666668,57901.09070730172,0.0,509.71132442166737,58410.80203172339
问题2_固定价,2025-03-14,44033.38063922512,44033.38063922512,0.0,0.0,46.30381333333327,24064.425283333334,22883.64294323426,0.0,249.83554468666597,23133.478487920926
问题2_固定价,2025-03-15,41966.61883716594,41966.61883716594,0.0,0.0,185.94980333333348,17338.81714,21937.708627211043,0.0,958.518478308334,22896.227105519374
问题2_固定价,2025-03-16,90053.5730920064,90053.5730920064,0.0,0.0,21.672816666666563,22005.900973333333,56902.05866049936,0.0,103.5438204916663,57005.60248099102
问题2_固定价,2025-03-17,88094.63365821475,88094.63365821475,0.0,0.0,77.91911000000016,25655.692706666665,55449.91375797877,0.0,514.0025717866674,55963.91632976544
问题2_固定价,2025-03-18,88026.87468252398,88026.87468252398,0.0,0.0,75.25491666666653,22257.872396666666,55559.10454358212,0.0,383.85715602333306,55942.961699605454
问题2_固定价,2025-03-19,87403.28267390719,87403.28267390719,0.0,0.0,15.415053333333276,23346.64521,54856.68900310153,0.0,98.46161859999957,54955.15062170153
问题2_固定价,2025-03-20,87975.52113766524,87975.52113766524,0.0,0.0,156.4934666666668,21270.030173333333,55427.81025839898,0.0,910.3698653900003,56338.18012378898
问题2_固定价,2025-03-21,40659.91403750816,40659.91403750816,0.0,0.0,159.0329699999998,24880.743756666667,21160.598406372377,0.0,762.5147319966654,21923.113138369044
问题2_固定价,2025-03-22,38830.2993416624,38830.2993416624,0.0,0.0,42.106100000000026,19272.520706666666,20391.768604517718,0.0,93.47466566666662,20485.243270184386
问题2_固定价,2025-03-23,86836.90981054318,86836.90981054318,0.0,0.0,121.89807666666695,23511.435303333332,54470.1010204631,0.0,645.5701909816681,55115.671211444766
问题2_固定价,2025-03-24,84636.79817232568,84636.79817232568,0.0,0.0,102.72424666666689,22282.671146666664,52971.608758829156,0.0,302.765822490001,53274.374581319156
问题2_固定价,2025-03-25,85237.66279720882,85237.66279720882,0.0,0.0,117.93128333333266,19766.001109999997,53489.319716715196,0.0,526.9035499149971,54016.223266630186
问题2_固定价,2025-03-26,83126.62262213675,83126.62262213675,0.0,0.0,107.6112866666665,23206.84361666667,51915.47847039748,0.0,381.22428567833254,52296.70275607581
问题2_固定价,2025-03-27,83859.17051534799,83859.17051534799,0.0,0.0,139.52961333333303,20808.602706666665,52471.61611938146,0.0,575.8714054666651,53047.48752484813
问题2_固定价,2025-03-28,37643.53423689548,37643.53423689548,0.0,0.0,115.63011333333316,23282.085146666665,19722.166197998617,0.0,455.902980551666,20178.069178550282
问题2_固定价,2025-03-29,36826.26271592255,36826.26271592255,0.0,0.0,99.32761666666653,25680.292206666665,19327.01961819819,0.0,525.0043475449995,19852.023965743185
问题2_固定价,2025-03-30,83081.05806468555,83081.05806468555,0.0,0.0,141.8766366666664,23426.15929,51850.44666055573,0.0,481.0509033066653,52331.4975638624
问题2_固定价,2025-03-31,81497.77876163971,81497.77876163971,0.0,0.0,68.79205666666667,20206.01657,50630.31515574194,0.0,248.78139544499984,50879.09655118694
问题2_固定价,2025-04-01,80190.12813498556,80190.12813498556,0.0,0.0,191.65051666666625,15767.852623333334,49728.22359729104,0.0,966.2481979216662,50694.4717952127
问题2_固定价,2025-04-02,79934.34693833817,79934.34693833817,0.0,0.0,191.2624766666662,15273.515196666667,49771.90381811988,0.0,1027.3977475899962,50799.30156570987
问题2_固定价,2025-04-03,79570.00237786458,79570.00237786458,0.0,0.0,166.8268166666669,19467.218249999998,49306.2337334382,0.0,645.1094362383351,49951.34316967654
问题2_固定价,2025-04-04,35745.64635174769,35745.64635174769,0.0,0.0,100.94848999999977,25961.58054333333,18673.60456340502,0.0,548.8123950966666,19222.416958501686
问题2_固定价,2025-04-05,35447.375852424986,35447.375852424986,0.0,0.0,153.58868999999987,20180.177509999998,18603.892293312885,0.0,421.2295827866661,19025.12187609955
问题2_固定价,2025-04-06,80956.70068294616,80956.70068294616,0.0,0.0,141.69267000000002,22286.650906666666,50189.618255718946,0.0,654.0469562,50843.665211918946
问题2_固定价,2025-04-07,78105.86234192266,78105.86234192266,0.0,0.0,87.98640666666665,20519.1809,48120.481902490756,0.0,360.21926393999996,48480.70116643076
问题2_固定价,2025-04-08,77734.55139077753,77734.55139077753,0.0,0.0,154.37906999999961,19105.413856666666,47822.32733197948,0.0,568.9423576266647,48391.269689606146
问题2_固定价,2025-04-09,77510.55524118624,77510.55524118624,0.0,0.0,134.11256333333313,14085.53551333333,47915.99133784636,0.0,396.3591654216658,48312.350503268026
问题2_固定价,2025-04-10,76361.79822813944,76361.79822813944,0.0,0.0,155.4012633333332,17680.270006666666,47081.0389022728,0.0,680.4324852566652,47761.47138752946
问题2_固定价,2025-04-11,34374.638188128585,34374.638188128585,0.0,0.0,285.2638000000001,26010.471916666662,17848.044406403365,0.0,1133.3149362600006,18981.359342663367
问题2_固定价,2025-04-12,34216.18317420036,34216.18317420036,0.0,0.0,80.67402333333337,22009.004569999997,17894.87760628682,0.0,299.60800973666693,18194.48561602349
问题2_固定价,2025-04-13,76694.60538259422,76694.60538259422,0.0,0.0,121.84798,18140.413776666668,47046.87988962584,0.0,586.6469349150001,47633.52682454084
问题2_固定价,2025-04-14,75749.14639695916,75749.14639695916,0.0,0.0,164.1356966666666,18998.74857,46403.565685865855,0.0,649.9737156533324,47053.539401519185
问题2_固定价,2025-04-15,75306.78931111387,75306.78931111387,0.0,0.0,137.08135666666692,20914.172626666663,46074.19917005254,0.0,666.6430281350007,46740.842198187536
问题2_固定价,2025-04-16,74471.55886816514,74471.55886816514,0.0,0.0,215.4059199999998,14521.59057666667,45609.295335054194,0.0,744.7905051566651,46354.08584021086
问题2_固定价,2025-04-17,74101.44176553251,74101.44176553251,0.0,0.0,45.38524333333339,16951.67134333333,45395.93861693527,0.0,254.11127860833406,45650.049895543605
问题2_固定价,2025-04-18,33206.69276477985,33206.69276477985,0.0,0.0,87.60786666666633,23750.05455,17249.13564678285,0.0,348.81031546333276,17597.945962246184
问题2_固定价,2025-04-19,32885.03960991101,32885.03960991101,0.0,0.0,167.94006333333334,23148.758126666664,17169.252975590796,0.0,538.3146644949996,17707.567640085796
问题2_固定价,2025-04-20,73249.49648612924,73249.49648612924,0.0,0.0,46.774353333333465,17065.67558,44688.51253411075,0.0,101.4827009500003,44789.99523506075
问题2_固定价,2025-04-21,73213.89285101808,73213.89285101808,0.0,0.0,274.6478699999998,20732.316683333334,44662.703743749524,0.0,778.2921625316661,45440.99590628119
问题2_固定价,2025-04-22,72382.99331156626,72382.99331156626,0.0,0.0,192.5484033333331,16227.086556666665,44115.18814492464,0.0,680.5176594083326,44795.705804332974
问题2_固定价,2025-04-23,71246.68645887691,71246.68645887691,0.0,0.0,244.2508166666663,15901.828846666665,43325.733458257826,0.0,761.0530900849997,44086.786548342825
问题2_固定价,2025-04-24,71068.2952871701,71068.2952871701,0.0,0.0,155.39630999999963,19969.511643333335,43303.28244909169,0.0,652.4018467649992,43955.684295856685
问题2_固定价,2025-04-25,31889.896230258353,31889.896230258353,0.0,0.0,250.31192999999956,27097.902263333326,16546.698755743226,0.0,898.624506378333,17445.323262121557
问题2_固定价,2025-04-26,31733.27287294748,31733.27287294748,0.0,0.0,240.27188999999981,28884.099693333334,16439.65599754225,0.0,944.5884953749996,17384.24449291725
问题2_固定价,2025-04-27,70413.99061870067,70413.99061870067,0.0,0.0,238.41448666666622,17880.170916666666,42771.09901018215,0.0,532.0732165649998,43303.17222674715
问题2_固定价,2025-04-28,70994.55791658055,70994.55791658055,0.0,0.0,341.3124666666663,10514.293583333334,43000.80176827549,0.0,968.6543989033331,43969.456167178825
问题2_固定价,2025-04-29,70833.40415962106,70833.40415962106,0.0,0.0,55.059196666666594,19270.538379999998,42936.2144599043,0.0,251.85815855833235,43188.07261846264
问题2_固定价,2025-04-30,69415.39267542865,69415.39267542865,0.0,0.0,295.2422233333335,17300.018213333333,42007.26069793639,0.0,976.6075680166672,42983.86826595306
问题2_固定价,2025-05-01,69395.09839507373,69395.09839507373,0.0,0.0,1896.68129,16150.853583333334,42073.24088710635,0.0,8703.992903833336,50777.23379093969
问题2_固定价,2025-05-02,30626.24783507732,30626.24783507732,0.0,0.0,2319.3200300000003,15737.747649999996,15785.92503590106,0.0,9343.297482936667,25129.222518837727
问题2_固定价,2025-05-03,30822.270462102464,30822.270462102464,0.0,0.0,1826.2794833333332,20865.629393333336,15864.248923552417,0.0,9261.523761026667,25125.772684579082
问题2_固定价,2025-05-04,67214.35053204633,67214.35053204633,0.0,0.0,2206.437026666667,13543.153423333331,40546.55905755796,0.0,9947.469055500003,50494.02811305797
问题2_固定价,2025-05-05,67707.64939460909,67707.64939460909,0.0,0.0,1733.6095966666658,10212.04172666667,40685.85129009711,0.0,7871.646409364996,48557.4976994621
问题2_固定价,2025-05-06,67556.04838498941,67556.04838498941,0.0,0.0,2083.0426033333333,12648.8491,40682.7795869964,0.0,8859.998736993333,49542.77832398973
问题2_固定价,2025-05-07,67346.47523000004,67346.47523000004,0.0,0.0,1848.5814099999998,10008.082086666667,40422.7773345244,0.0,8741.670918304999,49164.448252829396
问题2_固定价,2025-05-08,67429.47166186925,67429.47166186925,0.0,0.0,2002.4090666666666,9505.083779999997,40887.26479728478,0.0,8717.947664598332,49605.212461883115
问题2_固定价,2025-05-09,30275.07157055118,30275.07157055118,0.0,0.0,1264.620423333333,20176.427089999997,15557.434902698671,0.0,6408.088748531667,21965.523651230338
问题2_固定价,2025-05-10,30248.78854192946,30248.78854192946,0.0,0.0,2058.960416666667,17391.629116666667,15628.471401424562,0.0,9411.090422653335,25039.561824077897
问题2_固定价,2025-05-11,64821.30272185185,64821.30272185185,0.0,0.0,2248.823419999999,7482.7082866666615,38841.17603727175,0.0,10536.274648243329,49377.450685515076
问题2_固定价,2025-05-12,65171.182055855774,65171.182055855774,0.0,0.0,1983.8928100000003,11096.667149999997,39112.55555634147,0.0,7815.878765408335,46928.4343217498
问题2_固定价,2025-05-13,66130.81801110001,66130.81801110001,0.0,0.0,1323.9431166666666,10223.099806666665,39792.51383218194,0.0,6551.086747816666,46343.60057999861
问题2_固定价,2025-05-14,66435.4416821399,66435.4416821399,0.0,0.0,1284.5551866666672,10612.081859999995,39791.58121855258,0.0,6103.9608373083365,45895.54205586092
问题2_固定价,2025-05-15,66162.45815465516,66162.45815465516,0.0,0.0,681.1240833333331,9979.669636666662,40177.68899584084,0.0,2744.8453849850007,42922.53438082584
问题2_固定价,2025-05-16,30261.206138371883,30261.206138371883,0.0,0.0,1192.3360833333322,25952.796209999997,15769.327306072903,0.0,4979.27032697833,20748.59763305123
问题2_固定价,2025-05-17,30226.78563086107,30226.78563086107,0.0,0.0,1591.2897633333332,18655.61754,15841.943951988189,0.0,7310.9333209416645,23152.877272929854
问题2_固定价,2025-05-18,64472.95132533625,64472.95132533625,0.0,0.0,1785.2355633333332,8492.715516666667,38888.61801174024,0.0,5442.789738495,44331.40775023524
问题2_固定价,2025-05-19,65102.00204317128,65102.00204317128,0.0,0.0,955.2436399999992,14415.104019999999,39131.00580704123,0.0,4980.609804646665,44111.61561168789
问题2_固定价,2025-05-20,65263.20923304564,65263.20923304564,0.0,0.0,2293.0445433333334,8936.917859999998,39385.12293557303,0.0,9727.686885625002,49112.80982119804
问题2_固定价,2025-05-21,65761.6420385953,65761.6420385953,0.0,0.0,1014.2546833333342,11340.553949999996,39447.28365371769,0.0,4315.91890941667,43763.202563134364
问题2_固定价,2025-05-22,64293.120032394196,64293.120032394196,0.0,0.0,424.34682999999893,9813.40762,39058.44506315008,0.0,1542.8974889233295,40601.34255207341
问题2_固定价,2025-05-23,30025.778275863788,30025.778275863788,0.0,0.0,1055.723286666666,21971.161513333333,15776.54920368756,0.0,4142.334693883331,19918.883897570893
问题2_固定价,2025-05-24,30109.270056792942,30109.270056792942,0.0,0.0,562.4094533333333,24293.426399999997,15992.151060964126,0.0,2421.716710871667,18413.867771835794
问题2_固定价,2025-05-25,64526.13865544012,64526.13865544012,0.0,0.0,538.6089833333334,12449.059019999997,39058.226942864436,0.0,2483.995381925001,41542.222324789436
问题2_固定价,2025-05-26,63934.86951036152,63934.86951036152,0.0,0.0,1871.8139300000003,7265.264526666668,38516.43370131645,0.0,6922.045623888334,45438.47932520478
问题2_固定价,2025-05-27,64252.938399901715,64252.938399901715,0.0,0.0,696.1207800000003,11601.545236666667,38898.48320143735,0.0,2862.0632342900003,41760.54643572735
问题2_固定价,2025-05-28,65158.78980915115,65158.78980915115,0.0,0.0,585.7722400000002,9455.857826666665,39181.87347645668,0.0,2157.1335937500003,41339.00707020668
问题2_固定价,2025-05-29,62865.66314794645,62865.66314794645,0.0,0.0,1586.1126366666658,6401.823160000001,38357.255493913544,0.0,5891.235124633331,44248.49061854688
问题2_固定价,2025-05-30,29707.342697295873,29707.342697295873,0.0,0.0,630.8996933333331,21134.458843333334,15691.021671681328,0.0,2314.691286074999,18005.71295775633
问题2_固定价,2025-05-31,29795.636064428614,29795.636064428614,0.0,0.0,645.8920033333328,19499.314670000003,15872.788888466306,0.0,2348.3330877366648,18221.121976202972
问题2_固定价,2025-06-01,63504.471753594844,63504.471753594844,0.0,0.0,13766.20311,2117.8069866666656,38572.96919053387,0.0,52546.90874827333,91119.8779388072
问题2_固定价,2025-06-02,63906.04937894523,63906.04937894523,0.0,0.0,10962.846326666668,2344.409803333332,38426.64704256012,0.0,45152.00473938334,83578.65178194345
问题2_固定价,2025-06-03,62434.45069247045,62434.45069247045,0.0,0.0,10367.302826666666,758.6249000000003,37973.76086211255,0.0,41980.79772106333,79954.55858317588
问题2_固定价,2025-06-04,63466.893516092474,63466.893516092474,0.0,0.0,10825.455633333331,848.3879133333334,38392.94453492566,0.0,41409.18795645333,79802.13249137899
问题2_固定价,2025-06-05,62583.859223212996,62583.859223212996,0.0,0.0,13021.229959999999,610.3160266666655,38166.303272492936,0.0,50093.77069184666,88260.0739643396
问题2_固定价,2025-06-06,29358.316525703343,29358.316525703343,0.0,0.0,13720.135659999996,9670.756726666668,15481.406444777569,0.0,55615.53361035665,71096.94005513423
问题2_固定价,2025-06-07,29401.632978041936,29401.632978041936,0.0,0.0,10904.024006666665,6677.300410000001,15620.929461231348,0.0,42974.300942661655,58595.23040389301
问题2_固定价,2025-06-08,65411.48593345837,65411.48593345837,0.0,0.0,6788.149399999998,3149.763686666665,39831.20334749076,0.0,25951.900200949993,65783.10354844075
问题2_固定价,2025-06-09,65767.9622779495,65767.9622779495,0.0,0.0,10017.71919,910.7807600000001,39713.09432646276,0.0,40461.77189041667,80174.86621687943
问题2_固定价,2025-06-10,64296.5692628789,64296.5692628789,0.0,0.0,12199.178246666665,1025.314763333333,39090.375668137014,0.0,46558.744817303326,85649.12048544033
问题2_固定价,2025-06-11,64453.39974722225,64453.39974722225,0.0,0.0,15976.486036666663,563.7884633333333,39098.3179326718,0.0,66613.89381743166,105712.21175010345
问题2_固定价,2025-06-12,64767.326334912614,64767.326334912614,0.0,0.0,12408.36591,841.7170933333333,39545.32470085868,0.0,49233.43029170167,88778.75499256034
问题2_固定价,2025-06-13,30100.514662336478,30100.514662336478,0.0,0.0,7784.776906666665,7013.939150000001,16163.300075122437,0.0,31579.61566470666,47742.9157398291
问题2_固定价,2025-06-14,30245.632799936553,30245.632799936553,0.0,0.0,8360.52987,9915.236393333333,16261.37885797938,0.0,31527.65629296833,47789.03515094771
问题2_固定价,2025-06-15,68757.99284083578,68757.99284083578,0.0,0.0,7321.0474166666645,1573.6547466666675,42250.261161549846,0.0,29799.023038834992,72049.28420038483
问题2_固定价,2025-06-16,71312.34318713192,71312.34318713192,0.0,0.0,6694.8873866666645,1277.921983333334,43664.30279747274,0.0,26814.84070798999,70479.14350546274
问题2_固定价,2025-06-17,69341.74302583806,69341.74302583806,0.0,0.0,10468.255979999998,1111.5963133333344,42378.12844534269,0.0,40604.30177035666,82982.43021569935
问题2_固定价,2025-06-18,69966.93010236541,69966.93010236541,0.0,0.0,5950.259656666664,1097.6853066666667,42638.99346537941,0.0,23046.138673871657,65685.13213925107
问题2_固定价,2025-06-19,70784.4926835212,70784.4926835212,0.0,0.0,3685.4671899999967,2112.7169300000005,43455.22181313089,0.0,14682.231990798322,58137.45380392922
问题2_固定价,2025-06-20,32517.531352173413,32517.531352173413,0.0,0.0,2347.3622399999986,9930.918450000001,18212.964784978125,0.0,7745.157721699996,25958.12250667812
问题2_固定价,2025-06-21,32448.376552490063,32448.376552490063,0.0,0.0,1551.4352733333321,12180.399356666663,18042.00062374263,0.0,5761.616466854995,23803.617090597625
问题2_固定价,2025-06-22,72874.56546900581,72874.56546900581,0.0,0.0,2928.0153266666644,4377.5186066666665,44717.22788749485,0.0,11369.229824336657,56086.457711831514
问题2_固定价,2025-06-23,75243.08912178421,75243.08912178421,0.0,0.0,1636.817693333333,5612.43029,46469.43407965168,0.0,7170.58733116333,53640.021410815
问题2_固定价,2025-06-24,74520.92516260291,74520.92516260291,0.0,0.0,7456.805616666666,1515.9016900000006,45774.050055302185,0.0,30538.496969264997,76312.54702456717
问题2_固定价,2025-06-25,74954.96481360008,74954.96481360008,0.0,0.0,3386.449473333331,3711.931096666667,46008.27839457824,0.0,13155.31603461332,59163.594429191566
问题2_固定价,2025-06-26,73921.39644667953,73921.39644667953,0.0,0.0,2452.6544766666666,4602.21264,45540.746836278006,0.0,10649.003748233336,56189.75058451134
问题2_固定价,2025-06-27,33782.82969284195,33782.82969284195,0.0,0.0,588.61732,12072.941696666663,19209.179056072255,0.0,2146.5860670116663,21355.76512308392
问题2_固定价,2025-06-28,33406.34372822365,33406.34372822365,0.0,0.0,1127.0650466666661,10279.368680000001,18738.745954156377,0.0,4325.011953324998,23063.757907481373
问题2_固定价,2025-06-29,74537.85685741587,74537.85685741587,0.0,0.0,2924.3799900000017,4089.556049999999,45759.91564171816,0.0,11413.657707671673,57173.57334938984
问题2_固定价,2025-06-30,75986.50279621048,75986.50279621048,0.0,0.0,2579.5195366666667,4390.823283333333,47029.4852307396,0.0,9782.581912811665,56812.06714355126
问题2_固定价,2025-07-01,78581.49499984091,78581.49499984091,0.0,0.0,7405.300926666667,2874.08907,48633.48949387616,0.0,26149.338189705,74782.82768358116
问题2_固定价,2025-07-02,77101.21630016867,77101.21630016867,0.0,0.0,7177.461846666667,7128.647460000002,47510.05557414743,0.0,25263.411962108334,72773.46753625576
问题2_固定价,2025-07-03,75170.2807238596,75170.2807238596,0.0,0.0,9945.171416666668,1141.4614866666657,46354.82883615673,0.0,36924.88022001834,83279.70905617507
问题2_固定价,2025-07-04,33935.777559754395,33935.777559754395,0.0,0.0,7787.192793333334,10328.409006666663,19324.554106868225,0.0,27606.415008963337,46930.96911583156
问题2_固定价,2025-07-05,33850.04192170407,33850.04192170407,0.0,0.0,8125.538736666666,10708.421196666664,19075.649178887943,0.0,29591.84709517833,48667.496274066274
问题2_固定价,2025-07-06,76513.33658824206,76513.33658824206,0.0,0.0,10060.70229,2529.3394266666664,47024.652636963234,0.0,38744.19407821,85768.84671517323
问题2_固定价,2025-07-07,77129.98227120946,77129.98227120946,0.0,0.0,6895.85543,6354.441336666665,47803.70401989651,0.0,23285.599515686667,71089.30353558318
问题2_固定价,2025-07-08,80310.94218954051,80310.94218954051,0.0,0.0,6890.274433333332,7361.1559166666675,49937.508430290116,0.0,25388.064630693327,75325.57306098344
问题2_固定价,2025-07-09,79055.59351021671,79055.59351021671,0.0,0.0,6085.808003333333,6828.748220000001,48881.33584051241,0.0,22801.44559742166,71682.78143793407
问题2_固定价,2025-07-10,77580.59122627917,77580.59122627917,0.0,0.0,5852.030073333332,6338.331976666666,48073.47647005115,0.0,21371.406682934994,69444.88315298615
问题2_固定价,2025-07-11,35215.78389752226,35215.78389752226,0.0,0.0,6838.193416666665,7037.565059999997,20276.147478275267,0.0,23748.88565375,44025.033132025266
问题2_固定价,2025-07-12,35201.08555641534,35201.08555641534,0.0,0.0,6587.518809999998,8213.413986666668,20104.543683519878,0.0,23579.822821364993,43684.36650488487
问题2_固定价,2025-07-13,78795.29554194225,78795.29554194225,0.0,0.0,5404.809643333333,10663.091919999999,48757.794703268344,0.0,20308.848796338334,69066.64349960668
问题2_固定价,2025-07-14,79067.17230512493,79067.17230512493,0.0,0.0,5646.0911099999985,8627.217430000002,49167.83412314856,0.0,21201.91699398833,70369.7511171369
问题2_固定价,2025-07-15,86080.37353464063,86080.37353464063,0.0,0.0,2387.2551099999982,11355.335663333335,54164.93887988728,0.0,8524.060599339995,62688.99947922728
问题2_固定价,2025-07-16,84412.9209258137,84412.9209258137,0.0,0.0,2866.6153899999977,10820.766653333334,52788.77450866247,0.0,10525.11160847499,63313.88611713746
问题2_固定价,2025-07-17,82892.02044869601,82892.02044869601,0.0,0.0,3050.1590266666635,8947.75227333333,51895.42502097011,0.0,10801.400888144988,62696.8259091151
问题2_固定价,2025-07-18,39478.33119361507,39478.33119361507,0.0,0.0,2148.925929999997,7762.396313333332,23134.128964459193,0.0,7428.474291288322,30562.603255747516
问题2_固定价,2025-07-19,39159.73076338554,39159.73076338554,0.0,0.0,2882.6365799999967,12320.628489999996,22877.52503616477,0.0,10425.005558314988,33302.53059447976
问题2_固定价,2025-07-20,83798.25621997191,83798.25621997191,0.0,0.0,2224.809759999998,9600.79628666667,52438.272916171634,0.0,7928.211663661657,60366.48457983329
问题2_固定价,2025-07-21,84591.97021509401,84591.97021509401,0.0,0.0,2129.7782333333325,8402.72679666667,53203.33565831382,0.0,8003.691827153331,61207.02748546715
问题2_固定价,2025-07-22,89763.40143062269,89763.40143062269,0.0,0.0,1070.8951399999996,12549.73466,56804.13552132602,0.0,3280.877022711666,60085.01254403768
问题2_固定价,2025-07-23,88043.21227020574,88043.21227020574,0.0,0.0,933.7967466666659,10402.990360000003,55494.80541780108,0.0,3760.770691229995,59255.57610903107
问题2_固定价,2025-07-24,86408.17055557115,86408.17055557115,0.0,0.0,938.2361199999999,9422.352946666666,54456.042687579895,0.0,3396.221612281666,57852.26429986156
问题2_固定价,2025-07-25,42037.48969512611,42037.48969512611,0.0,0.0,843.3263999999997,13729.404963333334,24825.39102567307,0.0,3320.8755653466674,28146.266591019736
问题2_固定价,2025-07-26,41830.24558395773,41830.24558395773,0.0,0.0,943.581786666666,11735.788433333333,24759.283542231296,0.0,3168.371644049998,27927.655186281296
问题2_固定价,2025-07-27,86915.81279159788,86915.81279159788,0.0,0.0,1476.9289133333339,10336.347906666668,54678.183753891404,0.0,4869.530582555002,59547.71433644641
问题2_固定价,2025-07-28,87436.6268985756,87436.6268985756,0.0,0.0,1146.510556666667,6281.760053333333,55335.09636549983,0.0,4209.866652528334,59544.96301802816
问题2_固定价,2025-07-29,91165.46172287384,91165.46172287384,0.0,0.0,487.6681033333326,11060.937350000004,57705.315292945685,0.0,2062.1153026349984,59767.43059558068
问题2_固定价,2025-07-30,89301.40201406993,89301.40201406993,0.0,0.0,614.0603666666668,11444.025083333334,56472.88539819039,0.0,2488.092632641667,58960.978030832055
问题2_固定价,2025-07-31,87842.35551505553,87842.35551505553,0.0,0.0,541.2929833333329,9370.778053333335,55482.88648593885,0.0,1781.6800279499987,57264.56651388884
问题2_固定价,2025-08-01,42688.30720650922,42688.30720650922,0.0,0.0,726.7664666666658,19495.707053333335,25283.775997048964,0.0,2504.9718240649977,27788.747821113964
问题2_固定价,2025-08-02,42551.33729177168,42551.33729177168,0.0,0.0,301.05489999999986,19329.844316666666,25228.579448484445,0.0,1215.4667260099993,26444.046174494444
问题2_固定价,2025-08-03,86994.90980109201,86994.90980109201,0.0,0.0,734.6348433333333,20459.762619999998,54698.21493827746,0.0,3082.999024803334,57781.213963080794
问题2_固定价,2025-08-04,88245.02343859742,88245.02343859742,0.0,0.0,293.0156066666665,18768.65558,55898.32456896718,0.0,890.4062961683321,56788.73086513552
问题2_固定价,2025-08-05,91386.35265626508,91386.35265626508,0.0,0.0,198.73816666666653,21964.743353333335,57904.77654527109,0.0,592.1946527399998,58496.971198011095
问题2_固定价,2025-08-06,89599.7010062642,89599.7010062642,0.0,0.0,409.76160333333326,17507.74789,56689.193096620584,0.0,1360.424130675,58049.61722729559
问题2_固定价,2025-08-07,87117.02806748063,87117.02806748063,0.0,0.0,317.7970233333334,19785.299933333332,54961.47454502363,0.0,1010.6977053583331,55972.17225038196
问题2_固定价,2025-08-08,42571.10022913319,42571.10022913319,0.0,0.0,131.22389666666652,24298.369316666667,25221.76371779307,0.0,607.8442213116659,25829.607939104735
问题2_固定价,2025-08-09,42480.01467216657,42480.01467216657,0.0,0.0,241.652446666667,21222.725979999996,25185.609403921084,0.0,985.2832192166678,26170.89262313775
问题2_固定价,2025-08-10,87449.20925063328,87449.20925063328,0.0,0.0,162.68668999999977,17873.871,55116.14209107245,0.0,441.6234236966657,55557.76551476911
问题2_固定价,2025-08-11,87931.79560728365,87931.79560728365,0.0,0.0,319.6665066666668,19340.627129999997,55660.33274492212,0.0,1275.8315308183326,56936.164275740455
问题2_固定价,2025-08-12,89828.57247042538,89828.57247042538,0.0,0.0,181.4174300000002,17880.121693333334,56781.64059116457,0.0,709.6458387300002,57491.28642989457
问题2_固定价,2025-08-13,86509.49745811688,86509.49745811688,0.0,0.0,286.1553500000001,16427.927579999996,54373.80689514964,0.0,1037.7206654833337,55411.527560632974
问题2_固定价,2025-08-14,85694.78687067797,85694.78687067797,0.0,0.0,251.1913766666661,15748.083773333334,54004.456713511485,0.0,1102.3239978449967,55106.780711356485
问题2_固定价,2025-08-15,42184.45085598627,42184.45085598627,0.0,0.0,226.0257899999998,22643.97436333333,24941.305804169762,0.0,620.8456711516664,25562.15147532143
问题2_固定价,2025-08-16,42319.76796879577,42319.76796879577,0.0,0.0,240.30691333333306,23052.88556333333,25039.037576917824,0.0,1152.7849079733326,26191.822484891156
问题2_固定价,2025-08-17,85675.21625277489,85675.21625277489,0.0,0.0,306.4636466666668,18444.797836666665,53873.43253182025,0.0,1374.0967015116669,55247.529233331916
问题2_固定价,2025-08-18,85351.31398475333,85351.31398475333,0.0,0.0,416.8800533333332,17108.895053333334,53735.690370133685,0.0,1595.1601029566662,55330.85047309035
问题2_固定价,2025-08-19,86303.93608576126,86303.93608576126,0.0,0.0,211.41045999999972,17943.026266666668,54292.46106461824,0.0,1080.0980898300004,55372.55915444824
问题2_固定价,2025-08-20,83307.80689605203,83307.80689605203,0.0,0.0,602.9935133333328,9006.261476666667,52297.7101824542,0.0,2643.8479109566642,54941.558093410866
问题2_固定价,2025-08-21,84500.98766187913,84500.98766187913,0.0,0.0,194.79736333333324,14583.722273333333,53295.02855090999,0.0,1116.741572553333,54411.77012346333
问题2_固定价,2025-08-22,42210.9394761441,42210.9394761441,0.0,0.0,626.7616766666657,18977.700853333332,24896.508261341827,0.0,2544.7050505749967,27441.21331191682
问题2_固定价,2025-08-23,42577.03977553108,42577.03977553108,0.0,0.0,102.95030666666656,17554.584939999997,25225.850390845073,0.0,270.95618741666624,25496.80657826174
问题2_固定价,2025-08-24,83431.64749449551,83431.64749449551,0.0,0.0,353.82235999999955,15752.63443333333,52580.8076200904,0.0,1646.7418067949977,54227.5494268854
问题2_固定价,2025-08-25,84119.17574680565,84119.17574680565,0.0,0.0,490.07228000000055,9691.754033333335,52921.58085793837,0.0,1827.7895138533352,54749.3703717917
问题2_固定价,2025-08-26,83878.67263265478,83878.67263265478,0.0,0.0,133.4437200000001,14282.762190000001,52691.15066239932,0.0,591.8350549716673,53282.98571737099
问题2_固定价,2025-08-27,82590.22056430648,82590.22056430648,0.0,0.0,289.16766666666615,10712.40248,51906.145302181474,0.0,1305.2366897633312,53211.38199194481
问题2_固定价,2025-08-28,83322.14879854233,83322.14879854233,0.0,0.0,1284.8948066666655,9529.606493333335,52580.62795817773,0.0,4853.859698699994,57434.48765687772
问题2_固定价,2025-08-29,42511.423588365215,42511.423588365215,0.0,0.0,792.1711833333331,18116.824316666665,25134.724910985977,0.0,3419.378597549998,28554.103508535976
问题2_固定价,2025-08-30,42671.48931169528,42671.48931169528,0.0,0.0,229.1262533333329,21788.844456666666,25296.56174964976,0.0,1039.6149330183314,26336.176682668094
问题2_固定价,2025-08-31,80524.50123762497,80524.50123762497,0.0,0.0,424.3061799999997,10149.143376666665,50817.32146979436,0.0,1851.9214665483316,52669.24293634269
问题2_固定价,2025-09-01,82488.41832283301,82488.41832283301,0.0,0.0,0.0,24769.88816,52003.34643889703,0.0,0.0,52003.34643889703
问题2_固定价,2025-09-02,81656.79863283754,81656.79863283754,0.0,0.0,125.08865666666713,23610.732773333337,51384.606580947555,0.0,523.7639693133355,51908.370550260894
问题2_固定价,2025-09-03,82245.81396090888,82245.81396090888,0.0,0.0,0.0,22449.77705333333,51746.77631732401,0.0,0.0,51746.77631732401
问题2_固定价,2025-09-04,81940.07207681432,81940.07207681432,0.0,0.0,8.2337766666667,23761.519236666667,51663.96372390863,0.0,36.05570802333348,51700.01943193196
问题2_固定价,2025-09-05,42355.089133530215,42355.089133530215,0.0,0.0,126.55303333333336,33001.222813333334,24984.937346419392,0.0,565.5255507916668,25550.46289721106
问题2_固定价,2025-09-06,42239.612333928606,42239.612333928606,0.0,0.0,173.259453333333,32099.550643333336,25056.477151508392,0.0,691.8586993549985,25748.33585086339
问题2_固定价,2025-09-07,78545.48213721623,78545.48213721623,0.0,0.0,16.09629000000018,19521.009583333333,49691.03895337152,0.0,93.88191053500105,49784.92086390652
问题2_固定价,2025-09-08,81617.57088535037,81617.57088535037,0.0,0.0,78.13198000000045,18173.744113333334,51526.811015336236,0.0,363.11397656833526,51889.92499190457
问题2_固定价,2025-09-09,80347.6410641839,80347.6410641839,0.0,0.0,85.03403666666668,23276.808223333337,50547.663767199054,0.0,365.9247906316667,50913.58855783072
问题2_固定价,2025-09-10,81643.38745549123,81643.38745549123,0.0,0.0,533.943406666667,16627.582953333334,51566.29102610384,0.0,2319.374815403335,53885.66584150718
问题2_固定价,2025-09-11,81491.67934522597,81491.67934522597,0.0,0.0,65.5431666666667,23814.389143333337,51493.93045964739,0.0,352.6677037033336,51846.59816335072
问题2_固定价,2025-09-12,42262.80707571748,42262.80707571748,0.0,0.0,277.9630766666664,28312.950100000002,25026.02904552835,0.0,1086.547418648332,26112.57646417668
问题2_固定价,2025-09-13,41887.854095269075,41887.854095269075,0.0,0.0,426.41005666666683,31701.638479999998,24890.835082290672,0.0,1792.585215698334,26683.420297989007
问题2_固定价,2025-09-14,78176.25690180664,78176.25690180664,0.0,0.0,393.7499400000004,14391.546156666667,49440.439273380194,0.0,2009.4762711816684,51449.91554456186
问题2_固定价,2025-09-15,81355.52886248508,81355.52886248508,0.0,0.0,691.601986666667,22829.61158333333,51346.058777782535,0.0,2965.3309037966687,54311.3896815792
问题2_固定价,2025-09-16,78984.54803429577,78984.54803429577,0.0,0.0,345.928943333333,15724.15756,49898.9039719259,0.0,1216.3142575099992,51115.2182294359
问题2_固定价,2025-09-17,81594.2133952673,81594.2133952673,0.0,0.0,288.7969933333335,17681.29992,51671.27866429946,0.0,1317.0626787316673,52988.34134303113
问题2_固定价,2025-09-18,80754.75279714451,80754.75279714451,0.0,0.0,276.81482000000017,17872.109253333336,51144.90426518352,0.0,1190.220861268334,52335.12512645185
问题2_固定价,2025-09-19,42374.43381805062,42374.43381805062,0.0,0.0,173.66526333333348,23695.612729999997,25112.345745960167,0.0,679.0158530983338,25791.361599058502
问题2_固定价,2025-09-20,42044.90175914088,42044.90175914088,0.0,0.0,715.2157500000002,24414.86480333333,24940.623768956746,0.0,2907.4562029400004,27848.07997189675
问题2_固定价,2025-09-21,78586.82678395696,78586.82678395696,0.0,0.0,417.46213999999986,16557.20096,49778.52818982416,0.0,1428.0308790966662,51206.559068920826
问题2_固定价,2025-09-22,80081.73015439388,80081.73015439388,0.0,0.0,555.0300333333325,15866.37739,50650.74060967208,0.0,2544.658252521663,53195.398862193746
问题2_固定价,2025-09-23,78309.47336589039,78309.47336589039,0.0,0.0,1027.7891366666656,13094.39773,49596.145209570655,0.0,4647.059700416661,54243.20490998732
问题2_固定价,2025-09-24,80855.38690538326,80855.38690538326,0.0,0.0,602.4467133333329,16169.238816666668,51283.82793981561,0.0,2563.553000346665,53847.38094016227
问题2_固定价,2025-09-25,79665.28165171093,79665.28165171093,0.0,0.0,835.19863,15983.880316666666,50626.514649780256,0.0,3470.477340008333,54096.99198978859
问题2_固定价,2025-09-26,42574.21015260036,42574.21015260036,0.0,0.0,108.80893333333336,22148.57278,25250.021795035904,0.0,463.7795320433335,25713.801327079236
问题2_固定价,2025-09-27,42716.15863870468,42716.15863870468,0.0,0.0,1418.7541233333322,23524.502799999995,25395.635957671322,0.0,5249.669368706663,30645.305326377984
问题2_固定价,2025-09-28,77748.86846326517,77748.86846326517,0.0,0.0,2014.6564466666673,12165.907906666669,49398.43373482744,0.0,9513.043800568335,58911.47753539578
问题2_固定价,2025-09-29,78886.58354407265,78886.58354407265,0.0,0.0,1336.5701766666664,13240.014063333334,50012.965380664515,0.0,6263.615229788331,56276.580610452846
问题2_固定价,2025-09-30,77497.31918101269,77497.31918101269,0.0,0.0,2740.630593333333,10650.386736666667,49212.25236060168,0.0,13079.918207594998,62292.17056819668
问题2_固定价,2025-10-01,79904.9582063604,79904.9582063604,0.0,0.0,56.057533333333026,26098.01804,50783.60109907796,0.0,244.95104537166532,51028.552144449626
问题2_固定价,2025-10-02,78177.8789224233,78177.8789224233,0.0,0.0,255.47871999999984,22532.489276666667,49762.76424086496,0.0,1079.743253071666,50842.507493936624
问题2_固定价,2025-10-03,42646.96966780002,42646.96966780002,0.0,0.0,71.68620333333348,32009.80879666666,25376.745440976287,0.0,311.1170437000006,25687.862484676287
问题2_固定价,2025-10-04,43094.29904601547,43094.29904601547,0.0,0.0,369.9491466666666,27475.76237333333,25645.973452615202,0.0,1562.3019043733332,27208.275356988535
问题2_固定价,2025-10-05,78641.14218634079,78641.14218634079,0.0,0.0,309.34207666666657,20064.92439666667,49995.48951083973,0.0,1380.06572301,51375.55523384974
问题2_固定价,2025-10-06,78507.28727546668,78507.28727546668,0.0,0.0,317.57823666666627,16891.259156666667,49893.03059157737,0.0,1454.469828589998,51347.50042016737
问题2_固定价,2025-10-07,78446.62486129564,78446.62486129564,0.0,0.0,810.1102466666669,17262.661700000004,49885.14824187816,0.0,4105.492467600001,53990.64070947816
问题2_固定价,2025-10-08,78468.47294448297,78468.47294448297,0.0,0.0,805.9066866666674,18610.937243333334,49933.99528442853,0.0,3325.9956711733366,53259.99095560187
问题2_固定价,2025-10-09,77035.47727084486,77035.47727084486,0.0,0.0,872.7956866666663,17987.79275,49188.83800045525,0.0,3703.6901171333334,52892.52811758859
问题2_固定价,2025-10-10,42094.56601367702,42094.56601367702,0.0,0.0,329.31677000000013,30172.195153333334,25005.156198149245,0.0,1347.8821468950005,26353.038345044246
问题2_固定价,2025-10-11,43011.28217699231,43011.28217699231,0.0,0.0,329.55427666667015,26283.838213333333,25587.06685944858,0.0,1329.4083341716746,26916.475193620252
问题2_固定价,2025-10-12,77441.74426784492,77441.74426784492,0.0,0.0,651.4101866666668,15437.569536666668,49358.951287766635,0.0,2823.016768358334,52181.96805612497
问题2_固定价,2025-10-13,74994.27357769207,74994.27357769207,0.0,0.0,411.5039366666655,14221.21827666667,47392.52984962698,0.0,1948.2116847266607,49340.74153435364
问题2_固定价,2025-10-14,75234.47845002629,75234.47845002629,0.0,0.0,1103.9661599999995,11388.58064333334,47760.65880264663,0.0,5091.833800486664,52852.492603133294
问题2_固定价,2025-10-15,74771.7534532969,74771.7534532969,0.0,0.0,1406.2984700000004,10123.051033333337,47259.069544888014,0.0,5989.555069733335,53248.624614621345
问题2_固定价,2025-10-16,73303.13934334848,73303.13934334848,0.0,0.0,2803.1564499999995,9022.510956666669,46495.6822381314,0.0,12532.659749426664,59028.34198755806
问题2_固定价,2025-10-17,38976.97782959449,38976.97782959449,0.0,0.0,806.843389999999,20855.919383333334,22639.176003310346,0.0,3537.9453093299953,26177.12131264034
问题2_固定价,2025-10-18,39977.8178639623,39977.8178639623,0.0,0.0,766.8130766666662,21712.039640000003,23346.100720533752,0.0,3037.501484061665,26383.602204595416
问题2_固定价,2025-10-19,74128.83305991518,74128.83305991518,0.0,0.0,2681.995213333332,8805.611413333336,46903.792990379174,0.0,11679.106221914992,58582.89921229416
问题2_固定价,2025-10-20,69977.61371917718,69977.61371917718,0.0,0.0,3621.8858033333345,5048.954303333333,43672.741087082264,0.0,16601.025805035006,60273.766892117266
问题2_固定价,2025-10-21,70934.58212351007,70934.58212351007,0.0,0.0,4707.758299999999,5039.00297,44670.20164929071,0.0,18286.318783246665,62956.52043253738
问题2_固定价,2025-10-22,70331.6025981678,70331.6025981678,0.0,0.0,4149.003106666667,4821.860546666668,43813.55404333572,0.0,18536.796544501663,62350.35058783738
问题2_固定价,2025-10-23,68880.12209507063,68880.12209507063,0.0,0.0,3800.2588533333324,5207.502646666668,43314.82397654198,0.0,16674.22995852666,59989.05393506864
问题2_固定价,2025-10-24,35012.827596445975,35012.827596445975,0.0,0.0,2280.4501766666663,15901.696376666667,19514.20233395714,0.0,9750.206374271665,29264.408708228802
问题2_固定价,2025-10-25,35755.27854119036,35755.27854119036,0.0,0.0,1294.3372866666662,14646.715413333328,20078.43518130539,0.0,5346.839918004998,25425.27509931039
问题2_固定价,2025-10-26,70370.11408037684,70370.11408037684,0.0,0.0,2802.1300300000007,4526.642969999999,43935.23470979355,0.0,11773.944291268335,55709.179001061886
问题2_固定价,2025-10-27,69720.4770481676,69720.4770481676,0.0,0.0,3488.7146600000005,5544.703153333332,43460.063031157064,0.0,15304.874842801668,58764.937873958734
问题2_固定价,2025-10-28,71992.26640781069,71992.26640781069,0.0,0.0,3026.79554,4877.733519999999,45235.575220715815,0.0,12687.494088021667,57923.06930873748
问题2_固定价,2025-10-29,70448.00347087398,70448.00347087398,0.0,0.0,6545.248866666667,3575.441123333332,43835.668157990425,0.0,27381.237004225,71216.90516221542
问题2_固定价,2025-10-30,69495.92483998374,69495.92483998374,0.0,0.0,3257.434716666666,3833.376293333332,43709.70088860176,0.0,13411.960730793331,57121.66161939509
问题2_固定价,2025-10-31,34419.008280475246,34419.008280475246,0.0,0.0,4271.92287,11768.117829999996,18984.4558132682,0.0,16795.40369162167,35779.859504889864
问题2_固定价,2025-11-01,35218.850652216424,35218.850652216424,0.0,0.0,2763.393166666666,12389.159966666666,19608.88167702936,0.0,10802.792143916664,30411.673820946024
问题2_固定价,2025-11-02,71312.14415847333,71312.14415847333,0.0,0.0,4843.236483333333,3207.8886666666667,44570.978518222764,0.0,20776.087715691665,65347.066233914426
问题2_固定价,2025-11-03,70918.76032045676,70918.76032045676,0.0,0.0,6133.052809999999,3407.462630000001,44415.93468425197,0.0,22823.722550101662,67239.65723435364
问题2_固定价,2025-11-04,73557.0466522938,73557.0466522938,0.0,0.0,2266.7718000000023,4054.1163900000015,46270.878563577295,0.0,9116.093091340008,55386.9716549173
问题2_固定价,2025-11-05,73004.10533279926,73004.10533279926,0.0,0.0,4024.885683333334,3154.8429699999997,45579.42140005162,0.0,15842.268263051668,61421.689663103294
问题2_固定价,2025-11-06,71346.41971164965,71346.41971164965,0.0,0.0,7192.735949999999,2977.926626666666,44847.029694570265,0.0,28953.03514080166,73800.06483537193
问题2_固定价,2025-11-07,34838.80469657165,34838.80469657165,0.0,0.0,1718.5000266666664,10110.270126666668,19080.38633338152,0.0,7307.698541911665,26388.08487529319
问题2_固定价,2025-11-08,35249.78491349514,35249.78491349514,0.0,0.0,1817.6347333333322,10167.07568333333,19474.041513927103,0.0,7158.338916183329,26632.380430110432
问题2_固定价,2025-11-09,73231.97679909084,73231.97679909084,0.0,0.0,5303.211220000001,2967.882133333335,45800.252830009005,0.0,21561.496581215004,67361.74941122401
问题2_固定价,2025-11-10,73250.17326508775,73250.17326508775,0.0,0.0,7625.985543333332,2795.649143333334,46053.060116791356,0.0,28963.983628618327,75017.04374540968
问题2_固定价,2025-11-11,74819.83497678985,74819.83497678985,0.0,0.0,4265.268663333335,3248.3239200000007,47062.53146998691,0.0,17592.783017045007,64655.31448703192
问题2_固定价,2025-11-12,74894.89108240043,74894.89108240043,0.0,0.0,3049.6756366666677,2633.3223500000013,46658.60793369262,0.0,14012.684075130004,60671.292008822624
问题2_固定价,2025-11-13,72375.78676643732,72375.78676643732,0.0,0.0,6358.776043333336,2082.659176666667,45245.07109910839,0.0,24078.019503318345,69323.09060242673
问题2_固定价,2025-11-14,34964.80495753027,34964.80495753027,0.0,0.0,4303.982203333332,8441.71785666667,18899.854164521956,0.0,16445.137928884997,35344.99209340695
问题2_固定价,2025-11-15,35155.06096852059,35155.06096852059,0.0,0.0,3480.3143766666653,7213.516,19060.66270046659,0.0,13531.695994938329,32592.358695404917
问题2_固定价,2025-11-16,74972.75728830014,74972.75728830014,0.0,0.0,6067.062583333333,2223.292293333335,46771.28249007047,0.0,24678.723971281666,71450.00646135214
问题2_固定价,2025-11-17,76006.53937164143,76006.53937164143,0.0,0.0,3908.402789999999,2829.3983700000017,47461.7669122038,0.0,16976.29683547333,64438.06374767712
问题2_固定价,2025-11-18,75722.54134853899,75722.54134853899,0.0,0.0,6023.7914,2477.4908000000014,47340.41714444278,0.0,22883.942619913334,70224.35976435611
问题2_固定价,2025-11-19,75728.58507921068,75728.58507921068,0.0,0.0,5138.419760000002,1087.6209533333329,47050.14857551131,0.0,21178.112628128336,68228.26120363965
问题2_固定价,2025-11-20,74766.29405621173,74766.29405621173,0.0,0.0,5777.107923333334,1368.632286666666,46400.90103387624,0.0,23103.976246988335,69504.87728086457
问题2_固定价,2025-11-21,34985.305164853766,34985.305164853766,0.0,0.0,3639.9501900000005,6433.3178266666655,18646.696149206364,0.0,13387.080775385,32033.776924591366
问题2_固定价,2025-11-22,34922.67853554613,34922.67853554613,0.0,0.0,3342.875083333333,4762.732326666667,18593.51768927258,0.0,12437.342624481664,31030.860313754245
问题2_固定价,2025-11-23,76932.22756539614,76932.22756539614,0.0,0.0,4681.876966666667,1895.8247333333334,47898.99259733872,0.0,19232.86717911333,67131.85977645205
问题2_固定价,2025-11-24,77984.94277090128,77984.94277090128,0.0,0.0,2394.264289999999,1775.601363333333,48577.486654826964,0.0,10107.837250484996,58685.32390531196
问题2_固定价,2025-11-25,76963.24066973034,76963.24066973034,0.0,0.0,5010.833606666665,1375.850003333334,47873.18256944662,0.0,19628.005215846657,67501.18778529327
问题2_固定价,2025-11-26,77424.05241056584,77424.05241056584,0.0,0.0,5364.3183966666675,1567.8574799999997,48252.19383579212,0.0,20628.994954233338,68881.18879002545
问题2_固定价,2025-11-27,77968.00172246789,77968.00172246789,0.0,0.0,3810.7232766666675,1572.1147433333347,48586.43207164313,0.0,15339.26693743167,63925.6990090748
问题2_固定价,2025-11-28,35582.33305265626,35582.33305265626,0.0,0.0,2372.8569166666693,3625.3483733333333,18950.191913904855,0.0,9243.258023171675,28193.44993707653
问题2_固定价,2025-11-29,35454.30217381473,35454.30217381473,0.0,0.0,6415.01425,3558.8067733333337,18827.424461291088,0.0,22605.523176181665,41432.94763747275
问题2_固定价,2025-11-30,78966.94368773137,78966.94368773137,0.0,0.0,7012.576989999999,1277.403043333334,49374.62022816303,0.0,26817.660279824995,76192.28050798803
问题2_固定价,2025-12-01,79202.14068176305,79202.14068176305,0.0,0.0,12004.253159999997,469.36117000000013,49439.75553400826,0.0,46878.32328025499,96318.07881426325
问题2_固定价,2025-12-02,79066.34061834673,79066.34061834673,0.0,0.0,14290.423863333332,302.90287999999987,49314.86738805816,0.0,55770.78255559832,105085.64994365649
问题2_固定价,2025-12-03,79744.7095824631,79744.7095824631,0.0,0.0,12397.436563333333,550.7686499999996,50033.30121428616,0.0,45195.05529144167,95228.35650572783
问题2_固定价,2025-12-04,80323.1996520605,80323.1996520605,0.0,0.0,11360.537609999998,428.3944600000007,50375.14009622333,0.0,43735.26723353999,94110.40732976331
问题2_固定价,2025-12-05,36209.552005396436,36209.552005396436,0.0,0.0,9823.582243950616,1256.0259633333333,19360.442098880343,0.0,37810.80930960246,57171.2514084828
问题2_固定价,2025-12-06,36239.57474276214,36239.57474276214,0.0,0.0,11691.315233333333,784.8133799999986,19255.764442075066,0.0,41649.39141392,60905.155855995064
问题2_固定价,2025-12-07,81505.52023077993,81505.52023077993,0.0,0.0,10971.05682,362.1678700000002,51347.38023348772,0.0,40638.03665557,91985.41688905771
问题2_固定价,2025-12-08,81468.52457115294,81468.52457115294,0.0,0.0,11492.861036666669,658.8734933333335,51101.85124576729,0.0,43177.76214254334,94279.61338831062
问题2_固定价,2025-12-09,82973.39239667651,82973.39239667651,0.0,0.0,9319.78356,424.9167233333337,52094.13173852729,0.0,37663.48835190834,89757.62009043564
问题2_固定价,2025-12-10,83108.86530979809,83108.86530979809,0.0,0.0,10417.481433333332,622.4668133333336,52318.53524379215,0.0,38246.91136040834,90565.4466042005
问题2_固定价,2025-12-11,82926.03376068358,82926.03376068358,0.0,0.0,8146.566439999999,582.2877366666667,52189.09600032136,0.0,31114.714399688328,83303.8104000097
问题2_固定价,2025-12-12,37295.214646212575,37295.214646212575,0.0,0.0,10806.54453666667,804.4762733333338,19899.434886484192,0.0,39257.63207880168,59157.06696528588
问题2_固定价,2025-12-13,38825.74598494314,38825.74598494314,0.0,0.0,9145.794593333332,568.3543033333333,20532.95273456161,0.0,36451.23502785333,56984.18776241494
问题2_固定价,2025-12-14,85480.31550229443,85480.31550229443,0.0,0.0,8411.834066666666,446.5304466666671,54014.60863028702,0.0,31521.136574754997,85535.74520504201
问题2_固定价,2025-12-15,87097.2111247223,87097.2111247223,0.0,0.0,7772.774553333332,694.8854233333338,55099.75586440368,0.0,28161.30624096833,83261.06210537201
问题2_固定价,2025-12-16,88224.89666803938,88224.89666803938,0.0,0.0,6462.060013333332,553.6671599999999,55917.17857702433,0.0,23678.66106916833,79595.83964619266
问题2_固定价,2025-12-17,88408.73660744594,88408.73660744594,0.0,0.0,5233.78565,732.3765533333335,55878.6332535813,0.0,19428.202197976665,75306.83545155797
问题2_固定价,2025-12-18,87340.02466371236,87340.02466371236,0.0,0.0,5467.524873333332,743.553820000001,55315.68257390073,0.0,21745.75806254666,77061.4406364474
问题2_固定价,2025-12-19,41575.68785558839,41575.68785558839,0.0,0.0,5788.144439999996,594.791196666667,21884.026131846407,0.0,21462.66511595332,43346.69124779973
问题2_固定价,2025-12-20,44252.27086634073,44252.27086634073,0.0,0.0,3340.4443433333313,952.6138533333342,23128.06369484577,0.0,13824.068192418326,36952.13188726409
问题2_固定价,2025-12-21,90170.46210787608,90170.46210787608,0.0,0.0,4554.1181333333325,964.753576666667,57311.231533272025,0.0,16331.95872139333,73643.19025466536
问题2_固定价,2025-12-22,91553.20868873365,91553.20868873365,0.0,0.0,2970.5884400000014,854.8774866666661,58249.84302602913,0.0,11055.651641066674,69305.4946670958
问题2_固定价,2025-12-23,92150.85943538454,92150.85943538454,0.0,0.0,1581.0720066666631,1750.8227700000002,58899.618818396615,0.0,5279.827597011656,64179.446415408274
问题2_固定价,2025-12-24,92012.11681227594,92012.11681227594,0.0,0.0,2303.4594666666667,1728.5019933333326,58403.21829033533,0.0,9643.943774015002,68047.16206435033
问题2_固定价,2025-12-25,90459.39869691062,90459.39869691062,0.0,0.0,3476.274293333333,1404.9269433333345,57688.65343236432,0.0,11349.932859533334,69038.58629189765
问题2_固定价,2025-12-26,45701.61499060979,45701.61499060979,0.0,0.0,2576.3161399999995,1322.6191833333332,23935.74037087713,0.0,9923.007388656666,33858.7477595338
问题2_固定价,2025-12-27,46965.16902670926,46965.16902670926,0.0,0.0,1894.5525233333328,1540.71694,24432.687017931574,0.0,7179.298575324999,31611.98559325657
问题2_固定价,2025-12-28,93012.98923890633,93012.98923890633,0.0,0.0,1453.574566666666,2915.21228,59365.84787419062,0.0,5261.161707324999,64627.009581515624
问题2_固定价,2025-12-29,93715.85552389953,93715.85552389953,0.0,0.0,1056.870786666666,2486.4999566666656,59743.15156738763,0.0,3405.868918809998,63149.02048619763
问题2_固定价,2025-12-30,93739.75674693238,93739.75674693238,0.0,0.0,519.7340299999992,3264.9338900000002,59980.94616932516,0.0,1858.004213981662,61838.950383306816
问题2_固定价,2025-12-31,98769.95766955175,98769.95766955175,0.0,0.0,1954.7626133333329,1986.742799999999,61710.22360917109,0.0,7817.669302339996,69527.89291151108
问题3_固定价,2025-01-01,72811.60173058718,85675.34491464266,12863.743184055473,0.0,7679.338976863837,1907.5912222078553,45896.42637609798,15404.39193086608,27454.682522090887,88755.50082905494
问题3_固定价,2025-01-02,98814.4432248167,97397.56681302721,860.536913832272,2277.4133256217588,2060.4217381074377,1783.7414167717188,63592.78350156184,88.2963387337939,7414.63433889866,71095.71417919428
问题3_固定价,2025-01-03,96131.00091994694,69472.73791090665,0.0,26658.26300904028,3094.2248136958583,22778.884700334012,61727.50723707468,-11110.454080656962,15987.442491916976,66604.49564833469
问题3_固定价,2025-01-04,92900.89230510441,68985.59695378876,5.684341886080802e-14,23915.295351315643,3854.1902397707963,23741.56588845119,59299.85123204706,-9930.751392462731,19213.326894153022,68582.42673373735
问题3_固定价,2025-01-05,71940.23805491041,85394.5860589546,13454.348004044183,0.0,12321.419670108098,2067.794977847206,42534.271505492114,17367.38981418978,48220.65323363972,108122.31455332162
问题3_固定价,2025-01-06,93751.3989034308,95193.29154561163,1647.660379773462,205.76773759263494,1731.1848228325089,1504.7582502563137,59904.0001687678,2092.5143289608413,5879.8704621840925,67876.38495991273
问题3_固定价,2025-01-07,92252.05824819002,97625.40265788324,5373.3444096932235,0.0,1593.6131807590439,1794.784622668106,58669.58780625208,6076.991688126167,5565.323698613119,70311.90319299136
问题3_固定价,2025-01-08,100256.77394918985,94007.8240144184,82.00673744081215,6330.956672212266,1852.9589790218247,1564.3233956992613,64519.33474987612,-2080.3280183328684,6168.963193256911,68607.96992480017
问题3_固定价,2025-01-09,93653.10643526725,94754.27679695345,1468.3990004331959,367.2286387470033,2409.4459152117743,1297.9864924481935,59723.68547671441,1703.160380782105,8079.776245930327,69506.62210342684
问题3_固定价,2025-01-10,99796.85530570417,68140.44183134225,0.0,31656.41347436192,3562.6652628841584,21839.832110687665,64424.33971880979,-13030.506504683803,18137.056028342682,69530.88924246866
问题3_固定价,2025-01-11,93175.35249972262,66766.82430016075,0.0,26408.52819956188,4419.347443280778,22080.8647521325,59485.01108725251,-10777.843051932408,21502.91534528554,70210.08338060563
问题3_固定价,2025-01-12,94909.75118031268,96724.85545991155,3067.941404954539,1252.8371253556716,1778.5570965792476,2869.8545627365775,60448.22395954823,3584.520372762901,5708.284984170129,69741.02931648126
问题3_固定价,2025-01-13,95133.79405998165,94174.07378451046,275.6871427648416,1235.4074182360268,1756.089585117999,2889.5543644906247,60818.62801515737,-190.95771371827124,6179.841630118941,66807.51193155804
问题3_固定价,2025-01-14,93491.66580099612,93463.24255960419,342.49655557741994,370.9197969693654,2026.1807480077118,1451.9206232574454,59665.474863192176,358.0104172734176,6612.86652746668,66636.35180793227
问题3_固定价,2025-01-15,90240.96783037552,94601.48819276904,4360.520362393529,0.0,1663.4989181046687,1404.7282116268689,57219.56514457248,4983.232668551218,6449.264605405817,68652.06241852952
问题3_固定价,2025-01-16,89886.86171456757,92375.83902543694,2528.0620497880086,39.084738918622065,2429.9342914474105,1093.9305946808222,56992.105524391896,2944.302185419025,9277.243119629944,69213.65082944086
问题3_固定价,2025-01-17,92585.88616142832,66910.31103434916,0.0,25675.57512707916,4151.7948471482,24059.09382857472,58889.726212783215,-10593.478808153945,21307.632935649985,69603.88034027925
问题3_固定价,2025-01-18,95734.39873372196,66490.70879805284,0.0,29243.689935669117,4196.167580179369,23218.30271447082,61001.9543521793,-11787.551318586335,20169.057452012657,69383.46048560562
问题3_固定价,2025-01-19,88921.36708281134,93372.21215412843,4466.764115400646,15.91904408356038,1528.7464414835715,1383.8764687385776,56227.020161084816,4963.55651957796,5791.284857935305,66981.86153859808
问题3_固定价,2025-01-20,89422.59728681052,91632.65685488975,2297.959697203447,87.90012912421594,2047.6758768469158,860.0565386813785,56755.16374477393,2484.0740374708944,7554.936947159756,66794.17472940458
问题3_固定价,2025-01-21,89846.24214022716,89055.23116567585,296.2571256993904,1087.2681002506872,1284.9963096445395,2176.215683202503,56830.16791323284,25.562523968459537,4417.93185286245,61273.66229006375
问题3_固定价,2025-01-22,95001.62136096813,94646.59676901253,497.98280669374435,853.0073986493551,1326.327818222217,2250.0777958809963,60445.46327583331,365.74546278354455,5180.031182992961,65991.23992160981
问题3_固定价,2025-01-23,91917.40023262601,94473.42378352767,2643.732638545932,87.70908764426326,1540.8250749294357,1701.8393839863058,58243.70088288624,3322.2114742299614,5259.078433136044,66824.99079025224
问题3_固定价,2025-01-24,42830.58979127376,43783.834660938985,1441.334529979122,488.0896603138999,1741.4877636558665,1669.7580699382909,22409.01912145251,809.9483735023409,6845.78372624888,30064.751221203733
问题3_固定价,2025-01-25,42200.804454762976,44177.280198853194,2573.006218875971,596.5304747857572,1089.1825823981094,2851.1411079056957,22056.45809072124,1718.5383133814319,4761.114844923076,28536.111249025747
问题3_固定价,2025-01-26,98156.9743694532,94385.08078567755,86.20810014140307,3858.101683917039,924.666728647552,2847.8840084478006,62457.939130827544,-1128.9846562189668,3217.4679770632843,64546.42245167186
问题3_固定价,2025-01-27,87346.9832449781,89147.2812681936,1947.8205320166562,147.52250880114616,1581.185316456495,2004.8977957477719,55013.46266002259,1925.2764318105176,5973.998676708444,62912.737768541556
问题3_固定价,2025-01-28,93290.29727211762,91703.0273913226,226.0164981500834,1813.2863789451085,1641.1073787729056,1612.1777293527994,58694.89283126684,-178.94642449167844,6190.3248018837185,64706.27120865888
问题3_固定价,2025-01-29,86196.74794348351,86852.48426682269,1495.73688121684,840.0005578776639,1475.0329050323337,2437.623877495493,53652.86067745633,1399.6918911825992,6066.302054415836,61118.854623054765
问题3_固定价,2025-01-30,86757.00736093803,89943.33661722956,3391.828946513994,205.499690222466,917.0179710002194,2471.2871975620033,54651.184347422226,3492.3169465549736,3972.12061017848,62115.62190415568
问题3_固定价,2025-01-31,41842.90036055309,43885.32701397959,2089.0919198854067,46.66526645890133,1293.3793014231617,2481.1380529138514,21596.651074517747,1488.9249816828928,5160.57720745225,28246.15326365289
问题3_固定价,2025-02-01,43391.58131159193,41718.36742510919,0.0,1673.2138864827436,1005.3722766706576,4649.646553576081,22919.238391735926,-703.9988524038333,4417.112475551825,26632.352014883916
问题3_固定价,2025-02-02,89581.79866778471,85601.0700422353,0.0,3980.7286255494123,668.873878005331,3305.619496107242,56313.45072457497,-1525.0124734158856,3111.8833661153503,57900.321617274436
问题3_固定价,2025-02-03,91957.24047367249,85913.88003719093,0.0,6043.360436481547,1504.4951699569235,2605.050810516163,57857.030790436824,-2228.3023194816874,6038.293549579703,61667.02202053484
问题3_固定价,2025-02-04,94349.50480210222,88261.81070653674,0.0,6087.694095565488,1283.485759391914,3641.7068933197766,59881.978921933885,-2376.2081901819106,5281.324623134133,62787.09535488611
问题3_固定价,2025-02-05,89323.81558341766,88359.78331674467,872.654445313276,1836.686711986269,576.3876333428587,3587.3070472959107,56325.31741388094,-36.80846725845896,2776.965426504991,59065.47437312747
问题3_固定价,2025-02-06,95330.54363320376,87275.42331998215,0.0,8055.120313221617,932.9065018213546,3294.0731128996986,60468.792393754884,-3066.3140401209125,4083.2198945505165,61485.69824818448
问题3_固定价,2025-02-07,44850.61664001078,40385.70777275881,0.0,4464.908867251973,725.7511491885452,5529.8075476480835,23323.409003345372,-1365.323810408988,3755.624174187753,25713.70936712414
问题3_固定价,2025-02-08,38559.95551382139,38363.55242268324,0.0,196.40309113814936,1063.5614486452373,4244.212916712456,19905.71214408856,-67.15718566429217,4878.063295982676,24716.61825440694
问题3_固定价,2025-02-09,90425.99203032529,87800.98700417666,121.7379874544456,2746.743013603075,668.274259070282,4406.921359667444,57026.780064070044,-1024.076954684893,3406.3536553332615,59409.056764718414
问题3_固定价,2025-02-10,86115.48554254032,80851.59623537722,0.0,5263.889307163112,958.8647822338726,2899.5623836385257,53788.61870738527,-2025.2232210516395,4298.667035724689,56062.06252205832
问题3_固定价,2025-02-11,87080.16753190676,80224.96796354998,0.0,6855.199568356783,1465.4996658018254,2086.9660513747576,54755.383769255335,-2758.518607837125,6956.0298526570205,58952.89501407523
问题3_固定价,2025-02-12,87352.32735203441,80523.78690746783,0.0,6828.540444566582,1390.4423193566502,2234.2940283137286,54785.158614471,-2589.8594955103617,6550.949676939501,58746.24879590014
问题3_固定价,2025-02-13,82398.34366040057,77990.84917312667,3.230109132346115e-05,4407.494519575004,832.0354142281568,3014.388693868444,51002.50783032107,-1620.161905906872,4122.72619955148,53505.07212396568
问题3_固定价,2025-02-14,38385.20743369795,38487.1071366246,274.66240694879843,172.76270402215044,820.2131597387034,6074.265206632636,19640.856416316463,294.67142752607583,3859.8909513513618,23795.4187951939
问题3_固定价,2025-02-15,39159.17049661059,38028.84159109204,0.0,1130.328905518546,1216.157858901095,6549.299153498974,20358.139192737537,-451.3129327704571,5462.182382895188,25369.00864286227
问题3_固定价,2025-02-16,87919.26712873833,79572.77797441118,0.0,8346.489154327162,2012.3219775307516,1846.51196745437,54946.75830633548,-3128.6242494375974,8510.187750838915,60328.3218077368
问题3_固定价,2025-02-17,87696.37271758581,76561.11429192321,0.0,11135.258425662605,1597.7467914794925,2651.2329159847936,54330.5254798918,-3887.5394391260807,6993.909421224989,57436.895461990716
问题3_固定价,2025-02-18,78483.73626314271,78996.33982458449,568.8028528088514,56.1992913670656,1255.185882494564,3854.755460350562,48525.238841852406,483.6880111214096,5386.684314116975,54395.611167090785
问题3_固定价,2025-02-19,79212.12055522758,77767.24768722788,397.18560259377796,1842.058470593488,1661.7867512049856,2099.966223013097,49035.6988187224,-409.69562989564304,7308.983079232447,55934.986268059205
问题3_固定价,2025-02-20,82564.7553866749,77414.49294278584,0.0,5150.262443889058,1017.6453560018816,3175.112940448737,50871.175069732526,-1809.8089757537202,4671.643615484381,53733.009709463186
问题3_固定价,2025-02-21,36345.72858757479,35954.15616593572,0.0,391.57242163907296,980.9874122646547,7929.675607379317,18469.18674814303,-168.96006633742232,4406.654984386077,22706.881666191686
问题3_固定价,2025-02-22,36350.30294891467,35821.680497595036,0.0,528.6224513196297,1041.2028782652735,5714.143863822787,18761.067597069487,-211.5107253766325,4974.09201090722,23523.648882600075
问题3_固定价,2025-02-23,80937.93435374853,76552.89568546785,0.0,4385.038668280664,1779.2872847826047,2501.3053521772945,49800.20175248525,-1595.9235243090307,7121.619460321142,55325.89768849736
问题3_固定价,2025-02-24,77643.50671354923,75476.00270494487,0.0,2167.504008604348,1123.6314044713333,4316.849670654216,48187.90416172204,-887.3085062426559,5388.988248066115,52689.5839035455
问题3_固定价,2025-02-25,80034.84219997645,71374.26941265441,0.0,8660.572787322055,1532.5444135297037,2975.027297857765,49225.71071964215,-3013.561227285028,6564.91870300163,52777.06819535875
问题3_固定价,2025-02-26,73670.93996360854,74208.53046117653,862.9931666584671,325.4026690904698,1305.9129266871998,2482.561560009109,44823.82655430962,662.4237564813166,6004.450012343,51490.70032313393
问题3_固定价,2025-02-27,75225.7897527753,73003.3474068032,0.006050166481628594,2222.4483961385727,1193.1052728818381,2903.2207723442525,46163.90034914679,-785.0859723214152,5897.767931341869,51276.58230816725
问题3_固定价,2025-02-28,34945.08906044102,34239.62364034857,0.0,705.4654200924595,986.4744161516037,8647.789787712285,17933.968744594236,-312.9111937077672,4574.342387468834,22195.399938355305
问题3_固定价,2025-03-01,39173.33553005263,37487.693542990426,0.0,1685.6419870621994,876.03472472044,11541.000902270713,19967.147739922348,-606.6760928422906,4342.306321615149,23702.777968695205
问题3_固定价,2025-03-02,83465.03652915997,79860.80637404826,0.0,3604.230155111716,1427.4199513107642,4355.500331962335,51547.291714475716,-1407.3154958911693,6459.881768735028,56599.85798731957
问题3_固定价,2025-03-03,85942.0792886168,77401.92398848667,178.81129717255962,8718.96659730269,1917.1117380930523,2832.263257656062,53126.892665215855,-2714.833545860182,8553.089101047857,58965.148220403535
问题3_固定价,2025-03-04,76413.8688157956,74891.27339372554,0.0,1522.595422070063,2015.4519110556878,3435.914048437071,46909.389809623695,-703.1937127914018,8652.542508808325,54858.73860564062
问题3_固定价,2025-03-05,80271.6526578977,71688.64774062303,0.0,8583.004917274691,2085.783637532667,3402.317474878778,49246.37723007391,-3129.171889989671,9197.41388776568,55314.619227849915
问题3_固定价,2025-03-06,75821.96979319783,72406.6530772274,0.0,3415.3167159704217,1264.7917905750862,3493.103831474942,46195.38315850155,-1236.381403185668,5528.281535671356,50487.28329098724
问题3_固定价,2025-03-07,35299.69529146189,33389.64559336515,0.0,1910.0496980967355,2106.3312801704687,11516.575752877507,18328.795108469614,-798.7217146489797,8513.137560397623,26043.21095421826
问题3_固定价,2025-03-08,33478.411108314445,33079.84278716748,0.0,398.56832114696454,608.6770143204608,11562.191885050384,17082.479021446426,-175.29310621235845,2732.9338990320884,19640.11981426616
问题3_固定价,2025-03-09,78671.56537896837,69084.00750770509,0.0,9587.557871263296,1308.4488453662057,2852.5413065100383,47840.02237604569,-3100.5373159544065,5786.385973574863,50525.871033666146
问题3_固定价,2025-03-10,75674.72674422326,73411.02669912922,0.0,2263.7000450940404,1975.75870766582,3075.0813542636233,45642.86886655324,-803.2474860631884,7567.245107521596,52406.86648801165
问题3_固定价,2025-03-11,66653.74216040481,70068.07231898393,3518.83829355572,104.50813497660181,1530.8517299527196,3543.890638366661,40574.70621697894,2690.4295960841687,6979.570099518415,50244.70591258153
问题3_固定价,2025-03-12,76586.83157094035,67624.93163151479,0.0,8961.899939425557,1459.7341717673376,2509.7810098900145,46616.507545997876,-2987.326065618154,6268.170610351045,49897.35209073077
问题3_固定价,2025-03-13,76636.53840092265,73615.74931808894,0.0,3020.789082833723,1355.8468748222379,3256.324213668885,46569.701761157005,-1181.9429389784273,6370.515312828168,51758.274135006744
问题3_固定价,2025-03-14,32547.86601122159,32584.299775268068,94.9235862064653,58.489822159987966,1058.4219604800674,14645.767563179967,16394.787322818363,82.93810805651552,4712.073287499106,21189.798718373986
问题3_固定价,2025-03-15,31858.296351111563,31993.366133005635,149.2665738146381,14.19679192056725,1067.586692063669,9167.302387266069,15957.169006878717,221.47905871404572,4899.050066675691,21077.69813226845
问题3_固定价,2025-03-16,72457.79683588559,69037.77451236117,0.0,3420.022323524415,1384.2512252638835,3044.500954426764,44095.11978446409,-1248.8421931989762,5559.800291951903,48406.07788321702
问题3_固定价,2025-03-17,68303.37151379426,62234.28274696091,277.78316373064536,6346.8719305639925,2033.6894169896566,2371.1408577666703,40498.27296779684,-1171.6540393652597,8699.064599407362,48025.68352783894
问题3_固定价,2025-03-18,76882.20704735864,67432.50083010847,0.0,9449.70621725016,1070.965994087704,3277.536529492657,46850.88443069991,-3258.178134549198,4954.130912277964,48546.837208428675
问题3_固定价,2025-03-19,63352.24657069852,65237.12420259249,1914.2414438676242,29.363811973649945,1465.4127103537614,3172.043098474899,38556.709834771085,1466.893194472336,5795.448174460382,45819.0512037038
问题3_固定价,2025-03-20,71780.23839210387,65488.71321504169,0.0,6291.5251770621835,2761.196559941767,1944.6664512668626,43519.6528350813,-2087.585841674667,11247.731935071555,52679.798928478194
问题3_固定价,2025-03-21,30708.670233772973,30100.57542178675,0.0,608.0948119862217,1413.0714723770802,16602.597414982803,15466.397097598581,-271.2085906284053,6865.801022434705,22060.98952940488
问题3_固定价,2025-03-22,31330.309630595602,30661.251491662013,0.0,669.0581389335885,1324.3814364850894,13242.325833387527,15956.998197554916,-304.3633851682954,5042.425066529333,20695.059878915956
问题3_固定价,2025-03-23,72499.06110620388,65538.73504274579,90.11975672798417,7050.445820186077,1013.8804753472749,3723.559798774681,43881.45873185825,-2340.428115292822,4668.839771254878,46209.8703878203
问题3_固定价,2025-03-24,68355.52714312586,63761.89177728939,230.7230298599263,4824.358395696397,1331.7792194440026,2924.163950686595,40918.4983079224,-1064.6441897125646,5075.240554893912,44929.09467310375
问题3_固定价,2025-03-25,75726.09061653173,65418.981693316964,146.8432054732562,10453.952128688024,1530.5121076416576,1927.2217858077038,45806.3336014838,-3179.5606681306044,6439.1209023841475,49065.89383573735
问题3_固定价,2025-03-26,65334.27001740442,61724.25753992752,489.673941501667,4099.686418978566,1050.8319780272523,3118.6403421963496,39375.416473449135,-729.7552111505698,4151.316130978766,42796.97739327733
问题3_固定价,2025-03-27,69145.98314241505,63039.150045215465,0.0,6106.833097199586,1896.5066643349523,2139.5899828094116,41819.5891602316,-2092.294460359234,7963.192103456942,47690.48680332931
问题3_固定价,2025-03-28,30705.384941657354,30025.467814467363,0.0,679.9171271899885,1205.0680164405765,17559.8210842005,15322.08954762989,-308.35026648541816,5659.2593271734795,20672.99860831795
问题3_固定价,2025-03-29,28833.069540922403,29031.140536725652,198.07099580324734,0.0,996.3752609603829,19577.667434781637,14276.259354914264,264.7559555559787,4675.361535093323,19216.376845563565
问题3_固定价,2025-03-30,67221.41330599868,58773.061968182505,0.861357817378007,8449.212695633549,2284.7035994728785,1651.4855100192417,39995.801726868434,-2491.7684487656106,9933.81259567238,47437.84587377521
问题3_固定价,2025-03-31,58351.110179147545,61363.67342834869,3108.4416543436355,95.87840514249217,1660.0947095343936,1964.1064767047205,35085.97030824938,2209.7531004452653,7072.633412953278,44368.356821647925
问题3_固定价,2025-04-01,71149.55588305423,65543.01445728213,49.754463201844814,5656.295888973938,1337.3445987719385,2683.4573942946663,42002.93278149782,-1666.6615644457145,5864.984813235536,46201.256030287645
问题3_固定价,2025-04-02,67601.84791122706,66170.76788449258,0.0963851144168757,1431.1764118488913,1341.8949018667486,3030.8853246102035,40344.78873586924,-417.98667155046064,6315.826902733909,46242.62896705268
问题3_固定价,2025-04-03,68551.41823521494,61465.072509543956,48.38353528228959,7134.729260953273,1151.8952259825987,2660.5248760687823,41564.227964786136,-2354.4570608485237,4631.232600052836,43841.00350399045
问题3_固定价,2025-04-04,28061.4526343141,27865.556399900903,0.0,195.89623441319586,716.8264485832412,19420.302541512254,13858.974122050524,-94.85350990414679,3329.3399431681514,17093.46055531453
问题3_固定价,2025-04-05,27202.248469443628,27250.504811106806,135.56917643251643,87.31283476933518,2983.8836482906268,15560.429611359104,13439.924645326848,118.50613337406661,12807.53533553963,26365.966114240542
问题3_固定价,2025-04-06,64260.04271662678,59888.68419895609,716.0265256682264,5087.385043338911,1083.0453637384949,2484.661802817538,37656.88863085212,-470.2328777797746,4805.75421595485,41992.4099690272
问题3_固定价,2025-04-07,56366.28437362921,56989.43746013871,1012.7037444377003,389.55065792820557,1650.676452654299,1539.6459543191672,33317.157768927405,953.1959852703776,7375.535435804458,41645.889190002235
问题3_固定价,2025-04-08,65206.353972165234,58874.501201222556,156.1492138734809,6488.001984816156,1753.544431121746,2220.968968528216,38961.99772877843,-1743.3405615559157,7840.606763827953,45059.26393105046
问题3_固定价,2025-04-09,63683.91981360184,64148.63858238358,939.8733715313201,475.1546027495785,1343.7493730633907,2249.646768465939,37793.6120520299,571.0968033970506,5620.574664832603,43985.28352025955
问题3_固定价,2025-04-10,61720.86168871106,59439.5108721155,468.7916861330032,2750.142502728568,1798.0783569105672,2865.895163338084,37224.649385311444,-695.5674567680054,8167.365123404558,44696.447051948
问题3_固定价,2025-04-11,25893.88202287491,26337.131302795537,506.2238297597426,62.97454983911837,1723.9872164058609,20205.098587848755,12597.639864289293,583.0738626378816,7219.69462302319,20400.408349950365
问题3_固定价,2025-04-12,27145.870778409007,26514.1321248076,0.0,631.7386536014102,1163.0096680945844,16127.61854456816,13611.665066748603,-287.46270185435196,4854.776187094978,18178.97855198923
问题3_固定价,2025-04-13,58787.94201783378,58135.01216393154,508.4122528815433,1161.3421067837862,1738.2495971845146,1657.6448162596935,34780.72801789967,184.20087565106687,7376.27833158154,42341.207225132275
问题3_固定价,2025-04-14,62141.44234711934,54621.04192182388,43.38204887868142,7563.782474174135,3052.1554407831127,1274.2690491775786,37202.33789050026,-2514.439764971788,12339.846998864994,47027.74512439347
问题3_固定价,2025-04-15,53587.52966801521,54359.64410474256,946.154936776136,174.04050004878172,1791.8813038154242,2227.4111731557514,31700.768273465415,1110.622604772137,7894.558589956952,40705.94946819451
问题3_固定价,2025-04-16,60324.153981197,58826.48411611513,797.4346527994799,2295.1045178813556,2067.3828692809575,1354.9280888187182,35106.95009027704,403.57818151652145,8611.282898731966,44121.81117052553
问题3_固定价,2025-04-17,53703.698196044024,56477.36275533385,2844.5202967265554,70.85573743672825,1958.7067733482884,1809.475965299059,32581.756682851552,2179.1407266087854,9103.397889180938,43864.29529864127
问题3_固定价,2025-04-18,25739.23344120135,25382.567987807048,174.60111112028991,531.2665645145945,2124.9750863741046,18626.386553304026,12518.308766667002,-18.538015358376065,9426.134029717776,21925.904781026402
问题3_固定价,2025-04-19,25597.296687671947,25617.922840618372,440.85179708595706,420.22564413953074,1322.8085107899037,17603.961483736726,12208.575264554067,444.22460048937904,5619.613417600303,18272.41328264375
问题3_固定价,2025-04-20,55075.16210476496,56241.8366929903,1695.6152296733012,528.9406414479613,1718.54490865528,2022.5201551819978,32814.40785802726,1207.0846746485547,6966.357737801118,40987.850270476934
问题3_固定价,2025-04-21,58236.82197132363,53930.98591577312,2.6716411416035726,4308.507696692115,2045.3203026728759,3981.4259056691753,34359.59549107739,-1276.5681981489388,8527.880477707253,41610.907770635706
问题3_固定价,2025-04-22,52946.76905695508,55411.745575327936,2652.00763210819,187.03111373533318,2385.2944826072526,1856.7087111962096,31256.949724153583,2255.438628221794,9940.584297467985,43452.97264984336
问题3_固定价,2025-04-23,50741.16978640917,55927.22244504855,5324.030012593295,137.97735395391635,1548.5413098239226,2373.5780858533044,30248.87888912179,4464.381405837316,5789.7118147359515,40502.97210969505
问题3_固定价,2025-04-24,51799.45127692041,54415.65286256515,2745.875159320556,129.67357367582258,1654.2624997390042,5413.224817169328,30924.269045228957,2362.912694658252,6775.554741974554,40062.736481861764
问题3_固定价,2025-04-25,24897.095825193963,24732.349155347903,399.3733674083346,564.1200372543955,1057.696370951965,21397.700949718204,12171.876795374674,197.24061530292616,4301.25099687422,16670.368407551818
问题3_固定价,2025-04-26,24762.666057437018,24693.516345718224,337.06702706822364,406.21673878701546,1409.915348311649,23656.46168350275,12028.38610915624,273.2024454322958,6062.407068622372,18363.995623210907
问题3_固定价,2025-04-27,50481.59300081032,53608.252298799336,3126.659297989024,0.0,1925.9819765076518,3386.921226984183,30266.943708548763,2984.3622089092487,7962.618497006695,41213.92441446471
问题3_固定价,2025-04-28,60740.15712983695,61128.335039229096,2379.25175678589,1991.073847393745,1385.6958824337,2125.068379910392,35476.15137173572,1241.2927230133187,6107.7926971250245,42825.236791874064
问题3_固定价,2025-04-29,50843.294455354764,51594.48503950921,1224.7634192237247,473.5728350692765,1405.2039428603287,2083.276471087719,30462.564904496896,1291.4641580042658,6375.8468806653855,38129.875943166546
问题3_固定价,2025-04-30,49022.38028590514,49479.71317838597,683.3874983848223,226.05460590399343,3212.4831077043314,1172.742784344829,29799.98328934085,653.412133876534,12715.253503254176,43168.64892647156
问题3_固定价,2025-05-01,51179.03752954144,54706.01022523361,3526.9727063646224,1.0672456369320571e-05,3758.2863208258045,3853.364772834825,30985.937120188402,3636.4013477104313,16357.579991184775,50979.91845908361
问题3_固定价,2025-05-02,25986.88883150871,26711.4063840303,884.2561867805923,159.73863425900322,2701.7943615589975,12590.196442639353,12861.490453059027,989.0163435101247,11759.563311892442,25610.070108461594
问题3_固定价,2025-05-03,25225.978886552242,26136.292483987487,910.3135974352426,0.0,2429.828605500837,17224.589081716822,12118.60196060572,1106.460306400395,11346.365944940346,24571.428211946462
问题3_固定价,2025-05-04,54827.5675059856,53342.10630971556,1003.4189865613166,2488.8801828313585,5075.3594660756335,3336.405012092596,32422.496093936756,684.3614973226906,20001.251178140406,53108.10876939985
问题3_固定价,2025-05-05,56251.99054344771,56996.59772209433,880.7530665854308,136.14588793880785,3449.3046756532917,1451.767287433873,33719.59170129499,1188.9642867972009,14817.332671300685,49725.88865939287
问题3_固定价,2025-05-06,49215.356213228966,53724.40481142852,4509.0485981995525,0.0,3901.757026402015,1305.5749696980379,29515.827051181946,5094.502934937155,15996.934269250913,50607.26425537001
问题3_固定价,2025-05-07,52081.97219283788,57007.58084075181,4925.608647913932,0.0,3152.4922423596354,1444.9208914489745,31516.264170167637,4672.678856696592,13895.595507676402,50084.53853454063
问题3_固定价,2025-05-08,57374.2405102573,57214.30747630589,1295.8238237481878,1455.7568576996046,3625.5765941071795,1486.608489121326,33209.62981035826,1389.2101965720071,16323.096482226114,50921.936489156375
问题3_固定价,2025-05-09,24324.310765212136,26003.79257399112,1679.4818087789818,0.0,2696.822643212518,17761.238195205307,11522.563244479825,2172.826164479255,12199.314424620792,25894.70383357987
问题3_固定价,2025-05-10,24509.4266835287,25508.88475545521,999.4580719265089,0.0,3119.62450642339,14075.979827447976,11624.32456120926,1268.6292212075991,13721.678716569924,26614.632498986783
问题3_固定价,2025-05-11,55051.10706759595,55934.788381476326,2056.4260161012135,1172.7447022208391,3881.1541247525324,797.1473457924806,31892.169160760146,2434.638671541015,16889.398993796196,51216.20682609736
问题3_固定价,2025-05-12,47335.51403160943,53984.07492326144,6648.560891652004,0.0,2679.0515441912185,1547.9306980266201,28310.199044050565,6408.495061608898,11757.634236173397,46476.32834183286
问题3_固定价,2025-05-13,57305.230039906455,54976.41210056327,2247.1184565395088,4575.936395882692,3142.5530026039987,1534.3390681210128,32849.80645856188,2019.3690069605493,14497.573188136877,49366.748653659306
问题3_固定价,2025-05-14,54617.21875623653,55403.17584373416,2187.269241675607,1401.3121541779722,3011.1818621508783,1800.8713977314032,32502.46094566744,1610.2207913793911,13644.019796353408,47756.70153340024
问题3_固定价,2025-05-15,53227.53896208603,54990.63654692938,2793.3228065955523,1030.2252217522005,2769.6835895403456,1401.055820109256,32586.05058888152,2095.339938546482,11744.698724243346,46426.08925167135
问题3_固定价,2025-05-16,23981.505674005486,24589.82409851404,1022.9416904498905,414.6232659413378,2716.7637606972103,22311.88042875217,11657.786225252006,1046.8921450838325,11603.188193857506,24307.866564193344
问题3_固定价,2025-05-17,23756.708683679535,24841.564519863823,1133.6609564164219,48.80512023213049,3088.937952928615,15199.659024025781,11372.488276275062,1403.249400288899,13960.176188615254,26735.913865179216
问题3_固定价,2025-05-18,58238.34559217119,56405.20017937338,465.6701878594613,2298.8156006572717,3139.954434948726,2255.2250297863593,33704.04968344051,34.93698319161079,12702.799548272269,46441.786214904394
问题3_固定价,2025-05-19,51660.55012177481,52579.30938591595,1275.3309385630914,356.57167442195214,2289.1943912240285,3899.8431200903083,30240.271502716543,1648.5639668859014,11227.894387477147,43116.72985707959
问题3_固定价,2025-05-20,51249.480508519126,55703.06577677416,4512.104063646675,58.51879539164497,3481.8376811221588,1158.0733682972214,30346.630682977146,3608.1015155568175,16061.710383563033,50016.44258209699
问题3_固定价,2025-05-21,47769.28064763669,53678.124501078186,5923.727616026896,14.88376258539813,2962.418626437867,2095.443923835867,28933.143121152054,5643.5658105538905,13362.765763030538,47939.474694736484
问题3_固定价,2025-05-22,51333.2821141439,52909.55299414101,1618.4584177158113,42.187537718693534,3056.55834978927,1683.2191024792032,31015.615443833867,1207.7061077352726,13643.842823502599,45867.16437507174
问题3_固定价,2025-05-23,23733.884533196157,24824.39468111732,1090.510147921163,0.0,1929.8828637588133,18013.26367992618,11252.208874180089,1420.0579917644068,8975.060059443786,21647.326925388283
问题3_固定价,2025-05-24,23926.24465897886,23826.852347559387,215.0425582757588,314.4348696952337,2506.508590442346,20317.63868444756,11553.589664600919,128.62769189970606,11886.642884463407,23568.86024096403
问题3_固定价,2025-05-25,52094.5908647049,52887.92529983743,1270.8707842367496,477.5363491042202,2600.8576501382086,3537.2729708575425,30523.121703242727,1619.751246952277,12175.914858083002,44318.78780827801
问题3_固定价,2025-05-26,50037.39547605259,58681.321148582916,8714.501977366503,70.57630483617368,2354.8317156651665,2999.471249233863,30051.313909985856,7603.812499112878,10793.76430243435,48448.89071153309
问题3_固定价,2025-05-27,47627.57852109542,51507.47521755243,3998.608723679535,118.7120272225194,3345.497158481441,2352.204942058099,28927.618092369707,3239.732094758606,15763.981426576827,47931.33161370514
问题3_固定价,2025-05-28,55101.978684620364,56172.38852027385,1131.4228038215463,61.0129681680545,2059.293154812538,2219.50129057974,32136.75997729568,1507.8958510663767,8869.458941871744,42514.1147702338
问题3_固定价,2025-05-29,54183.64279312882,58839.93162476232,5020.7474713526135,364.45863971911626,2320.159092242934,3124.010909366547,32019.426870469422,4317.029981825891,10315.758883397904,46652.21573569322
问题3_固定价,2025-05-30,24489.726233970152,25253.30158456581,763.575350595656,0.0,2056.561717950019,18425.72158282055,12032.81053456148,976.6955219844076,8255.741559851316,21265.247616397202
问题3_固定价,2025-05-31,26462.206385950933,25324.6202343359,0.0,1137.586151615035,2205.880315593673,16734.058404075782,13280.01766306216,-528.3527846725494,9934.483521879529,22686.14840026914
问题3_固定价,2025-06-01,69834.79770488136,69637.36452017893,2953.735167362811,3151.168352065245,7543.895703752069,1858.945025865679,41280.59083415554,3016.1380499735765,29335.452216354024,73632.18110048314
问题3_固定价,2025-06-02,71434.02582983628,65810.73371086227,2839.868406388397,8463.160525362402,7585.03411724717,571.6076821283099,42610.72733045277,1733.6328514935203,28125.01757279353,72469.37775473982
问题3_固定价,2025-06-03,64802.66355348695,68748.30873774752,4374.58630453839,428.9411202778206,6285.930312105045,2700.881551700158,38246.937099730625,5874.608554284895,23158.207126321853,67279.75278033738
问题3_固定价,2025-06-04,75601.25257096512,68789.06519639745,2280.454500900314,9092.641875467985,6340.000369368986,1280.7279454325799,45359.0277110846,417.9286479545977,22571.055865585437,68348.01222462463
问题3_固定价,2025-06-05,64820.70719597278,69812.57760708295,5534.525867503441,542.6554563932723,7151.02849428203,1653.7233690921953,37873.70688984449,7239.063052912259,25634.6881588326,70747.45810158935
问题3_固定价,2025-06-06,28116.347297664455,31493.67031725993,3377.3230195954743,0.0,7545.944010035286,5736.972761966888,14759.655133121407,4657.006482114896,27616.178437249197,47032.8400524855
问题3_固定价,2025-06-07,29757.351009648057,34060.45887600069,4384.3162987247715,81.20843237214478,5814.114996389553,6228.444295774244,14742.15312717769,5512.863130968022,21098.18808723537,41353.204345381084
问题3_固定价,2025-06-08,62863.6600072983,64109.810001041835,4310.189325315978,3064.039331572442,6148.842977528348,1399.8096589269269,36965.7457714263,5126.829937871587,21765.576437742104,63858.15214703999
问题3_固定价,2025-06-09,71648.07109343952,70405.42339354487,2495.331895097039,3737.979594991679,6057.004741691429,1336.4223825199124,43178.7745109507,2438.7643337204727,22490.312243272427,68107.8510879436
问题3_固定价,2025-06-10,65598.02450895443,70912.90513869679,5567.1538178663695,252.27318812402268,6303.228330480619,1306.0910049992478,39031.98164601971,6578.051026751493,21615.4353380787,67225.4680108499
问题3_固定价,2025-06-11,71399.84344250006,76387.00849788595,5064.03408213304,76.86902674714202,5479.8826837421275,1291.9652320482958,43481.117504610556,6541.463355807783,20177.049478572793,70199.63033899113
问题3_固定价,2025-06-12,69494.14005935955,71904.9269246904,2516.4225103408485,105.6356450099882,5728.213460876086,1025.3136950095886,41876.02176104564,3740.8091728211557,21638.346984078395,67255.1779179452
问题3_固定价,2025-06-13,27654.860825869528,31948.904830775362,4294.044004905833,0.0,5375.012444870302,6446.790864171037,14207.900969703034,5226.267302502008,19321.45024220953,38755.61851441457
问题3_固定价,2025-06-14,27497.18483471648,29739.651137594698,2858.28271190734,615.816409029126,6975.262579774551,8133.483331696108,14387.873043468713,3817.3324447796285,25545.07622731061,43750.28171555895
问题3_固定价,2025-06-15,64295.645537513905,71839.22754614496,7597.033487807944,53.45147917689383,4205.094023556443,1109.7433974985818,38763.35171318008,7701.881240462397,15568.437481528135,62033.670435170614
问题3_固定价,2025-06-16,67775.97196075098,72404.09479064053,4677.408301232133,49.28547134257906,5946.691680565364,1356.9325476120148,40655.94706168338,5284.904558653917,22891.25307008631,68832.1046904236
问题3_固定价,2025-06-17,69501.37376222979,74809.46582851902,5337.4934121624965,29.401345873269292,5326.9446238695455,1172.0023148063447,42102.01015610974,5971.68412314148,19751.490562644558,67825.18484189578
问题3_固定价,2025-06-18,70116.61542105276,72651.64134541505,3820.518146626881,1285.4922222646057,4589.593012336807,2210.5068639453207,42094.72878763352,4320.899785841434,16948.182617083934,63363.81119055889
问题3_固定价,2025-06-19,65936.04276717153,68707.43943053707,5609.13473442321,2837.738071057686,4941.847314385523,1219.0901782008264,39372.26888786662,5826.849356142916,18346.396995521653,63545.515239531196
问题3_固定价,2025-06-20,28048.95944874698,29183.605175179884,1510.6603662592688,376.0146398263645,4509.049351853063,8894.40242735896,14871.964137614355,1974.3281856166848,16659.861996428594,33506.15431965963
问题3_固定价,2025-06-21,28089.942064022285,29621.0821927004,1531.1401286781122,0.0,3416.7778795411373,11285.293940646648,14681.241983619022,2157.8023503795016,12012.514627693594,28851.558961692117
问题3_固定价,2025-06-22,64613.477500516674,66471.88338077579,3688.9337658697577,1830.527885610632,5260.541428242774,596.8595005218041,38401.100699031806,4277.087378812118,20042.65793775194,62720.84601559587
问题3_固定价,2025-06-23,65784.31443247563,68145.63636373443,2393.5358368667144,32.213905607916786,4835.217718492668,1798.7764116070393,39840.220973364616,2896.0119702740076,19252.756822400777,61988.989766039405
问题3_固定价,2025-06-24,77342.21030150611,77291.33887412067,2008.739890686062,2059.611318071503,4479.460110460546,985.446027381959,47422.61697936662,2006.1731901279022,15795.053529998033,65223.84369949255
问题3_固定价,2025-06-25,68196.55055168278,71844.42556894658,3660.5458957360242,12.67087847222217,4286.822925641566,1720.779556333761,40603.99369651043,4528.357571476483,17508.854508165565,62641.20577615248
问题3_固定价,2025-06-26,64982.10031097764,68944.80874474416,3962.7084437660196,9.999502140090044e-06,4441.787165426053,1898.7297888718658,39717.29021193053,3773.978522901022,16557.770902706165,60049.03963753772
问题3_固定价,2025-06-27,30062.977779705216,29675.77725885423,848.3079362752826,1235.5084571262707,4578.790861014785,12044.761458485453,16051.515475511513,673.2383660481092,18211.478076772954,34936.231918332574
问题3_固定价,2025-06-28,28964.329408070775,30273.39467587423,1459.8541351974852,150.78886739403083,2865.8651984136177,8980.553139671114,15572.085277032686,1883.3243970521405,9638.514308284837,27093.923982369663
问题3_固定价,2025-06-29,65716.39290552036,71090.06622501054,5407.919636915029,34.24631742485167,3566.096127493588,1366.3844888263002,39597.227271882446,5718.310369769498,12731.03377349151,58046.57141514346
问题3_固定价,2025-06-30,71553.46044991791,72082.5023081233,686.2645341719879,157.22267596660143,3672.3668072529476,1717.5767240212147,43509.571771797564,956.5699931468686,13780.724179539946,58246.86594448438
问题3_固定价,2025-07-01,61754.82615963998,74058.21563804176,12303.389478401781,0.0,10461.506978071193,1526.574827351191,37341.18756100995,13891.327023193766,33715.85627633034,84948.37086053407
问题3_固定价,2025-07-02,57602.49201819464,66509.07285253203,8906.580834337381,0.0,10904.087445346178,733.9799755842129,35889.404079373686,9518.484707813765,36929.81777587342,82337.70656306087
问题3_固定价,2025-07-03,66265.2601214824,75617.20914102362,9351.949019541222,0.0,10320.240110932435,1972.6781356312908,40328.62113608099,10907.107784366244,33954.94732203307,85190.6762424803
问题3_固定价,2025-07-04,28191.416402077768,32581.53413720763,4390.117735129861,0.0,10117.524114455326,11457.64998067882,14850.773224840885,6278.877505502476,34202.35756651135,55332.008296854714
问题3_固定价,2025-07-05,29217.322267716834,34302.84769312728,5085.525425410448,0.0,10353.258976553354,13459.167472912723,15445.524638598947,7262.404591605984,34773.95087184882,57481.88010205376
问题3_固定价,2025-07-06,61612.338886431855,77873.8019610946,16261.463074662746,0.0,7541.622721343866,1413.8789853698095,38530.28173259335,16869.20076330236,24378.50297995853,79777.98547585425
问题3_固定价,2025-07-07,62266.07015483047,68543.23346778915,6277.163312958676,0.0,9300.451224320264,698.9327229185994,38756.48478503292,7125.736290003703,30478.989001340444,76361.21007637706
问题3_固定价,2025-07-08,66895.15476587135,71884.86614111734,6214.361837876158,1224.6504626301594,8669.052303201937,857.9119352729997,41048.439042483464,7849.696371411073,29218.33269490972,78116.46810880426
问题3_固定价,2025-07-09,67091.2639495076,71509.75481390051,4465.397924179129,46.907059786217474,7892.478814976843,1319.051224160841,40890.446784705724,6140.064207702685,26225.029471922826,73255.54046433124
问题3_固定价,2025-07-10,59792.03767233312,68404.41433956777,8612.376667234636,0.0,9187.850154594462,909.7124487477122,37667.82407610659,9892.993715105937,29058.650694583404,76619.46848579592
问题3_固定价,2025-07-11,31451.180808679448,34197.4014886368,3131.4154126330463,385.1947326756952,8699.986767104827,7920.4780036486945,17470.095502441694,4220.845900500815,28724.473524786525,50415.414927729034
问题3_固定价,2025-07-12,30680.462374752216,36330.67609840882,5650.213723656601,0.0,6798.300370956592,9663.46057799318,16603.375607487393,7128.435415439988,21489.43804902886,45221.24907195624
问题3_固定价,2025-07-13,66660.09292181372,66369.71522900618,2132.448595260473,2422.826288068012,7977.234188377876,1077.5384624293138,42270.30885361957,2145.2168225686473,27942.476778617765,72358.00245480599
问题3_固定价,2025-07-14,62342.96478346261,68013.78607705775,5724.391999628291,53.57070603314219,8290.776158447574,684.5861271324234,38407.863144404364,7309.237963459808,27990.804060876628,73707.9051687408
问题3_固定价,2025-07-15,66565.24915228633,67417.42961316163,1911.8493902580326,1059.6689293827294,9316.710125825226,420.7763716869903,41127.66681227058,2603.7044525504593,33316.260483322505,77047.63174814355
问题3_固定价,2025-07-16,63752.17712020522,69628.45900250175,5876.281882296528,0.0,7619.460377027437,1188.5784490394499,40380.954407595,6358.156123184885,23823.19269156615,70562.30322234605
问题3_固定价,2025-07-17,61627.455611308134,69993.53268856285,8366.077077254708,0.0,7643.669349964128,804.9257121908768,38400.89871373565,9077.748251545514,25700.884189958953,73179.53115524013
问题3_固定价,2025-07-18,32612.031332527593,34170.1473507273,2605.578162977724,1047.462144778022,8207.457232601264,8747.940931854477,18510.98511177017,3277.2684058849864,28115.51222015911,49903.76573781427
问题3_固定价,2025-07-19,33359.91161395437,35412.19319990497,3003.144656254454,950.8630703038523,6526.745203170353,12462.738120181033,19119.240434649742,3915.907973266499,21277.385735977306,44312.53414389354
问题3_固定价,2025-07-20,67929.21922737936,71338.39688491425,4316.946104667227,907.7684471323253,5983.9695371227635,1354.0196605970805,41498.316255853315,5234.916704995632,20101.912507249144,66835.1454680981
问题3_固定价,2025-07-21,68507.18711742181,72511.18607178392,4181.09210670827,177.0931523461719,6701.617294755874,1192.9381165695122,42604.1169342639,5107.005092161209,21778.741653625908,69489.86368005101
问题3_固定价,2025-07-22,65816.45201895025,74492.33840550006,8675.886386549822,0.0,5843.158258542076,2388.2980474145083,41248.23508574332,7963.659311938854,19037.78881861152,68249.68321629369
问题3_固定价,2025-07-23,76726.27174483861,72266.88018690108,1807.6079006781738,6266.999458615704,6963.635764885001,1021.784880152042,47542.14196522021,988.1063401096482,24796.438150652346,73326.6864559822
问题3_固定价,2025-07-24,75676.23616571179,73487.7934478701,1556.965484523881,3745.4082023655646,5142.7850221675035,1079.6301287507863,47452.306414381324,1154.7567973139348,16171.753146758909,64778.81635845417
问题3_固定价,2025-07-25,33079.63117945488,34684.469516452256,1728.4168916458596,123.57855464848922,5708.648760036364,11563.68713919607,18881.587260421184,2310.37397753441,19569.197797968165,40761.15903592376
问题3_固定价,2025-07-26,33312.60339884479,36387.37398383424,3074.7705849894473,0.0,4988.414352669868,10478.937986365985,18565.09319635852,3948.90034164711,16786.978160702765,39300.971698708396
问题3_固定价,2025-07-27,68914.61316290463,72898.49521537765,4350.819668952556,366.93761647952294,6246.2974341715135,1331.8324819745071,42391.04454000104,5119.333046650812,21440.263017397963,68950.64060404981
问题3_固定价,2025-07-28,71734.56070078714,77204.55272772469,5469.992026937533,0.0,6034.136722621659,1050.1369250856487,44220.1236380976,6251.994481213994,20539.08214131093,71011.20026062251
问题3_固定价,2025-07-29,71666.43240122411,79870.08312044303,8233.615798785599,29.965079566680743,3298.7523818612513,2917.8460907482668,44958.00310758224,7316.391344254793,11691.210721031932,63965.60517286896
问题3_固定价,2025-07-30,65172.9750952619,77632.16783219756,12459.192736935667,0.0,2892.560037745634,2292.498369928341,41183.80687563059,11549.671581377967,10083.0913967487,62816.56985375725
问题3_固定价,2025-07-31,69335.44893190796,77471.51996918845,8136.071037280485,0.0,3421.009766851031,1927.6412620611045,43288.04497403435,7881.5967986492105,11973.717627530305,63143.35940021386
问题3_固定价,2025-08-01,35995.330162153805,36765.756208749,1547.8791840614358,777.4531374662397,3319.1676009097637,16495.473748400087,20954.87631030895,1759.692234783807,11115.41722815984,33829.9857732526
问题3_固定价,2025-08-02,36986.2721631124,36989.64657932399,631.3853831401848,628.0109669285962,3879.2366360831948,17534.248141153912,21576.42660486073,569.0205861713679,15145.725755457202,37291.1729464893
问题3_固定价,2025-08-03,60580.20194846766,62288.79912237133,1725.3217762524434,16.72460234876644,5204.219064827253,1244.5019324610757,38907.23148877112,2213.878757633559,20017.40649233354,61138.51673873822
问题3_固定价,2025-08-04,64139.46325319156,66822.2190969083,3086.3817967032955,403.6259529865529,3912.3690135871466,1784.9336585964977,41518.954934732414,3120.5446877706377,14693.071648036173,59332.57127053923
问题3_固定价,2025-08-05,66156.68096598491,68870.42245278055,2832.304146264882,118.56265946924134,2437.3981511169295,2367.9241346298804,42513.342828338646,1992.1232421849763,9791.797450559689,54297.26352108331
问题3_固定价,2025-08-06,73800.48017701217,71403.46805001087,1.0623173820588677e-05,2397.012137624487,2967.230698389803,2465.226595587784,47901.96551284356,-1075.3106653767184,12226.507950961191,59053.162798428035
问题3_固定价,2025-08-07,75429.79738291723,67976.18175578606,863.5389235158715,8317.154550647036,3082.6619382890062,4085.3596124750457,46781.395419293076,-990.594168345839,12100.39327738167,57891.1945283289
问题3_固定价,2025-08-08,38264.35230679569,38178.966252201455,97.32558764121323,182.71164223545338,1539.1021652459171,21418.07311688156,22078.79220685262,6.242005635151892,6764.32336132755,28849.35757381532
问题3_固定价,2025-08-09,38374.42139930451,38295.51615665628,81.01841195153582,159.9236545997667,1535.6629644219472,18433.738518788003,22454.515890923296,-0.7175249153272254,5930.951002003989,28384.749368011955
问题3_固定价,2025-08-10,69055.31171533078,67554.5732652622,87.10837809536251,1587.8468281639484,2877.305291222553,1527.8519636012284,44408.16278560352,-512.6071115320652,10697.190379662308,54592.74605373376
问题3_固定价,2025-08-11,67663.62645092646,68931.00143549239,1731.5726609788112,464.19767641287535,2421.354341151209,2960.159473961856,42558.53647890525,1619.5705975693495,9697.627278985965,53875.73435546056
问题3_固定价,2025-08-12,75621.87990618891,72871.60683352998,704.3329988398932,3454.606071498821,1561.6503568514563,3084.306555059942,47381.628915309746,-5.210798151219158,6535.128478249316,53911.546595407846
问题3_固定价,2025-08-13,68092.98615468222,71121.710140482,3170.649506650102,141.92552085032958,1850.4679726576078,3144.8400496318054,42981.797709923114,2597.840846981182,7963.363692950026,53543.002249854326
问题3_固定价,2025-08-14,69535.59696288126,71843.90721920454,2557.1397687356202,248.82951241233684,1754.5615198358773,3688.7954714722537,44727.557403547406,1725.4635598423965,7499.229589676434,53952.25055306624
问题3_固定价,2025-08-15,40073.788939636564,38733.96327608402,300.6248819891374,1640.4505455416834,1730.6639594478982,20771.045983687607,23687.017308182174,-447.2694529968406,6603.079205497868,29842.8270606832
问题3_固定价,2025-08-16,41321.42056663119,38172.867937206276,334.6183906657553,3483.171020090665,1708.9520544496982,20547.65272948371,25096.369457723555,-1174.625557751332,7758.454508004071,31680.19840797629
问题3_固定价,2025-08-17,73019.57146529079,68228.0328283457,355.72857544129465,5147.267212386383,2122.2361639768587,3554.6688500472305,45624.65657907264,-770.910889732506,9199.559124455973,54053.30481379611
问题3_固定价,2025-08-18,70622.0892397879,69789.30223348948,1032.7935479291318,1865.5805542275634,1938.3871789037364,3356.6680184011407,45092.68001249438,77.98166833039382,8044.82478104123,53215.486461866
问题3_固定价,2025-08-19,70659.47449838936,69742.52457614464,56.378844684829375,973.3287669295505,1878.3946324748508,3666.254795876753,45132.66914506459,-466.84644857373,9234.614245835552,53900.436942326414
问题3_固定价,2025-08-20,79622.73354120403,74930.50559153907,583.2789005411785,5275.506850206132,2175.4955738022463,2358.110073001115,49437.34424159327,-829.4215594282506,9401.930663110845,58009.85334527587
问题3_固定价,2025-08-21,75320.97175900963,70642.97133580562,1.3135944195562727e-05,4678.000436339956,1771.382162518906,2854.353377657334,47237.083324824576,-1443.5515435676818,8097.768555631448,53891.300336888344
问题3_固定价,2025-08-22,40341.47135154007,39297.695799584326,250.70937805668285,1294.484930012427,1827.3041061187541,17395.252614177487,23885.392304439833,-307.81295924452763,7795.235202158183,31372.814547353486
问题3_固定价,2025-08-23,39583.67224343647,39675.33040705522,656.7900955962505,565.1319319775041,1294.7463572453107,15870.428816983642,22952.887145519908,620.4147966072859,5592.46858069719,29165.770522824383
问题3_固定价,2025-08-24,70366.66197403803,69943.07160464411,277.8710818899933,701.461451283913,1822.4944320814411,4072.2208613495013,45476.18806484399,-135.8088866248806,8098.639135404614,53439.01831362372
问题3_固定价,2025-08-25,92724.07953196399,75827.5109597383,0.0,16896.56857222569,1677.1395366926474,2783.4460472058067,58636.109721725574,-5562.385655040077,7487.475407608693,60561.19947429419
问题3_固定价,2025-08-26,72462.98874788334,71862.63036013088,676.2398215314022,1276.5982092838617,1303.9908207042636,3688.5415902031405,46974.20975884535,-193.26856324992428,5750.636785302202,52531.57798089762
问题3_固定价,2025-08-27,73900.9066716662,75514.6656942391,3196.2348249322017,1582.4758023593058,933.5665473536068,4632.669066354105,47313.78031180151,2109.7962481181794,5003.315237894907,54426.8917978146
问题3_固定价,2025-08-28,72800.91333034252,76098.78591842418,4072.779719039453,774.9071309578031,2258.6026611566,3671.8347087668617,45749.67066546239,3709.000919324796,9972.662590212509,59431.3341749997
问题3_固定价,2025-08-29,43151.11870077528,41295.02996336404,0.0,1856.0887374112374,932.1656545511289,16910.180457096325,25692.241449194178,-895.6933245944749,4611.6466455139,29408.194770113605
问题3_固定价,2025-08-30,42153.81885549118,40643.59822341624,8.362602447737419e-06,1510.2206404375538,802.8852531543556,20324.66639519398,25144.133646303668,-661.5491326201478,3392.787843393197,27875.372357076718
问题3_固定价,2025-08-31,71993.0355091691,72138.69594529957,940.9773414441429,795.3169053136826,2195.4952111257335,3827.175224455191,46433.199729502594,224.9562214083364,9146.809177312742,55804.965128223674
问题3_固定价,2025-09-01,82239.58957518391,67932.12712315924,0.0,14307.46245202468,456.95148349242936,11301.968127187594,51370.053740484575,-4845.362586606617,2647.3123959724303,49172.003549850386
问题3_固定价,2025-09-02,72551.7349024269,67693.23073948662,610.0323692330853,5468.536532173378,560.9391891955686,10399.669436467691,45809.23050593616,-1769.2213694790605,3257.7195115413506,47297.728647998454
问题3_固定价,2025-09-03,77338.25721386411,67698.67904750211,0.0,9639.578166361998,757.5923424129766,9438.438914263219,48924.805663094005,-3354.212318954164,3901.5400575843973,49472.13340172424
问题3_固定价,2025-09-04,75146.83871659022,66931.64236573648,0.0,8215.196350853748,1239.984478913862,10498.2121393364,48390.27487677872,-3290.3824440915605,5568.7196444511255,50668.612077138285
问题3_固定价,2025-09-05,41647.44452433556,36318.7400290141,0.0,5328.704495321458,625.0088630042462,27565.69672695482,24895.375726275994,-2637.541111810024,3426.089301223885,25683.923915689855
问题3_固定价,2025-09-06,41703.20857528808,37282.955194051414,0.0,4420.253381236665,478.46876729754194,27434.82729359151,24817.204233234585,-2194.2017732374015,2654.7143923776925,25277.716852374877
问题3_固定价,2025-09-07,71951.59556161055,68883.61194137302,2800.7331195519946,5868.716739789532,618.6955601609222,10629.650003026265,46082.94550305175,-497.1379321328904,3150.045523846155,48735.853094765014
问题3_固定价,2025-09-08,80135.12700710454,73287.86945298633,543.6639512778847,7390.921505396098,413.5881613326645,10389.066482667924,50376.377332562464,-2028.1402943945066,2209.421117179202,50557.65815534716
问题3_固定价,2025-09-09,69003.33221565248,66680.96504166935,873.9166842656465,3196.283858248786,719.3093834054459,10516.262205881403,44523.33347057616,-597.1534213383944,3688.4015308806875,47614.58158011845
问题3_固定价,2025-09-10,81756.41005607853,73117.83300734438,0.0,8638.57704873415,1316.3871320768603,8970.93060238097,51431.51836110871,-3248.4798443035143,6207.330935624666,54390.36945242987
问题3_固定价,2025-09-11,80741.47458714523,66678.55149718981,0.0,14062.92308995543,1004.8526139524395,10443.718367063797,51430.208815454884,-4931.839903683553,5240.082815350658,51738.45172712199
问题3_固定价,2025-09-12,42247.23686504659,38415.856758810376,0.0,3831.380106236213,400.44226453863354,24553.51193266324,25108.87942585652,-1929.723178487107,2040.35806962449,25219.514316993904
问题3_固定价,2025-09-13,42004.23400117821,38480.188166669286,0.0,3524.045834508922,171.65296695289135,27928.457552899366,24972.03805872193,-1773.3917384612193,948.4249141153998,24147.07123437611
问题3_固定价,2025-09-14,85259.08879959329,74421.26827381231,0.0,10837.820525780977,317.0943113072334,10478.821760216268,54477.007149070094,-4297.572928040809,1473.6722415981835,51653.10646262747
问题3_固定价,2025-09-15,70282.75546712358,66370.88840560448,0.0,3911.8670615191104,1586.3304061711374,8874.707802618945,45421.15325936191,-2035.419787094044,7902.276899675569,51288.010371943434
问题3_固定价,2025-09-16,84160.61692677552,73118.95073132288,0.0,11041.666195452628,185.98409510285387,9745.267501842896,53046.97264177081,-3984.4577059722697,961.877591798517,50024.392527597054
问题3_固定价,2025-09-17,79795.28297408616,71605.56162158278,0.0,8189.721352503396,975.0979813099792,8499.705502747385,51239.74898869563,-3466.1674598589398,4092.6583244099875,51866.239853246676
问题3_固定价,2025-09-18,71641.75709330097,72958.26147026762,4488.361639435507,3171.8572624688595,691.1899929792874,10567.26305734082,46283.77303371145,1648.2702342783157,3229.9801949010407,51162.0234628908
问题3_固定价,2025-09-19,42173.414964536845,38266.445760057424,0.0,3906.969204479423,297.9157775906498,19723.269804421754,25273.59718886432,-1927.9297331315438,1454.9387993745283,24800.606255107305
问题3_固定价,2025-09-20,42486.71006702387,38470.70808421334,0.0,4016.0019828105324,627.3618505965001,20726.755140598594,25459.097464479328,-1960.382359946864,2779.278112535291,26277.993217067753
问题3_固定价,2025-09-21,79134.328114766,72484.03846609818,0.0,6650.289648667817,338.2362147823633,10738.989333548352,50306.977378190335,-2641.5476726277584,1682.5864806109985,49348.01618617357
问题3_固定价,2025-09-22,82632.27548465523,70658.02359338565,0.0,11974.251891269578,1492.4399116438835,7489.764252913296,52787.17569899338,-4420.718647644757,6178.369123994142,54544.82617534276
问题3_固定价,2025-09-23,80255.8970651049,74145.55903923379,0.0,6110.338025871117,646.691975746765,8476.937426253904,51053.05242037827,-2438.066255358126,2935.0173803062867,51550.00354532643
问题3_固定价,2025-09-24,70384.31376871678,72081.76611499934,4542.621873601115,2845.169527318549,1118.2738093864557,8121.643812155167,45558.0693918618,2074.8229086860324,4913.434495131081,52546.326795678906
问题3_固定价,2025-09-25,76590.45704015339,73886.34184148636,1378.9593884715973,4083.0745871386243,742.9369197194153,10232.46436114057,48972.292622013556,-704.4028744377098,3503.6324169833038,51771.52216455915
问题3_固定价,2025-09-26,42736.02982140479,37377.82667506133,0.0,5358.20314634345,287.9228451892635,17168.164495388824,25634.856485214168,-2519.8921273636415,1252.1674837257438,24367.13184157627
问题3_固定价,2025-09-27,41383.81369443498,38886.84720422082,27.73611597477118,2524.7026061889314,478.2644518084427,18750.487303059937,24573.445698486838,-1216.998367875445,1937.6854301666083,25294.132760778
问题3_固定价,2025-09-28,76738.37506003492,76702.09128136466,2566.6709508028894,2602.9547294731547,282.83579733650237,9399.414410616553,48976.15942611873,843.0174989436606,1216.3260633150815,51035.50298837747
问题3_固定价,2025-09-29,76382.79225747216,68923.47979267682,0.0,7459.312464795326,2323.841229670288,4387.946945733688,48487.80843822597,-2780.89565555447,9916.802075143316,55623.71485781481
问题3_固定价,2025-09-30,74583.25888295006,74262.11353314966,1554.6445961005227,1875.7899459009282,1127.7974344542858,5650.4272129924975,47742.81201277181,539.20218403532,5208.639268825725,53490.65346563285
问题3_固定价,2025-10-01,70908.58670701674,63613.9753933203,0.0,7294.611313696434,330.1318740714279,10323.662159665353,44762.334726750414,-2559.213583856726,1266.7697739114296,43469.89091680512
问题3_固定价,2025-10-02,77678.02267859215,63923.094887293235,0.0,13754.927791298911,406.20600374809385,8536.330253423916,49317.17198035331,-4876.883469996422,1817.0164465550934,46257.30495691198
问题3_固定价,2025-10-03,36853.941718032984,34103.718988892535,78.98822151510421,2829.2109506555516,447.14977621968796,23938.09605550546,21105.328127842142,-1294.8387210546357,2011.1202817152239,21821.60968850273
问题3_固定价,2025-10-04,38970.87157722913,34986.6224196671,0.0,3984.249157562028,856.5639402009426,19920.772473197412,22591.36379435351,-1933.3079146467228,3740.636043182401,24398.691922889186
问题3_固定价,2025-10-05,76704.57528009125,65476.91968918445,0.0,11227.655590906803,602.7172034826583,7248.461578464011,48263.71950564443,-3810.3262241281373,2298.5459441579787,46751.93922567427
问题3_固定价,2025-10-06,63060.173835351394,64104.48336167496,2649.028591404231,1604.7190650806679,1167.0177184745583,3477.306021821908,39914.063396075544,1191.064689747757,4424.762237153128,45529.890322976426
问题3_固定价,2025-10-07,66472.13530654379,66648.80086083942,2064.0708480649623,1887.405293769328,305.87621331162427,5097.371930700594,41555.68970237299,1265.2961572081172,1265.448241911798,44086.43410149291
问题3_固定价,2025-10-08,64136.72045583117,63186.36015774157,576.3967500902884,1526.757048179894,1211.683427994065,3869.419721053786,40271.871217192645,-333.04488998612345,5072.3206412016225,45011.146968408146
问题3_固定价,2025-10-09,73923.1497006459,61901.670590881666,0.0,12021.479109764232,1376.2193415004,3458.9604374479172,46393.412643217576,-3862.369123754295,5919.956149802859,48450.99966926614
问题3_固定价,2025-10-10,35224.001115237785,33378.77225046069,0.0,1845.2288647770902,887.1010807748208,22059.958821992583,19746.816459747035,-858.0005699469264,3779.2047921475223,22668.020681947633
问题3_固定价,2025-10-11,35552.93696886706,33449.31738405366,0.0,2103.619584813401,544.5445441759341,16947.601004685792,19908.307285327006,-1019.5569605491278,2200.371258500745,21089.121583278626
问题3_固定价,2025-10-12,67490.092470629,64542.56170367938,55.01486158066564,3002.545628530282,1440.4775105214972,3693.4882958635008,42041.66966096827,-1075.195048037367,6490.401077721378,47456.875690652276
问题3_固定价,2025-10-13,68764.35018268302,62595.743656348604,807.3331044246606,6975.939630759079,1657.4071585020915,3172.4221911053082,42772.67304641733,-1322.2344347315768,6341.869478291928,47792.30808997768
问题3_固定价,2025-10-14,72055.2527840331,66332.46377426584,741.0346820387183,6463.823691805986,2064.5733093183303,3542.476834515546,45163.13517114669,-1282.8872300388903,7407.0405823361525,51287.28852344395
问题3_固定价,2025-10-15,74306.15977006123,67043.37814111265,1.1221752399022193,7263.903804188483,1819.5566933529108,2819.0701755329137,46420.60924501207,-2557.042645993095,6655.377467217419,50518.94406623639
问题3_固定价,2025-10-16,70236.36147332445,69568.55246201201,875.1817415892367,1542.9907529016677,762.3208978183497,3162.286254382734,44203.445224541254,349.83654342178136,2875.9017164028364,47429.18348436587
问题3_固定价,2025-10-17,32730.287088492893,32782.35585357264,1222.9926932694066,1170.9239281896562,521.8165862390465,14394.33205039424,17811.16040711563,861.5464870019154,2024.1105031024024,20696.817397219947
问题3_固定价,2025-10-18,35315.739758659845,32844.4978897649,97.00297551466363,2568.244844409615,650.550141241977,14487.88460979853,19974.365341806875,-1074.9671723448064,2380.760163084463,21280.158332546533
问题3_固定价,2025-10-19,71934.50517075186,68418.93047854905,0.0,3515.5746922028075,1777.8818444186807,2145.4629520675335,45349.27945370945,-1375.341558393768,7311.008125137956,51284.94602045364
问题3_固定价,2025-10-20,75665.12209649877,70600.66867879634,0.0,5064.4534177024425,888.2755992595709,2887.71031732589,47803.74825561877,-2009.4599795404356,3524.372205493964,49318.6604815723
问题3_固定价,2025-10-21,74723.22071616405,73020.93537602032,735.2718260513727,2437.5571661951108,856.8190526330671,3186.023225158408,46857.79860290216,-180.36514074249422,3277.712054890739,49955.145517050405
问题3_固定价,2025-10-22,71032.61886302053,71217.7896417831,1186.8151980927446,1001.6444193301636,993.3839952026103,2423.1643454098744,44632.04347222308,411.2828174072162,4137.568024190801,49180.894313821096
问题3_固定价,2025-10-23,81477.60194418496,67739.54902319347,218.30670281332937,13956.359623804827,2165.6352714405443,2381.2571722580556,51006.323928257654,-4161.750296801975,8194.4330320156,55039.00666347128
问题3_固定价,2025-10-24,33917.618228211046,33471.12213027421,241.80761036690558,688.3037083037341,754.1155565634823,12727.392260611303,18506.080303762297,-98.68748670623826,2717.267815873755,21124.660632929812
问题3_固定价,2025-10-25,33987.54844606096,33044.810141646514,97.37568423757514,1040.1139886520223,947.8731278497999,11560.105064488083,18590.33961498864,-383.64293100360425,3462.0281284591697,21668.724812444205
问题3_固定价,2025-10-26,75840.9416050269,68771.69171198308,254.4973878121084,7323.747280855939,2214.5248683602786,2261.221074623515,47439.09973661361,-2170.156678293096,8327.160060522323,53596.10311884283
问题3_固定价,2025-10-27,68718.89635709679,70856.29206370669,3365.0929584280534,1227.6972518181492,796.6814631725717,3884.855261995889,43321.84414451602,2543.4414060646805,2898.7101210392007,48763.9956716199
问题3_固定价,2025-10-28,68921.17112323403,71353.47269259182,3217.259901460197,784.958332102414,1350.0195757265428,2585.1465100946493,43545.068966768835,2514.701135215144,5183.204726639742,51242.97482862372
问题3_固定价,2025-10-29,76345.50453569932,75773.36896234973,765.1308593010122,1337.2664326505978,619.5816440614838,2646.7365507962127,47321.41471303521,472.6709646658409,2148.219619986806,49942.30529768785
问题3_固定价,2025-10-30,67001.3149767005,68292.81440976405,2074.9076589679235,783.4082259043662,2156.722707292964,1551.5421413651156,41971.68076067531,1706.076621539473,8717.125269963992,52394.88265217877
问题3_固定价,2025-10-31,34773.063661449385,33338.39405590588,73.28206063581395,1507.9516661793161,1067.7492912734438,7363.700394014323,18994.8867906857,-545.5584261454701,4300.053121825719,22749.38148636595
问题3_固定价,2025-11-01,33938.066593865995,34218.1414048745,815.3221326131405,535.2473216046344,940.466909404288,9486.182728333153,18281.838561191125,335.77384919593635,3297.7433025498963,21915.35571293696
问题3_固定价,2025-11-02,73313.53663367937,74440.71046350845,2348.547628414739,1221.3737985856512,1091.7723601610783,2325.902725659429,45968.08078821293,1700.4497533823098,4105.7811821402065,51774.311723735445
问题3_固定价,2025-11-03,78413.5488109004,74368.65875847971,2.354741586903702e-14,4044.8900524207093,1427.1278523454869,2050.9341888154495,48701.777578393936,-1345.295551879572,5548.785516093857,52905.26754260822
问题3_固定价,2025-11-04,72527.6415746415,73299.22752400397,1147.022996397909,375.4370470354274,1301.953287775988,2700.131087833816,45196.95744406276,834.4037391037823,5155.955301529136,51187.31648469568
问题3_固定价,2025-11-05,79993.29083492635,73685.93393170362,0.0,6307.356903222725,1883.0648916682749,1549.5498606821914,49717.53497407045,-2152.0415285307568,7293.137727960238,54858.63117349993
问题3_固定价,2025-11-06,74771.69950316181,75801.73795449718,1430.4050077328338,400.3665563974783,1533.2943071231948,1610.5451302266395,46285.430270704426,1516.5393722469196,5859.909979787172,53661.87962273852
问题3_固定价,2025-11-07,33668.69656155753,33734.20795986646,230.02022767697224,164.50882936804413,1374.9274383332859,8497.05777260176,17686.07853127746,221.83904498207153,5498.7685570505855,23406.686133310115
问题3_固定价,2025-11-08,33983.486365338395,34502.29829093932,890.410020905907,371.5980953049865,1175.415407304073,8736.358975724102,17993.874658446166,512.0882718977948,4701.136612141732,23207.099542485692
问题3_固定价,2025-11-09,77069.10261828572,76377.98417391226,253.59262994160758,944.7110743150681,1176.4763455024922,1712.344818887747,47940.89760115018,-50.35698954388705,4282.550195279695,52173.090806885986
问题3_固定价,2025-11-10,77890.23790295431,80181.78063040946,2612.828338348752,321.2856108936103,1049.0023005070132,2882.6504504076356,48583.088673606624,2620.0009302931603,3802.638053315772,55005.72765721555
问题3_固定价,2025-11-11,79981.82597473288,76054.12339208132,0.0,3927.702582651562,1273.795132253377,1403.5101244766875,50180.03224972938,-1469.9935321376402,5329.4508209839105,54039.48953857565
问题3_固定价,2025-11-12,76265.750149501,76845.85014674522,1940.981467513793,1360.8814702695636,1080.8078612098354,2627.2605309967703,47290.42914430417,1754.8762573576407,4816.805493527688,53862.1108951895
问题3_固定价,2025-11-13,73880.46971410731,76368.35383891495,2569.0443364359594,81.1602116283284,1796.5562827227968,1484.2741927212785,46071.8697956775,2582.3311399084578,6618.08855194256,55272.28948752851
问题3_固定价,2025-11-14,34105.45649178504,36287.37349717868,2363.0135263813822,181.09652098773205,1442.423042670492,6874.152139716054,18139.920250336414,1708.1863325642498,5368.650359197194,25216.756942097858
问题3_固定价,2025-11-15,35836.0669022875,34669.193440302945,9.663236135049808e-06,1166.873471647793,1548.1511567299992,4643.0739368953555,18974.228400608914,-401.4403866655518,6329.478173986566,24902.266187929927
问题3_固定价,2025-11-16,76728.72202078783,80150.7878782894,3428.3106699386253,6.244812437053042,1076.6814702444376,2311.3222877055005,47757.555754971036,3953.8302778209854,4142.633560864202,55854.01959365622
问题3_固定价,2025-11-17,73598.46109683545,79111.7167078837,5551.939327937913,38.68371688967082,843.1762919598999,2865.8162952801,46005.85891234173,5311.029702115228,2918.960138979103,54235.84875343606
问题3_固定价,2025-11-18,77587.21971241453,79016.98396270911,1591.2710410000097,161.506790705434,1806.8773394356722,1368.3670244613165,48236.08367641073,1599.083135798683,6859.326723307772,56694.49353551719
问题3_固定价,2025-11-19,76441.74067997193,81354.62851894312,5082.715798535457,169.82795956426799,1107.2999333110874,2545.6051820611665,47451.1327059251,5430.173055524679,4062.055957155762,56943.361718605534
问题3_固定价,2025-11-20,76167.30739916302,79174.62592744602,3054.230638816748,46.91211053375997,1362.939100457048,1247.5866174633525,47253.33333676007,3319.8055369985195,5565.346096267792,56138.48497002639
问题3_固定价,2025-11-21,34474.40027164377,34756.96454211414,319.5389081242413,36.97463765387414,1374.3971883061758,3867.5776949635992,18240.134614172344,336.0932772128946,4775.569325762391,23351.79721714763
问题3_固定价,2025-11-22,36948.46647577792,36533.40472380055,86.4531704172753,501.5149223946403,1285.7102137895997,4138.092946367589,19327.492901615242,9.941928418288601,4496.699313077058,23834.134143110587
问题3_固定价,2025-11-23,76871.23108280775,80489.59483393544,3618.363751127684,0.0,959.4729956290804,1729.8651971091958,47907.494824615474,4093.9477528902594,3432.5686485899946,55434.011226095725
问题3_固定价,2025-11-24,75933.56196534364,77956.92166223336,2191.49205301449,168.1323561247809,1856.0459668588899,1148.1612609061267,47339.06552338846,2077.6123786855924,7101.9314483474245,56518.60935042148
问题3_固定价,2025-11-25,87111.37090615307,81223.30489247643,0.0,5888.066013676638,968.0716654371414,1531.1701936248944,55087.61569024644,-2079.143995449149,3576.530371223925,56585.00206602122
问题3_固定价,2025-11-26,81934.06081599132,82417.46957344856,1325.0405735474578,841.6318160902294,1253.8828218305946,2300.6062619588497,51143.772391013306,1331.6033989253256,5093.214210176292,57568.59000011492
问题3_固定价,2025-11-27,79345.11999952301,81698.95211308477,2353.8321135617603,0.0,951.2673131670857,2363.6412112065013,49569.48119935293,2671.2646094119864,3720.3869182033545,55961.132726968266
问题3_固定价,2025-11-28,35224.38896312216,35508.932485605954,284.54354202165365,1.9537864886842726e-05,1421.9354629872298,2485.895608574976,18596.773497549362,338.7513481720743,5446.885144310058,24382.409990031494
问题3_固定价,2025-11-29,43686.57200088127,39445.37045199679,2.3096657471910476e-05,4241.201571981145,1226.4373616253279,2319.9636079980237,22567.9638976837,-1041.9949174114881,4663.790385244066,26189.75936551628
问题3_固定价,2025-11-30,82537.4464828071,85109.14355589524,2855.195107765478,283.49803467735774,1197.7056094426976,1372.5543358146842,51593.32470768561,3198.43115534171,4771.688474963315,59563.44433799064
问题3_固定价,2025-12-01,86077.86161561879,87303.4672819471,1419.6161929213315,194.01052659303082,4889.520407635853,1208.971195751974,54650.5775704196,1797.1947011200173,16391.81613743855,72839.58840897816
问题3_固定价,2025-12-02,89231.97698255091,90459.12119500127,2315.060587684225,1087.9163752338773,3918.0410766386453,992.787456068126,56403.60632997277,2886.3400366385,13018.888180910297,72308.83454752156
问题3_固定价,2025-12-03,79222.7506168337,89919.28289780093,10696.532280967236,0.0,3571.918606933056,1536.30600216796,49705.932468461535,11559.878605705093,10503.371529427563,71769.18260359419
问题3_固定价,2025-12-04,86773.64575382616,88849.9703996294,3112.5032193490238,1036.1785735457977,4355.548378056193,1691.2028294558822,55177.91294236828,3883.0927509745247,13970.25923943817,73031.26493278098
问题3_固定价,2025-12-05,38407.70074798547,43471.402098754166,5129.273015301289,65.57166453259777,3314.896302489832,1501.1046932954189,20092.16018209176,4449.960728704262,10013.001405847626,34555.12231664365
问题3_固定价,2025-12-06,41223.37862645772,45244.55779053464,4152.342320378323,131.1631563013978,3659.829598371592,1216.0014129646033,21527.33482942664,3750.905994525747,10723.652925246119,36001.893749198505
问题3_固定价,2025-12-07,89527.61107455482,89191.86706218246,1250.8654226320896,1586.60943500445,4720.923439444509,1454.182703528232,56846.82666241684,1287.1822169260683,14890.83573506089,73024.8446144038
问题3_固定价,2025-12-08,89348.48027241456,92056.24708326768,2891.9073944620054,184.14058360887975,2857.2295833335384,2279.164715643182,56657.57500366605,3542.914210156927,8278.660937714716,68479.15015153769
问题3_固定价,2025-12-09,88411.69700824957,89635.09880934028,2254.8955102784266,1031.4937091877134,3602.603981940319,1044.0088154079433,56023.919231581036,2660.6527368969864,12249.090509829772,70933.6624783078
问题3_固定价,2025-12-10,84552.57731433827,90542.94105249323,5990.363738154964,0.0,3831.5057910372348,1228.2193982102149,53411.97860123653,6758.5842542577,12009.639459207634,72180.20231470186
问题3_固定价,2025-12-11,87637.26352547928,88535.24782158017,1788.2198674067783,890.2355713058993,3133.7420141893817,997.8728959942196,55418.833531868455,2177.9126330651657,10098.385356148396,67695.13152108202
问题3_固定价,2025-12-12,40301.001909752595,47094.371369914734,6999.522407472437,206.1529473102991,2752.751048492963,2075.605199003855,20934.15124295662,5908.535010930216,7632.456324420429,34475.14257830726
问题3_固定价,2025-12-13,41539.04957653656,45024.13031832329,3724.5054677383555,239.42472595162454,4020.418480735229,1381.3245799040862,21482.459888225105,3432.3872680388645,13572.390517762466,38487.23767402644
问题3_固定价,2025-12-14,83451.82596209922,91633.02429798988,8181.1983358906555,0.0,3541.0884862035746,1565.3490785320887,52620.178252355545,9003.481495349513,12094.92766343834,73718.5874111434
问题3_固定价,2025-12-15,83734.69017246811,92475.84709356994,8741.156921101843,0.0,3229.6471591997815,1458.8922126419836,52696.48782352135,9739.659643249412,10197.924092279132,72634.07155904989
问题3_固定价,2025-12-16,88809.89085122575,92222.17721715647,3552.6400668719416,140.353700941213,3217.876486061732,1266.7981234540007,56569.174309998394,4152.092695597491,9786.381687833964,70507.64869342984
问题3_固定价,2025-12-17,89544.8075246499,90256.59514266519,1576.5889831580657,864.8013651427849,3440.82259632323,791.3831470982672,56800.63576849631,1789.9872275739747,10615.362482878987,69205.98547894927
问题3_固定价,2025-12-18,84799.77818059786,90599.98704438901,5800.208863791158,0.0,3131.139298565662,1587.7887093248278,53841.875225801465,6821.679664541928,9152.783112986348,69816.33800332974
问题3_固定价,2025-12-19,38432.86637673542,44112.0651520571,5691.251860748624,12.053085426948485,3387.5534692816004,793.8810779900527,20394.747153741526,4826.389613192551,10620.244573221202,35841.38134015528
问题3_固定价,2025-12-20,41490.518007422856,44780.45549837926,3289.9374909564067,0.0,3215.313058337152,1077.4951060732255,21738.95479825803,2847.992170568597,9831.716075825938,34418.66304465257
问题3_固定价,2025-12-21,88005.89712366914,91730.1891055634,4102.966470787102,378.67448889283617,4433.143102077612,2295.962430518646,55712.209220017285,4601.572328030899,14931.807933978065,75245.58948202625
问题3_固定价,2025-12-22,86473.32190011097,91242.92965163253,4769.607751521567,0.0,3376.4915574966008,917.5124099742582,54900.53191373799,5261.480021894639,10497.546679412562,70659.55861504519
问题3_固定价,2025-12-23,88908.60076119224,89846.85768512338,1556.1783574021533,617.9214334709983,3205.662498556557,1065.1107363645096,56420.62829931412,1856.5791884426937,10475.795977886495,68753.00346564331
问题3_固定价,2025-12-24,87921.15258413601,91024.16716138698,3103.014577250972,0.0,2733.4020418535792,1108.970238981522,56107.176914062555,3600.7601947024987,8035.354366841675,67743.29147560673
问题3_固定价,2025-12-25,84256.35105867196,90354.6003986438,6098.249339971833,0.0,3833.6811720870332,1573.941039536262,53167.01256316153,6803.4980539706285,12558.849882216964,72529.36049934912
问题3_固定价,2025-12-26,39669.032110845474,44696.529150835006,5266.944323912013,239.44728392247512,3152.16810565332,878.08914748885,20943.81350509018,4506.438906269066,9827.775221242564,35278.02763260181
问题3_固定价,2025-12-27,41650.334956016675,46037.435003643186,4387.100047626506,0.0,2800.5005564353355,1494.8035058956207,21718.6907406965,3721.2251142179175,8862.146277180225,34302.062132094645
问题3_固定价,2025-12-28,87369.42101202531,90195.39283913474,2837.098449391288,11.126622281852406,2845.997104226192,1540.7198054067248,55522.67659534566,3301.145180225823,8961.131997577384,67784.95377314887
问题3_固定价,2025-12-29,88029.57191168574,92092.34720886734,4062.775297181608,0.0,1967.2460144613062,1748.264569562054,55480.36690139774,4490.979029942527,6591.32037499821,66562.66630633848
问题3_固定价,2025-12-30,88986.11076655924,89767.37164469776,1448.7813572020013,667.5204790634859,2790.1507412324418,1640.8325029675723,56529.11596834954,1705.4237777892997,9179.665201770918,67414.20494790976
问题3_固定价,2025-12-31,96269.83484815879,97905.7144111079,2123.8987439166153,488.01918096749466,2301.5403419916647,1427.7885531057455,59882.890533879516,2543.6687668167915,7785.963121058264,70212.52242175456
问题4-2_波动价,2025-01-01,54035.183102005656,54035.183102005656,0.0,0.0,36514.41488333333,21.217300000000023,37145.780424792414,0.0,192086.95903032497,229232.73945511738
问题4-2_波动价,2025-01-02,97114.43319918062,97114.43319918062,0.0,0.0,2483.2580333333335,1633.1887833333315,73510.0625223791,0.0,12317.135673350003,85827.19819572911
问题4-2_波动价,2025-01-03,98936.63609159506,98936.63609159506,0.0,0.0,0.0,48396.69676,58535.09453828075,0.0,0.0,58535.09453828075
问题4-2_波动价,2025-01-04,98472.83235526484,98472.83235526484,0.0,0.0,34.972000000000094,48555.550293333334,56895.40408348708,0.0,82.65632200000023,56978.060405487086
问题4-2_波动价,2025-01-05,97496.15349945449,97496.15349945449,0.0,0.0,1229.353963333332,2829.3205366666675,74480.17024925875,0.0,5554.0965139216605,80034.26676318042
问题4-2_波动价,2025-01-06,98293.26195680245,98293.26195680245,0.0,0.0,757.8362599999996,3579.8065633333326,75384.4332878486,0.0,3699.007133408334,79083.44042125694
问题4-2_波动价,2025-01-07,98667.0266092827,98667.0266092827,0.0,0.0,1301.0572666666671,2448.1159499999994,75473.15568909213,0.0,6409.185640608334,81882.34132970046
问题4-2_波动价,2025-01-08,98977.50397171208,98977.50397171208,0.0,0.0,679.9091699999997,5278.490523333332,75018.30055914595,0.0,2666.9020944866643,77685.20265363262
问题4-2_波动价,2025-01-09,99350.33714579992,99350.33714579992,0.0,0.0,659.2525099999993,3724.851006666666,75400.45359355409,0.0,2419.3049383149973,77819.75853186908
问题4-2_波动价,2025-01-10,99822.81359733552,99822.81359733552,0.0,0.0,0.0,48924.12666333333,57570.71067344032,0.0,0.0,57570.71067344032
问题4-2_波动价,2025-01-11,99584.79819330825,99584.79819330825,0.0,0.0,4.073999999999955,49345.42568333333,58072.60577322304,0.0,9.557603999999897,58082.16337722304
问题4-2_波动价,2025-01-12,98919.9624350406,98919.9624350406,0.0,0.0,434.41465000000085,3539.6133166666687,75660.17533462933,0.0,1679.7634214083364,77339.93875603766
问题4-2_波动价,2025-01-13,99055.60647897971,99055.60647897971,0.0,0.0,400.97292333333303,6129.6875199999995,74896.11510011548,0.0,1294.9714667233322,76191.08656683881
问题4-2_波动价,2025-01-14,98998.76055409451,98998.76055409451,0.0,0.0,457.99217000000056,5116.400179999999,74571.86414542113,0.0,1657.433972138335,76229.29811755948
问题4-2_波动价,2025-01-15,98865.2709924055,98865.2709924055,0.0,0.0,387.2580933333335,4243.990719999998,75141.7536219819,0.0,2019.7640851500012,77161.5177071319
问题4-2_波动价,2025-01-16,99018.04489797265,99018.04489797265,0.0,0.0,579.5568666666671,5488.4512399999985,74593.8170371088,0.0,2933.17389028667,77526.99092739547
问题4-2_波动价,2025-01-17,99321.42973672894,99321.42973672894,0.0,0.0,0.0,51308.947799999994,57441.91088017768,0.0,0.0,57441.91088017768
问题4-2_波动价,2025-01-18,98883.12757851856,98883.12757851856,0.0,0.0,27.15599999999995,50573.37521666666,57343.22913222176,0.0,66.61366799999988,57409.842800221755
问题4-2_波动价,2025-01-19,98616.99871563943,98616.99871563943,0.0,0.0,221.06626000000017,5119.926546666666,74642.95662364228,0.0,1070.6291143533338,75713.58573799563
问题4-2_波动价,2025-01-20,98239.79097848003,98239.79097848003,0.0,0.0,248.75444666666692,5732.474379999999,74307.8087917222,0.0,1113.3109185116673,75421.11971023386
问题4-2_波动价,2025-01-21,98347.15882783031,98347.15882783031,0.0,0.0,301.32523000000003,10328.336863333334,72750.5744926971,0.0,1119.4387289816673,73870.01322167876
问题4-2_波动价,2025-01-22,98212.67847633916,98212.67847633916,0.0,0.0,422.77699000000086,4897.024310000002,74006.76811135943,0.0,1718.8982122966706,75725.6663236561
问题4-2_波动价,2025-01-23,98814.82341268289,98814.82341268289,0.0,0.0,302.50450000000023,4569.456246666667,75587.4953645441,0.0,1361.3541279600013,76948.84949250409
问题4-2_波动价,2025-01-24,51980.83810414301,51980.83810414301,0.0,0.0,441.8884666666663,7902.248543333334,23048.213368322617,0.0,1279.190353285,24327.403721607618
问题4-2_波动价,2025-01-25,51272.79507143606,51272.79507143606,0.0,0.0,216.5607533333329,8618.00449,22571.86672962701,0.0,884.4266527499998,23456.293382377007
问题4-2_波动价,2025-01-26,97818.04527554526,97818.04527554526,0.0,0.0,474.9115366666664,5558.9690766666645,73758.97272048633,0.0,1672.4548221466664,75431.42754263298
问题4-2_波动价,2025-01-27,96173.64306718862,96173.64306718862,0.0,0.0,395.1366599999991,7643.107876666669,71224.12379259696,0.0,1580.2944993383292,72804.41829193529
问题4-2_波动价,2025-01-28,97531.16899043065,97531.16899043065,0.0,0.0,420.18871666666655,5942.01337333333,72091.12102590284,0.0,1631.8865979749985,73723.00762387784
问题4-2_波动价,2025-01-29,98109.46183110958,98109.46183110958,0.0,0.0,170.63616666666655,12032.81367,71706.06196142655,0.0,621.9037356033331,72327.96569702988
问题4-2_波动价,2025-01-30,98870.25784922313,98870.25784922313,0.0,0.0,128.43567666666695,10189.998619999998,72966.35613878665,0.0,721.4058817116669,73687.76202049833
问题4-2_波动价,2025-01-31,51329.687666860926,51329.687666860926,0.0,0.0,238.15632333333338,8407.376263333334,23031.11168324441,0.0,1008.2551026983328,24039.36678594274
问题4-2_波动价,2025-02-01,51034.04920113407,51034.04920113407,0.0,0.0,44.446113333333415,12152.078129999998,21389.760407634796,0.0,134.52851978500027,21524.288927419795
问题4-2_波动价,2025-02-02,97446.84492443045,97446.84492443045,0.0,0.0,7.859796666666625,14538.427173333335,69373.07994294804,0.0,34.31825344166632,69407.39819638971
问题4-2_波动价,2025-02-03,95627.01001429334,95627.01001429334,0.0,0.0,9.575653333333321,11007.17038,68946.2460714939,0.0,21.29146518666664,68967.53753668057
问题4-2_波动价,2025-02-04,97184.99150268134,97184.99150268134,0.0,0.0,73.69183666666675,11216.564016666667,69851.14338094134,0.0,227.4888076650005,70078.63218860635
问题4-2_波动价,2025-02-05,97873.2518227039,97873.2518227039,0.0,0.0,8.339886666666757,11985.039526666666,70586.97297692692,0.0,53.97157656333392,70640.94455349026
问题4-2_波动价,2025-02-06,98077.97620524857,98077.97620524857,0.0,0.0,7.976970000000051,13128.230299999997,70942.61954378497,0.0,27.73278934166678,70970.35233312663
问题4-2_波动价,2025-02-07,50991.76939206192,50991.76939206192,0.0,0.0,28.165076666666664,14637.681053333334,21128.34011088941,0.0,151.77402442833335,21280.114135317745
问题4-2_波动价,2025-02-08,50155.53761579479,50155.53761579479,0.0,0.0,42.748189999999965,14270.165003333332,20724.844015596213,0.0,248.4136804849998,20973.25769608121
问题4-2_波动价,2025-02-09,96871.34836345934,96871.34836345934,0.0,0.0,0.26875666666660436,12636.81562,69402.09017480012,0.0,0.4697866533332245,69402.55996145344
问题4-2_波动价,2025-02-10,95202.25299474654,95202.25299474654,0.0,0.0,17.708333333333485,16175.136066666668,65928.1993729415,0.0,112.29739583333429,66040.49676877483
问题4-2_波动价,2025-02-11,96204.77062222185,96204.77062222185,0.0,0.0,23.10654666666676,16205.571373333332,67315.6476629246,0.0,112.3788678666672,67428.02653079128
问题4-2_波动价,2025-02-12,96679.4880079655,96679.4880079655,0.0,0.0,11.244016666666766,16705.66303333333,67644.82162715317,0.0,72.10323225000064,67716.92485940317
问题4-2_波动价,2025-02-13,97783.53288303304,97783.53288303304,0.0,0.0,6.5031166666665285,21464.858849999997,67479.25272523715,0.0,41.704487183332446,67520.95721242049
问题4-2_波动价,2025-02-14,50043.57292505551,50043.57292505551,0.0,0.0,7.210583333333375,15870.227949999999,20731.05239788971,0.0,40.73253058333356,20771.784928473047
问题4-2_波动价,2025-02-15,49453.884607976244,49453.884607976244,0.0,0.0,55.73736666666673,15904.442366666666,20917.38134192423,0.0,303.680018566667,21221.061360490894
问题4-2_波动价,2025-02-16,96550.04978548767,96550.04978548767,0.0,0.0,34.64298333333318,16172.314283333331,67664.2881145576,0.0,233.10920779999896,67897.39732235759
问题4-2_波动价,2025-02-17,94463.74692599979,94463.74692599979,0.0,0.0,17.1114166666664,18578.66423333333,65604.95751614826,0.0,102.78486278333219,65707.7423789316
问题4-2_波动价,2025-02-18,94912.40962954608,94912.40962954608,0.0,0.0,0.0,18309.12198333333,65265.79342080299,0.0,0.0,65265.79342080299
问题4-2_波动价,2025-02-19,96532.29168676256,96532.29168676256,0.0,0.0,52.618760000000066,18653.90970333333,66254.89034225988,0.0,220.9366070600002,66475.82694931989
问题4-2_波动价,2025-02-20,96842.84018718053,96842.84018718053,0.0,0.0,19.44724333333329,21309.154286666664,67815.73904071838,0.0,94.19547657333294,67909.93451729172
问题4-2_波动价,2025-02-21,49472.986998935754,49472.986998935754,0.0,0.0,26.904769999999814,19562.990433333332,20230.889594336146,0.0,109.17889002666608,20340.06848436281
问题4-2_波动价,2025-02-22,48960.887197700096,48960.887197700096,0.0,0.0,43.568886666666685,16680.295563333333,20275.902753663784,0.0,203.09397588333334,20478.996729547118
问题4-2_波动价,2025-02-23,95475.17057027956,95475.17057027956,0.0,0.0,40.59153000000015,19423.910109999997,65984.5396768492,0.0,191.78227340166725,66176.32195025087
问题4-2_波动价,2025-02-24,94059.45606446349,94059.45606446349,0.0,0.0,55.49844333333317,21017.45970333333,64194.0218621539,0.0,342.83905974499896,64536.8609218989
问题4-2_波动价,2025-02-25,94287.53548161335,94287.53548161335,0.0,0.0,50.782273333333364,23988.66271,63535.79918589414,0.0,259.816196901667,63795.61538279581
问题4-2_波动价,2025-02-26,95823.51842553575,95823.51842553575,0.0,0.0,8.804666666666662,22234.467,65766.7367083912,0.0,56.30144099999997,65823.0381493912
问题4-2_波动价,2025-02-27,96373.2882281411,96373.2882281411,0.0,0.0,2.4610300000000507,24843.835086666666,64865.32815657074,0.0,15.92320579500032,64881.251362365736
问题4-2_波动价,2025-02-28,48945.0416965464,48945.0416965464,0.0,0.0,46.479263333333336,21337.434409999998,19691.87182352081,0.0,237.8507883216668,19929.722611842477
问题4-2_波动价,2025-03-01,48219.3724749048,48219.3724749048,0.0,0.0,24.72949666666665,20211.01097,19279.71968087847,0.0,139.67697538499988,19419.396656263467
问题4-2_波动价,2025-03-02,95676.68998422255,95676.68998422255,0.0,0.0,33.776693333333355,18020.816393333334,65110.94247911757,0.0,174.66560269333354,65285.608081810904
问题4-2_波动价,2025-03-03,93344.25435542347,93344.25435542347,0.0,0.0,104.03480999999954,16714.229253333335,63513.36049683406,0.0,568.9060155183306,64082.26651235239
问题4-2_波动价,2025-03-04,93918.11593033982,93918.11593033982,0.0,0.0,5.561820000000125,19951.536406666666,63449.11500912462,0.0,28.310872816667384,63477.42588194129
问题4-2_波动价,2025-03-05,94125.10590014592,94125.10590014592,0.0,0.0,17.917533333333495,23135.894966666667,62535.888329769514,0.0,81.43183186166759,62617.320161631185
问题4-2_波动价,2025-03-06,94216.95553008761,94216.95553008761,0.0,0.0,32.94888999999989,23516.650746666666,62978.65529235254,0.0,140.17765335166612,63118.832945704205
问题4-2_波动价,2025-03-07,47263.221019938646,47263.221019938646,0.0,0.0,28.665173333333346,22012.27654,18495.07407649793,0.0,62.628556826666824,18557.702633324596
问题4-2_波动价,2025-03-08,45763.24530760199,45763.24530760199,0.0,0.0,26.71684333333326,22396.385986666664,18022.745985501653,0.0,115.438518558333,18138.184504059987
问题4-2_波动价,2025-03-09,92726.72686414256,92726.72686414256,0.0,0.0,60.37983000000031,24893.582023333332,60710.42855906043,0.0,328.430470585002,61038.85902964543
问题4-2_波动价,2025-03-10,90877.3243850719,90877.3243850719,0.0,0.0,117.18639333333306,18343.560776666665,61322.37991290819,0.0,559.693048289999,61882.07296119819
问题4-2_波动价,2025-03-11,91168.85236911298,91168.85236911298,0.0,0.0,74.16722666666612,22746.959576666664,60537.871508280994,0.0,394.88668337499763,60932.758191655994
问题4-2_波动价,2025-03-12,91807.17549012556,91807.17549012556,0.0,0.0,76.4370766666666,24677.89864,59791.11948793117,0.0,237.4536665733333,60028.573154504506
问题4-2_波动价,2025-03-13,91446.91806378141,91446.91806378141,0.0,0.0,88.60474666666684,19108.000336666668,60949.83008880945,0.0,500.41160170500063,61450.24169051445
问题4-2_波动价,2025-03-14,44622.40478247892,44622.40478247892,0.0,0.0,46.30381333333327,24064.42528333333,16837.581988104004,0.0,209.3149909133328,17046.89697901734
问题4-2_波动价,2025-03-15,42283.285446677466,42283.285446677466,0.0,0.0,185.94980333333342,17338.81714,17000.61117730094,0.0,822.8337799066671,17823.44495720761
问题4-2_波动价,2025-03-16,89988.07833227697,89988.07833227697,0.0,0.0,21.672816666666563,22005.900973333333,58988.50410659525,0.0,105.71200613333293,59094.21611272857
问题4-2_波动价,2025-03-17,87837.57110880256,87837.57110880256,0.0,0.0,77.91911000000016,25655.692706666665,55754.2636600656,0.0,491.2266146683341,56245.49027473393
问题4-2_波动价,2025-03-18,87906.32604818033,87906.32604818033,0.0,0.0,75.25491666666653,22257.872396666666,56748.6176177981,0.0,382.77204293333295,57131.38966073144
问题4-2_波动价,2025-03-19,87831.69374673323,87831.69374673323,0.0,0.0,15.415053333333276,23346.64521,55493.26676465324,0.0,92.1194431449996,55585.38620779824
问题4-2_波动价,2025-03-20,88140.49351180354,88140.49351180354,0.0,0.0,156.49346666666656,21270.030173333333,56962.24561624298,0.0,879.6709507349991,57841.91656697798
问题4-2_波动价,2025-03-21,40976.580620633664,40976.580620633664,0.0,0.0,159.0329699999998,24880.743756666667,15816.02719043338,0.0,627.7812243966656,16443.808414830048
问题4-2_波动价,2025-03-22,39373.546180306694,39373.546180306694,0.0,0.0,42.106100000000026,19272.520706666666,15395.380119383753,0.0,79.49285998333326,15474.872979367086
问题4-2_波动价,2025-03-23,87310.19908619928,87310.19908619928,0.0,0.0,121.89807666666684,23511.435303333332,54963.5855664486,0.0,629.9360658766678,55593.52163232527
问题4-2_波动价,2025-03-24,85023.44355193414,85023.44355193414,0.0,0.0,102.72424666666703,22282.671146666667,53484.410277372415,0.0,329.2193671800014,53813.62964455241
问题4-2_波动价,2025-03-25,85176.4620113182,85176.4620113182,0.0,0.0,117.93128333333277,19766.001109999997,54172.24725688359,0.0,517.3042926449975,54689.55154952859
问题4-2_波动价,2025-03-26,83212.43485482875,83212.43485482875,0.0,0.0,107.6112866666665,23206.84361666667,51646.070453058375,0.0,382.19810729833256,52028.26856035671
问题4-2_波动价,2025-03-27,84084.04004657542,84084.04004657542,0.0,0.0,139.52961333333315,20808.602706666665,52552.31999646034,0.0,571.6442031083321,53123.964199568676
问题4-2_波动价,2025-03-28,38013.37036614291,38013.37036614291,0.0,0.0,115.6301133333331,23282.085146666665,14992.860321113734,0.0,388.8374078533327,15381.697728967067
问题4-2_波动价,2025-03-29,37100.2330623598,37100.2330623598,0.0,0.0,99.32761666666647,25680.292206666665,14843.320993744703,0.0,440.34436961333284,15283.665363358035
问题4-2_波动价,2025-03-30,83401.99240152586,83401.99240152586,0.0,0.0,141.8766366666663,23426.15929,50962.55616746042,0.0,478.14080959999836,51440.69697706041
问题4-2_波动价,2025-03-31,81660.60586052404,81660.60586052404,0.0,0.0,68.79205666666644,20206.01657,50629.69021172114,0.0,243.92687947666607,50873.61709119781
问题4-2_波动价,2025-04-01,80506.79424748536,80506.79424748536,0.0,0.0,191.6505166666666,15767.852623333334,50827.54596806381,0.0,944.6755165400003,51772.221484603804
问题4-2_波动价,2025-04-02,80227.19188048459,80227.19188048459,0.0,0.0,191.2624766666661,15273.515196666667,50004.24171946378,0.0,1001.6516725799961,51005.89339204378
问题4-2_波动价,2025-04-03,79870.23537960688,79870.23537960688,0.0,0.0,166.8268166666668,19467.218249999998,49531.03290592187,0.0,656.6254424083338,50187.6583483302
问题4-2_波动价,2025-04-04,35903.97974488295,35903.97974488295,0.0,0.0,100.94848999999999,25961.58054333333,14161.707294070331,0.0,462.163442571667,14623.870736641999
问题4-2_波动价,2025-04-05,35698.66189443642,35698.66189443642,0.0,0.0,153.58868999999964,20180.177509999994,14233.363838393225,0.0,345.61554821666584,14578.979386609892
问题4-2_波动价,2025-04-06,80956.7003255743,80956.7003255743,0.0,0.0,141.6926699999999,22286.650906666666,50381.113236883764,0.0,642.4448680533326,51023.558104937096
问题4-2_波动价,2025-04-07,78430.2462325336,78430.2462325336,0.0,0.0,87.98640666666677,20519.1809,47900.45210655867,0.0,359.0016055616669,48259.45371212033
问题4-2_波动价,2025-04-08,77867.8233258427,77867.8233258427,0.0,0.0,154.37906999999916,19105.413856666666,47174.41556034415,0.0,570.1972564299955,47744.61281677414
问题4-2_波动价,2025-04-09,77644.058603539,77644.058603539,0.0,0.0,134.11256333333301,14085.53551333333,48012.99821602164,0.0,406.6257895766656,48419.62400559831
问题4-2_波动价,2025-04-10,76360.6067065927,76360.6067065927,0.0,0.0,155.40126333333296,17680.270006666666,46586.011261787506,0.0,670.5398421416643,47256.551103929174
问题4-2_波动价,2025-04-11,34688.83318331142,34688.83318331142,0.0,0.0,285.2638,26010.471916666662,13658.588746400726,0.0,941.1400562383336,14599.72880263906
问题4-2_波动价,2025-04-12,34691.180511782615,34691.180511782615,0.0,0.0,80.67402333333342,22009.004569999997,13130.896649938779,0.0,244.33934221333362,13375.235992152113
问题4-2_波动价,2025-04-13,76852.93889249308,76852.93889249308,0.0,0.0,121.84798,18140.413776666668,47042.524606172396,0.0,568.4344873483334,47610.95909352072
问题4-2_波动价,2025-04-14,75907.48031047518,75907.48031047518,0.0,0.0,164.1356966666665,18998.74857,45728.11185728321,0.0,653.041241204999,46381.15309848821
问题4-2_波动价,2025-04-15,75471.82632226065,75471.82632226065,0.0,0.0,137.08135666666692,20914.172626666663,44747.9645709945,0.0,663.0742447516674,45411.03881574617
问题4-2_波动价,2025-04-16,74432.33297872562,74432.33297872562,0.0,0.0,215.4059199999998,14521.590576666667,45741.572007383125,0.0,749.3097205549989,46490.881727938126
问题4-2_波动价,2025-04-17,74101.44272205819,74101.44272205819,0.0,0.0,45.385243333333506,16951.67134333333,44615.77895093521,0.0,240.88644408000093,44856.66539501521
问题4-2_波动价,2025-04-18,33468.23010334261,33468.23010334261,0.0,0.0,87.60786666666645,23750.05455,13193.926032495592,0.0,303.0851617233331,13497.011194218925
问题4-2_波动价,2025-04-19,33129.1522140597,33129.1522140597,0.0,0.0,167.9400633333333,23148.758126666668,13114.023271666467,0.0,451.07878955833297,13565.102061224801
问题4-2_波动价,2025-04-20,73372.87782503542,73372.87782503542,0.0,0.0,46.77435333333358,17065.675580000003,43998.61757640589,0.0,103.7934063433339,44102.41098274923
问题4-2_波动价,2025-04-21,73213.8938686852,73213.8938686852,0.0,0.0,274.6478699999998,20732.316683333334,43285.34575802754,0.0,795.2638743099994,44080.60963233754
问题4-2_波动价,2025-04-22,72382.99321711692,72382.99321711692,0.0,0.0,192.5484033333331,16227.086556666665,43526.52972879451,0.0,687.6201598549992,44214.14988864951
问题4-2_波动价,2025-04-23,71541.0300743307,71541.0300743307,0.0,0.0,244.25081666666668,15901.828846666665,43165.87152246923,0.0,816.4831662666672,43982.3546887359
问题4-2_波动价,2025-04-24,71384.96105047116,71384.96105047116,0.0,0.0,155.39630999999986,19969.511643333335,42539.50952111379,0.0,656.9391397699997,43196.44866088378
问题4-2_波动价,2025-04-25,32334.538479616287,32334.538479616287,0.0,0.0,250.31192999999968,27097.902263333326,12312.889627347098,0.0,770.9282822099999,13083.817909557098
问题4-2_波动价,2025-04-26,32344.414193561388,32344.414193561388,0.0,0.0,240.27188999999993,28884.099693333334,12356.073010734737,0.0,812.1287363866666,13168.201747121404
问题4-2_波动价,2025-04-27,70413.99098537742,70413.99098537742,0.0,0.0,238.41448666666645,17880.170916666666,41265.22151526521,0.0,565.7973219100002,41831.018837175216
问题4-2_波动价,2025-04-28,71017.60788218895,71017.60788218895,0.0,0.0,341.3124666666665,10514.293583333332,43265.80849271972,0.0,1088.2340065800001,44354.04249929972
问题4-2_波动价,2025-04-29,71146.20428798885,71146.20428798885,0.0,0.0,55.059196666666594,19270.538379999998,41403.366917161286,0.0,248.0555365033324,41651.42245366462
问题4-2_波动价,2025-04-30,69573.72567333364,69573.72567333364,0.0,0.0,295.2422233333334,17300.018213333333,40961.85030823581,0.0,992.2032204383336,41954.05352867414
问题4-2_波动价,2025-05-01,69362.42844025602,69362.42844025602,0.0,0.0,1896.6812899999993,16150.853583333334,41833.951179485055,0.0,8858.312188359998,50692.26336784506
问题4-2_波动价,2025-05-02,31210.48622033929,31210.48622033929,0.0,0.0,2319.3200300000003,15737.747649999996,12545.06429776525,0.0,7713.612149323334,20258.676447088583
问题4-2_波动价,2025-05-03,31270.53197219189,31270.53197219189,0.0,0.0,1826.2794833333332,20865.629393333336,12410.254584487215,0.0,8072.232194294999,20482.486778782215
问题4-2_波动价,2025-05-04,67246.40300329894,67246.40300329894,0.0,0.0,2206.4370266666674,13543.153423333331,40827.250251352314,0.0,10153.12189296167,50980.37214431398
问题4-2_波动价,2025-05-05,67739.29704053122,67739.29704053122,0.0,0.0,1733.6095966666664,10212.041726666666,40787.63827702976,0.0,7956.796305511667,48744.43458254142
问题4-2_波动价,2025-05-06,67556.04759148053,67556.04759148053,0.0,0.0,2083.0426033333333,12648.8491,40706.5791272133,0.0,9082.059525113333,49788.638652326634
问题4-2_波动价,2025-05-07,67346.47519453742,67346.47519453742,0.0,0.0,1848.5814100000002,10008.082086666667,40870.39243513369,0.0,8811.96245521,49682.35489034369
问题4-2_波动价,2025-05-08,67656.81390443086,67656.81390443086,0.0,0.0,2002.4090666666668,9505.083779999999,41257.17010901329,0.0,8895.752189503333,50152.92229851663
问题4-2_波动价,2025-05-09,30384.530815796348,30384.530815796348,0.0,0.0,1264.6204233333333,20176.427089999997,12246.000524377372,0.0,5472.1291176016675,17718.129641979038
问题4-2_波动价,2025-05-10,30617.835805588576,30617.835805588576,0.0,0.0,2058.960416666667,17391.629116666667,12226.234893559167,0.0,8041.812063665,20268.046957224167
问题4-2_波动价,2025-05-11,65137.96825217719,65137.96825217719,0.0,0.0,2248.823419999999,7482.708286666668,39137.98993832277,0.0,10664.957912746662,49802.947851069424
问题4-2_波动价,2025-05-12,65280.45516163433,65280.45516163433,0.0,0.0,1983.89281,11096.66715,39498.68116109924,0.0,8247.485887480001,47746.167048579235
问题4-2_波动价,2025-05-13,66432.27875401403,66432.27875401403,0.0,0.0,1323.9431166666661,10223.099806666663,39694.28163890102,0.0,6623.878132979997,46318.159771881015
问题4-2_波动价,2025-05-14,66435.44147956627,66435.44147956627,0.0,0.0,1284.5551866666672,10612.081859999998,39406.95857118824,0.0,6104.090220668336,45511.04879185658
问题4-2_波动价,2025-05-15,66309.99199568227,66309.99199568227,0.0,0.0,681.1240833333327,9979.669636666664,40277.06137601386,0.0,2809.506676369998,43086.56805238385
问题4-2_波动价,2025-05-16,30530.96125187618,30530.96125187618,0.0,0.0,1192.3360833333327,25952.796209999997,12244.335573313456,0.0,4282.154407011663,16526.48998032512
问题4-2_波动价,2025-05-17,30626.618231981734,30626.618231981734,0.0,0.0,1591.289763333333,18655.617539999996,12383.106126542478,0.0,6157.428741139998,18540.534867682476
问题4-2_波动价,2025-05-18,64521.65044559862,64521.65044559862,0.0,0.0,1785.2355633333332,8492.715516666667,38947.33489055404,0.0,5889.318108691667,44836.65299924571
问题4-2_波动价,2025-05-19,65261.71172125328,65261.71172125328,0.0,0.0,955.2436399999997,14415.104019999999,38436.091819272566,0.0,5038.956614846666,43475.04843411923
问题4-2_波动价,2025-05-20,65263.20885141228,65263.20885141228,0.0,0.0,2293.0445433333334,8936.91786,39123.80814082118,0.0,10076.763511428335,49200.57165224951
问题4-2_波动价,2025-05-21,65919.97502719822,65919.97502719822,0.0,0.0,1014.2546833333344,11340.55395,39343.35527813281,0.0,4404.394333181671,43747.74961131448
问题4-2_波动价,2025-05-22,64278.451059111285,64278.451059111285,0.0,0.0,424.34682999999893,9813.40762,38742.98615363628,0.0,1566.9904412849962,40309.976594921274
问题4-2_波动价,2025-05-23,30616.310699046957,30616.310699046957,0.0,0.0,1055.7232866666661,21971.161513333333,12249.08898592775,0.0,3370.691136956665,15619.780122884415
问题4-2_波动价,2025-05-24,30348.870254650312,30348.870254650312,0.0,0.0,562.4094533333334,24293.426399999997,12740.574531647333,0.0,2074.9238992366672,14815.498430884
问题4-2_波动价,2025-05-25,64865.52472111678,64865.52472111678,0.0,0.0,538.6089833333335,12449.059019999997,38670.88428639284,0.0,2608.662993011668,41279.547279404505
问题4-2_波动价,2025-05-26,64154.65121654162,64154.65121654162,0.0,0.0,1871.8139300000005,7265.264526666668,38222.36775133676,0.0,7318.078278546668,45540.446029883424
问题4-2_波动价,2025-05-27,64683.044327954056,64683.044327954056,0.0,0.0,696.1207800000004,11601.545236666665,38233.87076683949,0.0,2899.7211763566675,41133.59194319616
问题4-2_波动价,2025-05-28,65246.57207336642,65246.57207336642,0.0,0.0,585.77224,9455.857826666665,39236.240113989115,0.0,2215.5031351616663,41451.74324915078
问题4-2_波动价,2025-05-29,62844.483085704094,62844.483085704094,0.0,0.0,1586.1126366666663,6401.82316,38317.28261241157,0.0,6107.903344623331,44425.185957034904
问题4-2_波动价,2025-05-30,30294.907132025262,30294.907132025262,0.0,0.0,630.8996933333331,21134.458843333334,12464.896221260646,0.0,1767.3694671616659,14232.265688422312
问题4-2_波动价,2025-05-31,30991.278235806807,30991.278235806807,0.0,0.0,645.8920033333326,19499.314670000003,12024.68753799347,0.0,2051.1233879783313,14075.810925971802
问题4-2_波动价,2025-06-01,63069.71513533203,63069.71513533203,0.0,0.0,13766.20311,2117.8069866666656,41803.882240909224,0.0,59095.977966528335,100899.86020743755
问题4-2_波动价,2025-06-02,63901.28226665797,63901.28226665797,0.0,0.0,10962.846326666668,2344.409803333333,41064.080645845854,0.0,49839.042001115005,90903.12264696085
问题4-2_波动价,2025-06-03,62572.04442949209,62572.04442949209,0.0,0.0,10367.302826666668,758.6249000000004,40838.152995967874,0.0,44652.40818608667,85490.56118205455
问题4-2_波动价,2025-06-04,63751.16303347482,63751.16303347482,0.0,0.0,10825.455633333331,848.3879133333331,41529.708403343124,0.0,45815.47443958499,87345.18284292812
问题4-2_波动价,2025-06-05,62532.54761966607,62532.54761966607,0.0,0.0,13021.229959999999,610.3160266666654,41278.437763080685,0.0,55249.135036531654,96527.57279961233
问题4-2_波动价,2025-06-06,29566.650097436832,29566.650097436832,0.0,0.0,13720.135659999996,9670.756726666668,13530.981941884264,0.0,49369.70347890999,62900.68542079425
问题4-2_波动价,2025-06-07,29806.641601998665,29806.641601998665,0.0,0.0,10904.024006666665,6677.300410000001,13671.129395777165,0.0,37239.199414783325,50910.328810560495
问题4-2_波动价,2025-06-08,65364.33017269811,65364.33017269811,0.0,0.0,6788.149399999998,3149.763686666665,42617.30936880718,0.0,28107.352321824994,70724.66169063217
问题4-2_波动价,2025-06-09,65792.4971641873,65792.4971641873,0.0,0.0,10017.71919,910.7807600000003,43281.3729433113,0.0,44647.00317546667,87928.37611877796
问题4-2_波动价,2025-06-10,64324.72553663532,64324.72553663532,0.0,0.0,12199.178246666665,1025.3147633333333,42119.57008315442,0.0,51524.50132403665,93644.07140719108
问题4-2_波动价,2025-06-11,64600.67523675307,64600.67523675307,0.0,0.0,15976.486036666663,563.7884633333337,41915.82962094144,0.0,75068.83214262665,116984.66176356809
问题4-2_波动价,2025-06-12,64704.4121829233,64704.4121829233,0.0,0.0,12408.36591,841.7170933333334,42633.531926641284,0.0,55419.69706615,98053.22899279128
问题4-2_波动价,2025-06-13,30312.87575498271,30312.87575498271,0.0,0.0,7784.776906666665,7013.939150000001,13915.24871139882,0.0,26204.16412130333,40119.412832702146
问题4-2_波动价,2025-06-14,30945.118174647912,30945.118174647912,0.0,0.0,8360.52987,9915.236393333333,14367.410533514689,0.0,26757.287960453334,41124.69849396802
问题4-2_波动价,2025-06-15,68561.26832541864,68561.26832541864,0.0,0.0,7321.0474166666645,1573.6547466666675,45495.242861255014,0.0,33383.16099826332,78878.40385951834
问题4-2_波动价,2025-06-16,71295.460033399,71295.460033399,0.0,0.0,6694.8873866666645,1277.9219833333345,47481.28830744398,0.0,29998.758171643327,77480.04647908731
问题4-2_波动价,2025-06-17,69132.46024993555,69132.46024993555,0.0,0.0,10468.255979999998,1111.5963133333344,45929.538376963676,0.0,48026.76521095332,93956.303587917
问题4-2_波动价,2025-06-18,69774.6840330757,69774.6840330757,0.0,0.0,5950.259656666664,1097.6853066666672,46465.48267510924,0.0,25837.812039426655,72303.29471453589
问题4-2_波动价,2025-06-19,70625.253295202,70625.253295202,0.0,0.0,3685.467189999997,2112.71693,46777.944023810676,0.0,16044.250941811655,62822.19496562233
问题4-2_波动价,2025-06-20,32992.52297685127,32992.52297685127,0.0,0.0,2347.362239999999,9930.918450000001,15697.240864913536,0.0,6779.0830223216635,22476.323887235198
问题4-2_波动价,2025-06-21,32924.42858982596,32924.42858982596,0.0,0.0,1551.4352733333321,12180.399356666665,15578.468647720334,0.0,5153.431520036663,20731.900167756998
问题4-2_波动价,2025-06-22,72951.49915792918,72951.49915792918,0.0,0.0,2928.015326666665,4377.5186066666665,48131.988432318336,0.0,12961.406660368324,61093.39509268666
问题4-2_波动价,2025-06-23,75035.24971826312,75035.24971826312,0.0,0.0,1636.8176933333327,5612.430289999998,49709.345602498324,0.0,7959.837646234997,57669.18324873332
问题4-2_波动价,2025-06-24,74198.92443659702,74198.92443659702,0.0,0.0,7456.8056166666665,1515.9016900000006,50418.531387381474,0.0,35575.38148931333,85993.91287669481
问题4-2_波动价,2025-06-25,74359.20502668523,74359.20502668523,0.0,0.0,3386.449473333331,3711.9310966666667,49338.31637568606,0.0,15099.039092964986,64437.35546865105
问题4-2_波动价,2025-06-26,74003.11094397852,74003.11094397852,0.0,0.0,2452.654476666667,4602.212639999999,48261.51789101728,0.0,11628.118489483335,59889.63638050062
问题4-2_波动价,2025-06-27,33998.61422266447,33998.61422266447,0.0,0.0,588.6173200000001,12072.941696666663,16267.341505498898,0.0,1943.3546280649996,18210.6961335639
问题4-2_波动价,2025-06-28,33641.25208254391,33641.25208254391,0.0,0.0,1127.0650466666661,10279.368680000001,16201.365596613072,0.0,3633.746773491665,19835.112370104736
问题4-2_波动价,2025-06-29,74260.74992835317,74260.74992835317,0.0,0.0,2924.3799900000017,4089.5560499999983,49633.55158553304,0.0,12854.65629459334,62488.20788012638
问题4-2_波动价,2025-06-30,76003.42734600887,76003.42734600887,0.0,0.0,2579.519536666667,4390.823283333334,50149.03354004023,0.0,10779.266216625001,60928.299756665234
问题4-2_波动价,2025-07-01,78670.11658755524,78670.11658755524,0.0,0.0,7405.300926666667,2874.08907,56728.49784599035,0.0,31367.27144730833,88095.76929329868
问题4-2_波动价,2025-07-02,77100.97601832567,77100.97601832567,0.0,0.0,7177.461846666668,7128.647460000001,55173.64963521814,0.0,30813.76163114,85987.41126635815
问题4-2_波动价,2025-07-03,74596.17897430243,74596.17897430243,0.0,0.0,9945.171416666668,1141.461486666666,55005.28109848379,0.0,44646.815038331675,99652.09613681547
问题4-2_波动价,2025-07-04,34172.91403522085,34172.91403522085,0.0,0.0,7787.192793333334,10328.409006666663,18771.016258588625,0.0,28966.217228388337,47737.23348697696
问题4-2_波动价,2025-07-05,34248.633350035816,34248.633350035816,0.0,0.0,8125.5387366666655,10708.421196666664,18236.550824738082,0.0,29135.55776345333,47372.10858819141
问题4-2_波动价,2025-07-06,76355.00306257744,76355.00306257744,0.0,0.0,10060.702290000001,2529.3394266666664,55349.29771855831,0.0,46650.86898758667,102000.16670614497
问题4-2_波动价,2025-07-07,77138.20107297426,77138.20107297426,0.0,0.0,6895.85543,6354.441336666665,55470.281923334805,0.0,28378.948705546663,83849.23062888147
问题4-2_波动价,2025-07-08,80285.60097613794,80285.60097613794,0.0,0.0,6890.274433333332,7361.1559166666675,57824.588295785594,0.0,30438.06475542499,88262.65305121058
问题4-2_波动价,2025-07-09,78949.19810524682,78949.19810524682,0.0,0.0,6085.808003333333,6828.74822,56627.560360694355,0.0,27334.975602109997,83962.53596280435
问题4-2_波动价,2025-07-10,77478.49307473275,77478.49307473275,0.0,0.0,5852.030073333333,6338.331976666666,55718.18112632372,0.0,26253.691144008328,81971.87227033205
问题4-2_波动价,2025-07-11,35215.783769260786,35215.783769260786,0.0,0.0,6838.193416666666,7037.565059999997,19709.59753654634,0.0,24150.569066591666,43860.166603138
问题4-2_波动价,2025-07-12,35364.68785605294,35364.68785605294,0.0,0.0,6587.518809999998,8213.413986666668,19257.282196365828,0.0,23610.20973505166,42867.491931417484
问题4-2_波动价,2025-07-13,78763.50724596727,78763.50724596727,0.0,0.0,5404.809643333334,10663.091919999999,54795.09472057664,0.0,24211.06787173167,79006.16259230832
问题4-2_波动价,2025-07-14,79331.4124683906,79331.4124683906,0.0,0.0,5646.0911099999985,8627.217430000002,56047.23330420887,0.0,25707.52815592166,81754.76146013054
问题4-2_波动价,2025-07-15,86511.71155952156,86511.71155952156,0.0,0.0,2387.2551099999987,11355.335663333335,62254.481378714176,0.0,10194.524142159995,72449.00552087417
问题4-2_波动价,2025-07-16,84329.92144286449,84329.92144286449,0.0,0.0,2866.6153899999968,10820.766653333334,61359.113818728496,0.0,12684.048405116651,74043.16222384514
问题4-2_波动价,2025-07-17,83056.20819862437,83056.20819862437,0.0,0.0,3050.159026666665,8947.75227333333,59676.77764330761,0.0,12986.790688671657,72663.56833197926
问题4-2_波动价,2025-07-18,39547.71735635578,39547.71735635578,0.0,0.0,2148.925929999997,7762.396313333332,21732.875499840207,0.0,7605.17628553999,29338.051785380198
问题4-2_波动价,2025-07-19,39798.36964690255,39798.36964690255,0.0,0.0,2882.6365799999967,12320.628489999996,21687.78396835968,0.0,10577.628290684988,32265.412259044668
问题4-2_波动价,2025-07-20,83832.57152310731,83832.57152310731,0.0,0.0,2224.809759999998,9600.79628666667,59942.57403307045,0.0,9354.340986194988,69296.91501926543
问题4-2_波动价,2025-07-21,84464.60484624031,84464.60484624031,0.0,0.0,2129.7782333333325,8402.726796666668,61922.98215750929,0.0,9569.086146896663,71492.06830440596
问题4-2_波动价,2025-07-22,89959.91120048323,89959.91120048323,0.0,0.0,1070.8951399999996,12549.73466,65066.96162920091,0.0,4055.8914128499982,69122.8530420509
问题4-2_波动价,2025-07-23,88201.54109747121,88201.54109747121,0.0,0.0,933.7967466666659,10402.990360000003,63793.073609849955,0.0,4393.479719126662,68186.55332897662
问题4-2_波动价,2025-07-24,86413.03000165566,86413.03000165566,0.0,0.0,938.2361199999993,9422.352946666666,62920.078678549915,0.0,3931.9251879966646,66852.00386654657
问题4-2_波动价,2025-07-25,42210.995933059465,42210.995933059465,0.0,0.0,843.3263999999998,13729.404963333334,23433.981583095818,0.0,3323.906787328335,26757.888370424153
问题4-2_波动价,2025-07-26,42847.99395029383,42847.99395029383,0.0,0.0,943.581786666666,11735.788433333333,23478.17393283048,0.0,3226.484619678331,26704.658552508812
问题4-2_波动价,2025-07-27,86915.81327728543,86915.81327728543,0.0,0.0,1476.9289133333336,10336.347906666668,62763.11318280131,0.0,5524.510386590003,68287.6235693913
问题4-2_波动价,2025-07-28,87547.4213035153,87547.4213035153,0.0,0.0,1146.5105566666668,6281.760053333333,64033.90894294191,0.0,5004.792172895001,69038.70111583691
问题4-2_波动价,2025-07-29,91420.34209657907,91420.34209657907,0.0,0.0,487.66810333333274,11060.937350000002,66482.20574918439,0.0,2514.789513359998,68996.99526254438
问题4-2_波动价,2025-07-30,89258.8586089506,89258.8586089506,0.0,0.0,614.0603666666667,11444.025083333334,65763.59462910642,0.0,2893.2520822583333,68656.84671136475
问题4-2_波动价,2025-07-31,87843.25326749569,87843.25326749569,0.0,0.0,541.292983333333,9370.778053333333,63833.227413356195,0.0,2126.500612281665,65959.72802563786
问题4-2_波动价,2025-08-01,43155.26762142294,43155.26762142294,0.0,0.0,726.766466666666,19495.707053333335,23872.816863210486,0.0,2530.7678011416647,26403.58466435215
问题4-2_波动价,2025-08-02,42941.9446624358,42941.9446624358,0.0,0.0,301.05489999999986,19329.844316666666,23506.337961718906,0.0,1290.8529685083327,24797.19093022724
问题4-2_波动价,2025-08-03,87354.54756763425,87354.54756763425,0.0,0.0,734.6348433333333,20459.762619999998,60467.311811215644,0.0,3663.292333495001,64130.60414471065
问题4-2_波动价,2025-08-04,88355.8181969452,88355.8181969452,0.0,0.0,293.0156066666666,18768.65558,62368.4399100751,0.0,1048.8246584983324,63417.26456857344
问题4-2_波动价,2025-08-05,91519.7195065474,91519.7195065474,0.0,0.0,198.73816666666653,21964.74335333333,64293.89935968539,0.0,695.5118711583331,64989.411230843725
问题4-2_波动价,2025-08-06,89692.09685474737,89692.09685474737,0.0,0.0,409.76160333333326,17507.74789,64381.47028396881,0.0,1621.811816285,66003.28210025381
问题4-2_波动价,2025-08-07,87250.36149806749,87250.36149806749,0.0,0.0,317.7970233333335,19785.299933333332,61148.10843180092,0.0,1285.29207146,62433.40050326093
问题4-2_波动价,2025-08-08,42760.59727196648,42760.59727196648,0.0,0.0,131.22389666666652,24298.369316666667,23312.82068377748,0.0,619.425658966666,23932.246342744147
问题4-2_波动价,2025-08-09,43053.64566360922,43053.64566360922,0.0,0.0,241.652446666667,21222.72598,23580.15661364995,0.0,911.8437893000007,24492.00040294995
问题4-2_波动价,2025-08-10,87456.73595170716,87456.73595170716,0.0,0.0,162.68668999999977,17873.871,62342.98073352101,0.0,524.6439658983322,62867.62469941935
问题4-2_波动价,2025-08-11,88050.19037292816,88050.19037292816,0.0,0.0,319.6665066666668,19340.62713,61310.12795768375,0.0,1568.6469799316658,62878.77493761542
问题4-2_波动价,2025-08-12,89785.29619480774,89785.29619480774,0.0,0.0,181.4174300000003,17880.121693333334,64237.4875663161,0.0,829.2852395533338,65066.772805869434
问题4-2_波动价,2025-08-13,86523.65152122005,86523.65152122005,0.0,0.0,286.1553500000001,16427.927579999996,61274.247479045545,0.0,1191.5180406583338,62465.765519703884
问题4-2_波动价,2025-08-14,85780.32893004008,85780.32893004008,0.0,0.0,251.19137666666643,15748.083773333332,60650.53878695556,0.0,1245.0657899549972,61895.60457691056
问题4-2_波动价,2025-08-15,42184.45073527502,42184.45073527502,0.0,0.0,226.0257899999998,22643.97436333333,23495.45590734035,0.0,572.4299750016663,24067.88588234202
问题4-2_波动价,2025-08-16,42934.09615697529,42934.09615697529,0.0,0.0,240.30691333333306,23052.88556333333,23615.917761135006,0.0,1151.4768546316657,24767.394615766672
问题4-2_波动价,2025-08-17,85808.5866189593,85808.5866189593,0.0,0.0,306.4636466666668,18444.797836666665,59926.989278362904,0.0,1604.57501408,61531.5642924429
问题4-2_波动价,2025-08-18,85312.59228585393,85312.59228585393,0.0,0.0,416.8800533333334,17108.895053333334,60260.35733975184,0.0,1874.3768839466666,62134.73422369851
问题4-2_波动价,2025-08-19,86308.27128199747,86308.27128199747,0.0,0.0,211.4104599999996,17943.026266666664,61153.551445386525,0.0,1285.7326608483334,62439.28410623486
问题4-2_波动价,2025-08-20,83250.19531573488,83250.19531573488,0.0,0.0,602.9935133333328,9006.261476666667,59799.89826614051,0.0,2875.0577073649974,62674.95597350551
问题4-2_波动价,2025-08-21,84641.77368229843,84641.77368229843,0.0,0.0,194.79736333333324,14583.722273333333,59918.15465309203,0.0,1267.1601517366662,61185.3148048287
问题4-2_波动价,2025-08-22,42274.20365511129,42274.20365511129,0.0,0.0,626.7616766666657,18977.700853333332,23655.622377663367,0.0,2468.2195579083295,26123.841935571698
问题4-2_波动价,2025-08-23,42828.56477240981,42828.56477240981,0.0,0.0,102.95030666666656,17554.584939999997,23428.11200111281,0.0,232.7297161549996,23660.841717267813
问题4-2_波动价,2025-08-24,83385.59212923919,83385.59212923919,0.0,0.0,353.82235999999955,15752.634433333333,59142.983598369756,0.0,1848.8606938983307,60991.844292268084
问题4-2_波动价,2025-08-25,83966.03454206289,83966.03454206289,0.0,0.0,490.07228000000043,9691.754033333335,60076.723172609716,0.0,1945.1368212383354,62021.85999384805
问题4-2_波动价,2025-08-26,83870.28974638034,83870.28974638034,0.0,0.0,133.44371999999998,14282.762190000001,58626.96823102147,0.0,664.9335050583338,59291.9017360798
问题4-2_波动价,2025-08-27,82748.54491438306,82748.54491438306,0.0,0.0,289.16766666666626,10712.40248,58200.05983396223,0.0,1446.865046809998,59646.92488077223
问题4-2_波动价,2025-08-28,82969.74470348885,82969.74470348885,0.0,0.0,1284.8948066666653,9529.606493333335,59406.407878957834,0.0,6282.0900398949925,65688.49791885282
问题4-2_波动价,2025-08-29,42770.97399554811,42770.97399554811,0.0,0.0,792.1711833333331,18116.824316666665,23532.325898790034,0.0,2818.5232724483317,26350.849171238366
问题4-2_波动价,2025-08-30,43321.62018454975,43321.62018454975,0.0,0.0,229.12625333333278,21788.844456666666,23833.64594845591,0.0,937.1091177266651,24770.755066182574
问题4-2_波动价,2025-08-31,80578.02128531165,80578.02128531165,0.0,0.0,424.3061799999997,10149.143376666665,56696.47230641625,0.0,1995.4777643116647,58691.950070727915
问题4-2_波动价,2025-09-01,82488.41697503945,82488.41697503945,0.0,0.0,0.0,24769.88816,52335.589739981486,0.0,0.0,52335.589739981486
问题4-2_波动价,2025-09-02,81655.2650499701,81655.2650499701,0.0,0.0,125.08865666666713,23610.732773333337,51531.0689058645,0.0,527.4222097316688,52058.49111559617
问题4-2_波动价,2025-09-03,82215.24727466116,82215.24727466116,0.0,0.0,0.0,22449.77705333333,53116.14768839065,0.0,0.0,53116.14768839065
问题4-2_波动价,2025-09-04,82109.31736966353,82109.31736966353,0.0,0.0,8.2337766666667,23761.519236666663,52164.09641845308,0.0,37.65306069666681,52201.749479149745
问题4-2_波动价,2025-09-05,42781.37052683601,42781.37052683601,0.0,0.0,126.55303333333336,33001.222813333334,20398.145382770548,0.0,473.96104880500013,20872.106431575547
问题4-2_波动价,2025-09-06,42821.658340248,42821.658340248,0.0,0.0,173.259453333333,32099.550643333332,20543.003568933225,0.0,538.8737838449989,21081.87735277822
问题4-2_波动价,2025-09-07,78802.52473970834,78802.52473970834,0.0,0.0,16.09629000000018,19521.009583333333,49954.25303956564,0.0,100.52934799833447,50054.78238756397
问题4-2_波动价,2025-09-08,82070.72046228641,82070.72046228641,0.0,0.0,78.13198000000045,18173.744113333334,52739.62469043709,0.0,373.57572213500197,53113.2004125721
问题4-2_波动价,2025-09-09,80553.99166850293,80553.99166850293,0.0,0.0,85.03403666666668,23276.808223333333,50950.794368602445,0.0,356.606406615,51307.400775217444
问题4-2_波动价,2025-09-10,81792.14821182257,81792.14821182257,0.0,0.0,533.9434066666671,16627.582953333334,53134.91030804484,0.0,2397.178376396668,55532.08868444151
问题4-2_波动价,2025-09-11,81650.0123929218,81650.0123929218,0.0,0.0,65.5431666666667,23814.389143333334,51873.80943802054,0.0,372.0461770416669,52245.8556150622
问题4-2_波动价,2025-09-12,42956.89289557275,42956.89289557275,0.0,0.0,277.9630766666664,28312.950100000002,20440.93705171443,0.0,861.2855968633324,21302.22264857776
问题4-2_波动价,2025-09-13,42417.32822358131,42417.32822358131,0.0,0.0,426.41005666666683,31701.638479999998,20409.626728037958,0.0,1397.4713542150005,21807.09808225296
问题4-2_波动价,2025-09-14,78119.6199805442,78119.6199805442,0.0,0.0,393.7499400000004,14391.546156666669,50805.62723149353,0.0,2078.661951143335,52884.289182636865
问题4-2_波动价,2025-09-15,81584.25419811203,81584.25419811203,0.0,0.0,691.601986666667,22829.61158333333,52286.51403712868,0.0,3020.1423016133353,55306.65633874202
问题4-2_波动价,2025-09-16,79016.21332643453,79016.21332643453,0.0,0.0,345.9289433333329,15724.15756,51629.24312132403,0.0,1277.4817429766651,52906.7248643007
问题4-2_波动价,2025-09-17,81594.21335997123,81594.21335997123,0.0,0.0,288.7969933333335,17681.29992,52956.95269440622,0.0,1352.0322790566674,54308.98497346289
问题4-2_波动价,2025-09-18,80913.08587837016,80913.08587837016,0.0,0.0,276.81482000000017,17872.109253333332,51742.592514423406,0.0,1221.9658552750009,52964.5583696984
问题4-2_波动价,2025-09-19,42930.07265143837,42930.07265143837,0.0,0.0,173.66526333333348,23695.612729999997,20629.695570755175,0.0,545.0843341333338,21174.77990488851
问题4-2_波动价,2025-09-20,42502.602404199446,42502.602404199446,0.0,0.0,715.2157500000002,24414.86480333333,20115.076501563282,0.0,2327.720914551667,22442.79741611495
问题4-2_波动价,2025-09-21,78745.15939290273,78745.15939290273,0.0,0.0,417.46213999999986,16557.20096,51549.855656602,0.0,1516.5989468749995,53066.454603477
问题4-2_波动价,2025-09-22,80081.72988738495,80081.72988738495,0.0,0.0,555.0300333333325,15866.37739,52795.252889387724,0.0,2616.8796850233293,55412.13257441105
问题4-2_波动价,2025-09-23,78309.47252177644,78309.47252177644,0.0,0.0,1027.7891366666659,13094.39773,51008.19501878093,0.0,4785.640991994995,55793.83601077592
问题4-2_波动价,2025-09-24,80853.89981609504,80853.89981609504,0.0,0.0,602.4467133333329,16169.238816666668,52692.84007044897,0.0,2697.922139548332,55390.7622099973
问题4-2_波动价,2025-09-25,79823.60882484974,79823.60882484974,0.0,0.0,835.19863,15983.880316666666,52094.71654417342,0.0,3634.0270646,55728.74360877342
问题4-2_波动价,2025-09-26,42933.39146898015,42933.39146898015,0.0,0.0,108.80893333333336,22148.57278,20267.159116040377,0.0,393.1252298016668,20660.284345842047
问题4-2_波动价,2025-09-27,43055.1244470913,43055.1244470913,0.0,0.0,1418.7541233333322,23524.50279999999,21129.940233780377,0.0,3908.2957654749976,25038.235999255376
问题4-2_波动价,2025-09-28,77748.8680941678,77748.8680941678,0.0,0.0,2014.6564466666673,12165.907906666667,51282.53934938267,0.0,9860.943324090002,61143.482673472674
问题4-2_波动价,2025-09-29,79066.43789312018,79066.43789312018,0.0,0.0,1336.5701766666662,13240.014063333334,51772.70453862454,0.0,6621.299420366664,58394.003958991205
问题4-2_波动价,2025-09-30,77972.31267084571,77972.31267084571,0.0,0.0,2740.630593333333,10650.386736666667,50668.78650500563,0.0,14026.24621099833,64695.03271600396
问题4-2_波动价,2025-10-01,80379.95648144522,80379.95648144522,0.0,0.0,56.057533333333026,26098.01804,50119.044618134314,0.0,262.61354132999855,50381.658159464314
问题4-2_波动价,2025-10-02,78177.8788128961,78177.8788128961,0.0,0.0,255.47871999999973,22532.48927666667,49299.5157576517,0.0,1133.3456215416654,50432.86137919337
问题4-2_波动价,2025-10-03,43365.27535670472,43365.27535670472,0.0,0.0,71.68620333333348,32009.80879666666,19634.691038697692,0.0,271.3253729516672,19906.01641164936
问题4-2_波动价,2025-10-04,43510.60539273138,43510.60539273138,0.0,0.0,369.9491466666666,27475.76237333333,20365.756396203695,0.0,1400.1318864533332,21765.88828265703
问题4-2_波动价,2025-10-05,78813.36193666563,78813.36193666563,0.0,0.0,309.34207666666657,20064.92439666667,49958.72340816194,0.0,1475.548645846667,51434.27205400861
问题4-2_波动价,2025-10-06,78823.94789799226,78823.94789799226,0.0,0.0,317.57823666666627,16891.259156666663,50860.55227836671,0.0,1512.3297553783314,52372.882033745045
问题4-2_波动价,2025-10-07,78604.55712145515,78604.55712145515,0.0,0.0,810.1102466666669,17262.661700000004,50096.841917561535,0.0,4325.780512838334,54422.62243039987
问题4-2_波动价,2025-10-08,78677.4469010238,78677.4469010238,0.0,0.0,805.9066866666674,18610.937243333334,50424.119445153796,0.0,3559.8972973083364,53984.01674246213
问题4-2_波动价,2025-10-09,77193.809852292,77193.809852292,0.0,0.0,872.7956866666664,17987.79275,49424.71066204056,0.0,3964.4142293450004,53389.12489138556
问题4-2_波动价,2025-10-10,42533.41238608556,42533.41238608556,0.0,0.0,329.31677000000013,30172.19515333333,19666.211653837654,0.0,1195.687511646667,20861.899165484323
问题4-2_波动价,2025-10-11,43770.917362411165,43770.917362411165,0.0,0.0,329.55427666667015,26283.838213333333,20253.29342746513,0.0,1146.2254189683374,21399.518846433468
问题4-2_波动价,2025-10-12,77600.07735182562,77600.07735182562,0.0,0.0,651.4101866666667,15437.569536666668,49273.636534116195,0.0,3060.2063118700007,52333.8428459862
问题4-2_波动价,2025-10-13,74994.27344167723,74994.27344167723,0.0,0.0,411.5039366666655,14221.21827666667,47784.840565273335,0.0,2077.359303643327,49862.199868916665
问题4-2_波动价,2025-10-14,75392.81133179223,75392.81133179223,0.0,0.0,1103.9661599999995,11388.58064333334,48245.643045382385,0.0,5454.63731365333,53700.280359035714
问题4-2_波动价,2025-10-15,75350.45167915283,75350.45167915283,0.0,0.0,1406.2984700000002,10123.051033333337,47946.70441737873,0.0,6360.580727251668,54307.2851446304
问题4-2_波动价,2025-10-16,73586.8454115901,73586.8454115901,0.0,0.0,2803.1564499999995,9022.510956666669,47240.87195342134,0.0,13630.542148694998,60871.41410211634
问题4-2_波动价,2025-10-17,39592.256251080624,39592.256251080624,0.0,0.0,806.843389999999,20855.919383333334,18056.092107798333,0.0,2816.4935396666633,20872.585647464995
问题4-2_波动价,2025-10-18,40790.151215363425,40790.151215363425,0.0,0.0,766.8130766666662,21712.039640000003,18269.910774444572,0.0,2272.059130926665,20541.96990537124
问题4-2_波动价,2025-10-19,74445.49900367719,74445.49900367719,0.0,0.0,2681.995213333332,8805.611413333336,48072.5141165562,0.0,12788.603925323327,60861.11804187953
问题4-2_波动价,2025-10-20,70135.94651584161,70135.94651584161,0.0,0.0,3621.885803333334,5048.954303333332,44628.64859115801,0.0,17909.51060961334,62538.15920077135
问题4-2_波动价,2025-10-21,70934.58203418035,70934.58203418035,0.0,0.0,4707.758299999999,5039.00297,45962.34285950283,0.0,19788.37070375,65750.71356325282
问题4-2_波动价,2025-10-22,70489.93518495912,70489.93518495912,0.0,0.0,4149.003106666667,4821.860546666668,45103.773048511095,0.0,20484.920118546666,65588.69316705776
问题4-2_波动价,2025-10-23,69035.44427890121,69035.44427890121,0.0,0.0,3800.2588533333324,5207.502646666668,43752.76106862433,0.0,17864.962536863328,61617.72360548765
问题4-2_波动价,2025-10-24,35176.27740209519,35176.27740209519,0.0,0.0,2280.4501766666663,15901.696376666667,15508.94526090428,0.0,7876.112664888333,23385.05792579261
问题4-2_波动价,2025-10-25,36071.94501930889,36071.94501930889,0.0,0.0,1294.3372866666664,14646.715413333328,15991.6404574096,0.0,4148.975847781666,20140.616305191266
问题4-2_波动价,2025-10-26,70660.16065862859,70660.16065862859,0.0,0.0,2802.1300300000007,4526.642969999998,45128.18602753391,0.0,12538.089425250002,57666.27545278391
问题4-2_波动价,2025-10-27,69878.80930082726,69878.80930082726,0.0,0.0,3488.7146600000005,5544.703153333332,44134.827791900076,0.0,16883.437219981668,61018.26501188175
问题4-2_波动价,2025-10-28,72150.59886914553,72150.59886914553,0.0,0.0,3026.79554,4877.73352,46684.94916300024,0.0,14213.501015433334,60898.45017843357
问题4-2_波动价,2025-10-29,70590.82650229507,70590.82650229507,0.0,0.0,6545.248866666667,3575.441123333334,45608.99224242238,0.0,30183.195453538334,75792.1876959607
问题4-2_波动价,2025-10-30,69790.18740815134,69790.18740815134,0.0,0.0,3257.4347166666657,3833.3762933333337,45569.76119548778,0.0,14484.85581711333,60054.61701260111
问题4-2_波动价,2025-10-31,34735.245323209514,34735.245323209514,0.0,0.0,4271.92287,11768.117829999996,14948.741880132842,0.0,13282.512310075,28231.254190207845
问题4-2_波动价,2025-11-01,35686.58386064192,35686.58386064192,0.0,0.0,2763.393166666666,12389.159966666666,15316.83637145056,0.0,8502.234528613331,23819.070900063893
问题4-2_波动价,2025-11-02,71312.14414657759,71312.14414657759,0.0,0.0,4843.236483333333,3207.8886666666667,46541.69595827538,0.0,22794.124032076666,69335.81999035204
问题4-2_波动价,2025-11-03,71087.13096901355,71087.13096901355,0.0,0.0,6133.052809999999,3407.462630000001,46450.814439317444,0.0,25439.770907313326,71890.58534663077
问题4-2_波动价,2025-11-04,73557.04638459187,73557.04638459187,0.0,0.0,2266.771800000002,4054.1163900000015,48105.014842402044,0.0,10034.558130136675,58139.572972538714
问题4-2_波动价,2025-11-05,72947.58335309946,72947.58335309946,0.0,0.0,4024.885683333334,3154.8429699999997,47991.07761529615,0.0,17769.78351821167,65760.86113350782
问题4-2_波动价,2025-11-06,71346.4196383492,71346.4196383492,0.0,0.0,7192.735949999999,2977.9266266666655,47327.1158177581,0.0,32938.47670841666,80265.59252617476
问题4-2_波动价,2025-11-07,35149.12259778336,35149.12259778336,0.0,0.0,1718.5000266666666,10110.27012666667,14983.064166294535,0.0,6321.996972026665,21305.0611383212
问题4-2_波动价,2025-11-08,35566.45078329962,35566.45078329962,0.0,0.0,1817.6347333333324,10167.07568333333,15401.18330546233,0.0,5882.311963949997,21283.495269412328
问题4-2_波动价,2025-11-09,73539.82022315814,73539.82022315814,0.0,0.0,5303.211220000002,2967.882133333335,48108.551532540194,0.0,24282.407181066672,72390.95871360686
问题4-2_波动价,2025-11-10,73662.76450361074,73662.76450361074,0.0,0.0,7625.985543333332,2795.6491433333335,48910.845783665776,0.0,33272.36701147333,82183.2127951391
问题4-2_波动价,2025-11-11,75000.12732892761,75000.12732892761,0.0,0.0,4265.268663333334,3248.3239200000003,49470.05964372627,0.0,19885.470850925005,69355.53049465128
问题4-2_波动价,2025-11-12,74877.13854915774,74877.13854915774,0.0,0.0,3049.6756366666673,2633.322350000001,49420.97097783284,0.0,15671.058757468338,65092.02973530118
问题4-2_波动价,2025-11-13,72318.98941981644,72318.98941981644,0.0,0.0,6358.776043333337,2082.6591766666675,48445.53200761783,0.0,27229.68231541501,75675.21432303284
问题4-2_波动价,2025-11-14,35164.96793048663,35164.96793048663,0.0,0.0,4267.335556666666,8405.071210000004,14896.402959103738,0.0,13360.435274613332,28256.83823371707
问题4-2_波动价,2025-11-15,35555.06348519251,35555.06348519251,0.0,0.0,3480.3143766666653,7213.516,15296.618339187953,0.0,11199.457729504997,26496.07606869295
问题4-2_波动价,2025-11-16,75001.95422119653,75001.95422119653,0.0,0.0,6067.062583333333,2223.292293333335,49847.7182017563,0.0,28365.186077205002,78212.9042789613
问题4-2_波动价,2025-11-17,75964.35010754595,75964.35010754595,0.0,0.0,3908.4027899999987,2829.398370000001,50433.96894665828,0.0,19335.55121019833,69769.5201568566
问题4-2_波动价,2025-11-18,75523.91835876141,75523.91835876141,0.0,0.0,6023.7914,2477.4908000000005,50484.323586079394,0.0,26857.156222263333,77341.47980834273
问题4-2_波动价,2025-11-19,75515.23292282749,75515.23292282749,0.0,0.0,5138.419760000001,1087.620953333333,51180.429342577285,0.0,24286.729006210004,75467.15834878728
问题4-2_波动价,2025-11-20,74607.79502833998,74607.79502833998,0.0,0.0,5777.107923333334,1368.6322866666662,49592.45414388396,0.0,26404.288875038335,75996.7430189223
问题4-2_波动价,2025-11-21,35143.63849762298,35143.63849762298,0.0,0.0,3639.95019,6433.317826666666,14835.11766790702,0.0,11158.207621906668,25993.325289813685
问题4-2_波动价,2025-11-22,35387.79720953791,35387.79720953791,0.0,0.0,3342.875083333333,4762.732326666668,14868.904898206412,0.0,10517.806027036666,25386.71092524308
问题4-2_波动价,2025-11-23,76819.65818658861,76819.65818658861,0.0,0.0,4681.876966666667,1895.8247333333334,51662.88146942434,0.0,22669.207293463332,74332.08876288768
问题4-2_波动价,2025-11-24,78119.03303651308,78119.03303651308,0.0,0.0,2394.264289999999,1775.601363333333,52224.99294418881,0.0,11431.305264113329,63656.298208302134
问题4-2_波动价,2025-11-25,77001.18529763777,77001.18529763777,0.0,0.0,5010.833606666665,1375.850003333334,51252.065931778365,0.0,23067.195731568325,74319.2616633467
问题4-2_波动价,2025-11-26,77679.18884010758,77679.18884010758,0.0,0.0,5364.3183966666675,1567.8574800000001,52292.763429527135,0.0,24364.874961395006,76657.63839092215
问题4-2_波动价,2025-11-27,77948.02717748446,77948.02717748446,0.0,0.0,3810.723276666667,1572.114743333335,52680.56358775571,0.0,18148.71546544667,70829.27905320238
问题4-2_波动价,2025-11-28,35784.13242864115,35784.13242864115,0.0,0.0,2372.8569166666693,3625.3483733333337,14694.210648415617,0.0,7903.800933811673,22598.01158222729
问题4-2_波动价,2025-11-29,36100.94563492223,36100.94563492223,0.0,0.0,6415.01425,3558.8067733333332,14736.675372570924,0.0,20129.888948501666,34866.56432107259
问题4-2_波动价,2025-11-30,78919.81235689431,78919.81235689431,0.0,0.0,7012.576989999999,1277.4030433333342,53706.52839703681,0.0,32653.162126034993,86359.6905230718
问题4-2_波动价,2025-12-01,79202.13956813839,79202.13956813839,0.0,0.0,12004.253159999998,469.36117000000036,56594.52739218831,0.0,60042.568070808324,116637.09546299663
问题4-2_波动价,2025-12-02,79046.73235053227,79046.73235053227,0.0,0.0,14290.423863333332,302.90287999999987,56870.114171623,0.0,72710.33508175166,129580.44925337465
问题4-2_波动价,2025-12-03,79586.37620778395,79586.37620778395,0.0,0.0,12397.436563333333,550.7686499999998,57604.934346773654,0.0,58865.586557856666,116470.52090463032
问题4-2_波动价,2025-12-04,80130.75521713485,80130.75521713485,0.0,0.0,11360.537609999998,428.3944600000006,57858.77898850181,0.0,55703.96605961999,113562.7450481218
问题4-2_波动价,2025-12-05,36635.87303011748,36635.87303011748,0.0,0.0,9823.582243950616,1256.0259633333335,16210.371253527699,0.0,36937.24363224999,53147.61488577769
问题4-2_波动价,2025-12-06,36588.357253334965,36588.357253334965,0.0,0.0,11691.315233333331,784.8133799999986,16363.97790468526,0.0,40978.47898024333,57342.45688492859
问题4-2_波动价,2025-12-07,81347.18540501373,81347.18540501373,0.0,0.0,10971.05682,362.1678700000002,58874.120554917776,0.0,52429.18548487167,111303.30603978944
问题4-2_波动价,2025-12-08,81483.91839218246,81483.91839218246,0.0,0.0,11492.861036666669,658.8734933333335,58927.28824908015,0.0,56396.308720528345,115323.5969696085
问题4-2_波动价,2025-12-09,83091.01699409628,83091.01699409628,0.0,0.0,9319.783560000002,424.91672333333383,59539.31991832164,0.0,47969.24317913334,107508.56309745499
问题4-2_波动价,2025-12-10,83020.22285596911,83020.22285596911,0.0,0.0,10417.481433333332,622.4668133333336,60550.07683823704,0.0,50366.709770425005,110916.78660866205
问题4-2_波动价,2025-12-11,82859.02975308683,82859.02975308683,0.0,0.0,8146.56644,582.2877366666664,59131.52073320638,0.0,39652.48783898,98784.00857218637
问题4-2_波动价,2025-12-12,37480.67801492457,37480.67801492457,0.0,0.0,10806.54453666667,804.4762733333339,16483.809566213808,0.0,39312.278164076684,55796.08773029049
问题4-2_波动价,2025-12-13,38960.064024513595,38960.064024513595,0.0,0.0,9145.794593333332,568.3543033333333,17632.848750846762,0.0,36813.169849461665,54446.01860030842
问题4-2_波动价,2025-12-14,85532.61560130291,85532.61560130291,0.0,0.0,8411.834066666666,446.5304466666669,62851.11940679824,0.0,41708.19440680166,104559.3138135999
问题4-2_波动价,2025-12-15,87035.28553889757,87035.28553889757,0.0,0.0,7772.774553333332,694.8854233333338,64003.11957523783,0.0,38188.44919125166,102191.5687664895
问题4-2_波动价,2025-12-16,88149.47696677684,88149.47696677684,0.0,0.0,6462.060013333332,553.66716,64865.45749961564,0.0,31560.270447758332,96425.72794737396
问题4-2_波动价,2025-12-17,88250.43756655368,88250.43756655368,0.0,0.0,5233.78565,732.3765533333335,64959.1046446661,0.0,25242.891737765,90201.9963824311
问题4-2_波动价,2025-12-18,87087.68610328391,87087.68610328391,0.0,0.0,5467.524873333332,743.5538200000008,63541.62305439762,0.0,28613.76464909333,92155.38770349095
问题4-2_波动价,2025-12-19,41924.02032779787,41924.02032779787,0.0,0.0,5788.1444399999955,594.7911966666665,18310.6386853596,0.0,21468.782718851653,39779.42140421126
问题4-2_波动价,2025-12-20,44600.59783929594,44600.59783929594,0.0,0.0,3340.4443433333317,952.6138533333341,19628.171039363315,0.0,13597.543007534994,33225.714046898305
问题4-2_波动价,2025-12-21,90008.41533695972,90008.41533695972,0.0,0.0,4554.118133333332,964.7535766666668,66522.6017051506,0.0,21458.144655734992,87980.7463608856
问题4-2_波动价,2025-12-22,91381.71301510652,91381.71301510652,0.0,0.0,2970.5884400000014,854.8774866666661,68494.84694684453,0.0,14424.38356184001,82919.23050868454
问题4-2_波动价,2025-12-23,92191.42398098645,92191.42398098645,0.0,0.0,1581.0720066666636,1750.8227700000007,68633.57571447804,0.0,7006.406715764985,75639.98243024302
问题4-2_波动价,2025-12-24,91980.19980735793,91980.19980735793,0.0,0.0,2303.459466666667,1728.5019933333326,67720.45968891833,0.0,12422.13529463167,80142.59498355
问题4-2_波动价,2025-12-25,90264.75527269779,90264.75527269779,0.0,0.0,3476.274293333333,1404.9269433333347,67175.09113025528,0.0,15252.930265751666,82428.02139600695
问题4-2_波动价,2025-12-26,45817.59927839386,45817.59927839386,0.0,0.0,2576.31614,1322.619183333334,20481.310713295337,0.0,10079.520676201666,30560.831389497005
问题4-2_波动价,2025-12-27,47471.8339958636,47471.8339958636,0.0,0.0,1894.5525233333326,1540.7169399999998,20398.58806861547,0.0,7182.905971999998,27581.494040615467
问题4-2_波动价,2025-12-28,93147.5367173534,93147.5367173534,0.0,0.0,1453.5745666666662,2915.21228,68771.42420050943,0.0,6538.031507745,75309.45570825442
问题4-2_波动价,2025-12-29,93750.84258210851,93750.84258210851,0.0,0.0,1056.8707866666662,2486.499956666666,69415.79930536398,0.0,4392.316978874998,73808.11628423897
问题4-2_波动价,2025-12-30,93737.96628802038,93737.96628802038,0.0,0.0,519.7340299999988,3264.9338900000002,69005.2605428445,0.0,2303.8840567433267,71309.14459958783
问题4-2_波动价,2025-12-31,98571.73607454517,98571.73607454517,0.0,0.0,1954.7626133333324,1986.7428,71323.81009543281,0.0,10293.896570436658,81617.70666586947
问题4-3_波动价,2025-01-01,72496.33576274062,85486.3022444235,12989.966481682864,0.0,7679.338976863838,1907.5912222078555,54385.56021454229,19189.70386772676,35046.65631820025,108621.9204004693
问题4-3_波动价,2025-01-02,99075.36812655067,97650.12730121659,827.3878514774021,2252.6286768114933,2060.421738107431,1783.7414167717184,75948.9472652012,32.28577578131581,9081.643367268165,85062.87640825068
问题4-3_波动价,2025-01-03,96312.15572936286,69525.53743230451,0.0,26786.618297058347,3094.224813695857,22778.884700334012,57048.690462313345,-10266.84071289668,15044.983733328692,61826.83348274536
问题4-3_波动价,2025-01-04,93225.66440109935,69215.51036041803,0.0,24010.154040681322,3854.190239770797,23741.56588845119,53444.76907889267,-8951.1349311581,18280.55029509798,62774.18444283255
问题4-3_波动价,2025-01-05,71882.49942800292,85385.58800470644,13503.088576703525,0.0,12321.419670108102,2067.7949778472066,50142.06523139383,20175.91625912323,61125.46713396899,131443.44862448605
问题4-3_波动价,2025-01-06,93751.40024560606,95193.29289484055,1647.6603985795264,205.7677493450352,1731.1848228325084,1504.7582502563137,71438.08595106681,2679.178887123485,6957.415069791918,81074.67990798221
问题4-3_波动价,2025-01-07,92318.44087885857,97741.96771774556,5423.526838886981,0.0,1593.613180759043,1794.7846226681072,69566.11723874202,8039.574306131325,7014.273631875446,84619.9651767488
问题4-3_波动价,2025-01-08,100428.0832377769,94008.09765035924,82.00817371286496,6501.9937611305195,1852.9589790218245,1564.3233956992613,76584.44680576085,-2802.7115741014845,7567.743637413618,81349.47886907298
问题4-3_波动价,2025-01-09,93987.32872500512,95162.025543162,1541.9254569038758,367.2286387470033,2409.4459152117734,1297.9864924481958,70559.77067636301,2171.654229179336,10272.100424348822,83003.52532989117
问题4-3_波动价,2025-01-10,100411.18737990902,68505.89458825924,6.757309608981693e-14,31905.29279164979,3562.665262884158,21839.832110687665,58419.45202284459,-12039.94625639338,17125.377451316934,63504.88321776815
问题4-3_波动价,2025-01-11,93595.56245875341,67032.86228079537,0.0,26562.700177958035,4419.347443280778,22080.8647521325,54220.247918572146,-9838.084678192152,20519.013663478745,64901.17690385874
问题4-3_波动价,2025-01-12,94960.86203758778,96791.55587984937,3110.339921405443,1279.6460791438437,1778.5570965792472,2869.854562736578,72083.01400432349,4448.573284879034,6890.75025194521,83422.33754114773
问题4-3_波动价,2025-01-13,95323.71526025904,94368.26703699773,227.62654597485397,1183.0747692361606,1756.089585117996,2889.554364490624,71788.92244219949,-271.1089526978981,7087.3126011584,78605.12609066
问题4-3_波动价,2025-01-14,93677.01387385999,93640.66923404869,336.1638899569183,372.50852976822694,2026.1807480077114,1451.9206232574456,69963.56690472938,382.28806482108513,8015.075890069249,78360.93085961971
问题4-3_波动价,2025-01-15,90260.67160056521,94673.56633829512,4412.894737729904,0.0,1663.4989181046658,1404.7282116268677,67348.08338810944,6325.252635382009,7924.834946662448,81598.1709701539
问题4-3_波动价,2025-01-16,90045.22961042626,92533.95691909309,2527.812047585451,39.084738918622065,2429.9342914474105,1093.9305946808224,66511.35436041799,3761.406994061962,11465.555499073009,81738.31685355295
问题4-3_波动价,2025-01-17,92976.48968285676,67171.42989830495,1.7053025658242404e-13,25805.059784551795,4151.794847148198,24059.09382857472,53125.673452128576,-9551.471646316188,20016.065578632686,63590.26738444507
问题4-3_波动价,2025-01-18,95960.13410886104,66585.76538983855,5.684341886080802e-14,29374.368719022485,4196.167580179371,23218.30271447082,55208.87060108018,-10683.93585347099,18883.383798270235,63408.31854587943
问题4-3_波动价,2025-01-19,89032.60876042003,93573.70203334541,4557.012317008945,15.919044083560948,1528.7464414835717,1383.8764687385801,65841.44255311169,6475.467500204024,6812.395561514436,79129.30561483014
问题4-3_波动价,2025-01-20,89264.29834006033,91474.3269681003,2298.091597592226,88.06296955225343,2047.6758768469158,860.0565386813802,66233.44980120595,3177.1863547709268,9454.78365273449,78865.41980871136
问题4-3_波动价,2025-01-21,89759.16764058464,88993.14620939949,120.46641899055362,886.4878501756973,1284.9963096445395,2176.215683202503,65107.71203427397,-137.6746877328866,5206.135363050442,70176.17270959153
问题4-3_波动价,2025-01-22,95001.62281333393,94646.5986182625,512.6697692288197,867.6939643002554,1326.327818222217,2250.077795880996,70907.58508468227,472.18716001079366,6045.373071527373,77425.14531622044
问题4-3_波动价,2025-01-23,92063.26920956268,94594.3421331754,2632.8318139228177,101.75889031009524,1540.825074929436,1701.8393839863056,68875.59935066843,4306.088967503866,6881.528583063962,80063.21690123627
问题4-3_波动价,2025-01-24,43420.14031702302,44373.00207273604,1440.9516584585251,488.089902745505,1741.4877636558663,1669.758069938291,19115.262139439583,667.5069471418315,6403.187659267361,26185.956745848776
问题4-3_波动价,2025-01-25,42542.42861555443,44512.34597454011,2573.0062218647868,603.0888628791117,1089.182582398109,2851.1411079056934,18533.98129945595,1386.1397328453336,4544.629501080853,24464.750533382135
问题4-3_波动价,2025-01-26,98322.96124562623,94614.4900878043,86.20810014140204,3794.679257963322,924.6667286475518,2847.8840084478024,73970.40374122372,-1561.7943079631048,3899.708186490851,76308.31761975147
问题4-3_波动价,2025-01-27,87242.63272867921,89051.84066273627,1981.855486002547,172.64755194547635,1581.185316456495,2004.897795747772,63048.53201179661,2709.6146867422763,7239.470171620638,72997.61687015953
问题4-3_波动价,2025-01-28,93485.80545442464,91885.02925915256,281.3087656215872,1882.0849608936676,1641.1073787729058,1612.1777293527996,67882.12505192222,-242.7544048511946,7354.606109919865,74993.9767569909
问题4-3_波动价,2025-01-29,86207.94479613038,86866.48738996433,1505.3254192392135,846.7828254052738,1475.0329050323367,2437.623877495591,60678.27626103699,1699.9009359044878,7109.078403984765,69487.25560092625
问题4-3_波动价,2025-01-30,86946.53428361958,90133.86996750579,3391.9311523342603,204.59546844805112,917.0179710002194,2471.2871975620033,62394.79471900319,4240.621813294757,4632.616392615133,71268.03292491309
问题4-3_波动价,2025-01-31,42159.56698273812,44205.251363531876,2077.5934048842373,31.90902409048283,1293.379301423162,2481.138052913852,18387.289562901646,1336.6808795503996,4851.567205726093,24575.53764817814
问题4-3_波动价,2025-02-01,43866.58089145814,41395.24303739283,3.503901086481262e-14,2471.337854065316,1100.504922902111,3946.6552684883936,18420.143906536334,-763.367297954517,4179.175098084349,21835.951706666165
问题4-3_波动价,2025-02-02,89468.7996276508,85540.21176284958,0.0,3928.587864801229,668.8738780053309,3305.6194961072424,62063.87090939471,-1754.3287698152378,3398.2982014369927,63707.84034101647
问题4-3_波动价,2025-02-03,91604.98633262803,85719.13657625532,2.0361458452085207e-13,5885.849756372703,1504.495169956813,2605.050810516163,64947.20492392203,-2672.163111316653,7189.699366300211,69464.74117890559
问题4-3_波动价,2025-02-04,94296.77676821189,88174.45202727028,0.0,6122.324740941613,1283.4857593919119,3641.706893319777,67306.66619919555,-2778.352305163752,6102.064060350038,70630.37795438182
问题4-3_波动价,2025-02-05,89638.35999351216,88700.54312654058,731.7935265900604,1669.610393561648,576.3876333428589,3587.307047295912,63191.75876726544,15.134334197971981,3060.4414191263268,66267.33452058973
问题4-3_波动价,2025-02-06,95140.54483755595,87317.93002326376,0.0,7822.614814292188,932.9065018213537,3294.0731128996986,68057.18909403437,-3648.3398368481085,4722.518234882978,69131.36749206924
问题4-3_波动价,2025-02-07,45438.78641253887,40544.903317071534,0.0,4893.883095467336,725.7511491885451,5100.8335297233225,18640.219756881583,-1115.8055487089118,3270.5292369682443,20794.943445140918
问题4-3_波动价,2025-02-08,38841.72560855883,38643.17269095476,0.0,198.55291760406809,1063.5614486452373,4244.212916712456,15803.906694239371,-53.90789654034425,4190.309529392305,19940.30832709133
问题4-3_波动价,2025-02-09,90403.3763945202,87770.92027060072,121.65181734958446,2754.1079412690538,668.2742590702821,4406.921359667444,63542.578697788595,-1153.4361828868898,3549.292378809047,65938.43489371076
问题4-3_波动价,2025-02-10,86012.86493569365,80862.19081709678,0.0,5150.6741185968685,958.8647822338721,2899.562383638526,58026.30201669157,-2267.5111302119294,4643.011245956431,60401.802132436074
问题4-3_波动价,2025-02-11,86986.37139509876,80164.21356467952,0.0,6822.157830419238,1465.4996658018254,2086.9660513747567,59645.12645836048,-3050.5346668479074,7495.134515014623,64089.72630652719
问题4-3_波动价,2025-02-12,87393.07394431377,80517.231450867,0.0,6875.842493446773,1390.442319356649,2234.2940283137286,59382.58424977316,-2938.83133587225,7211.3316589017595,63655.08457280267
问题4-3_波动价,2025-02-13,82589.269800124,78137.24593853108,0.0,4452.023861592922,832.035414228157,3014.3886938684445,54685.02281681321,-1853.719027557004,4368.806789100265,57200.11057835647
问题4-3_波动价,2025-02-14,38701.87418306081,38803.77386472503,274.6624014959417,172.76271983172546,808.6819738193999,6062.734020713334,15590.459282282854,231.89067134915155,3309.430983975716,19131.78093760772
问题4-3_波动价,2025-02-15,39410.679727689145,37356.9297009997,0.0,2053.7500266894385,1263.4129879981488,5675.887429054661,16573.287127826858,-534.1032176577954,4638.312925974172,20677.496836143233
问题4-3_波动价,2025-02-16,88249.85487645623,79889.44479417613,0.0,8360.4100822801,2012.321977530752,1846.5119674543696,60089.95734056216,-3610.8520236689037,9637.25129100525,66116.3566078985
问题4-3_波动价,2025-02-17,87708.39910479794,76605.80967249311,0.0,11102.58943230483,1597.7467914794934,2651.232915984793,59121.070267542294,-4500.157207061677,7627.728329546535,62248.64139002715
问题4-3_波动价,2025-02-18,78510.93464435857,79060.7664300555,606.5820193577174,56.75023366077241,1255.1858824945657,3854.755460350562,51484.12657060748,586.8072702045285,5948.143031831592,58019.0768726436
问题4-3_波动价,2025-02-19,79531.85515617635,78108.26288784404,532.7032157119547,1956.2954840442626,1661.7867512049856,2099.966223013096,52146.1225830532,-345.64696653791003,7838.245399531239,59638.72101604653
问题4-3_波动价,2025-02-20,82723.08858217705,77607.21016069263,0.0,5115.878421484432,1017.6453560018815,3175.1129404487383,55191.27187863196,-2076.878867329518,5133.456947357176,58247.849958659615
问题4-3_波动价,2025-02-21,36788.19481184027,36398.557558909306,0.0,389.6372529309707,980.987412264655,7929.675582365277,14902.475686653068,-134.6890430379623,3626.8740202867816,18394.660663901886
问题4-3_波动价,2025-02-22,36806.709746592096,36281.078992332325,0.0,525.6307542597709,1043.6177448875296,5716.5587054310045,15202.198112172286,-167.01372684255048,4257.665763157314,19292.85014848705
问题4-3_波动价,2025-02-23,80731.55039569116,76512.96330922566,57.19077571025343,4275.7778621757525,1779.287284782603,2501.3053521772945,53240.82759902544,-1722.228276275313,7853.7225705775045,59372.32189332764
问题4-3_波动价,2025-02-24,77801.83993298245,75649.59248482148,0.0,2152.247448160971,1123.6314044713336,4316.8496706542155,51255.32055578401,-974.0770380085618,5937.097866369119,56218.34138414457
问题4-3_波动价,2025-02-25,79814.69607183407,71421.42655491513,0.0,8393.269516918943,1532.544413529702,2975.027297857765,51753.11717881223,-3298.808259987746,7100.551677590429,55554.86059641492
问题4-3_波动价,2025-02-26,73912.90899419924,74449.05927053126,909.6758259399412,373.52554960792816,1305.9129266872,2482.561560009109,47478.72606409149,780.7038562909935,6542.488213718903,54801.91813410139
问题4-3_波动价,2025-02-27,75225.79059727615,73003.34751860985,2.7997605940299763e-05,2222.4431066639127,1193.1052728818381,2903.2207723442525,47862.76216301009,-832.064244800238,6281.735899494433,53312.43381770428
问题4-3_波动价,2025-02-28,35235.04260610626,34526.789999906316,0.0,708.2526061999448,986.4744161516036,8647.789762698245,14095.987088938356,-253.65557266634877,3779.271445816894,17621.602962088902
问题4-3_波动价,2025-03-01,39608.783605998586,35722.429436483035,0.0,3886.3541695155536,876.03472472044,9340.289550776573,15483.749421925892,-783.5867825180113,3564.069200329965,18264.231839737848
问题4-3_波动价,2025-03-02,83962.79988114664,80383.18906549434,3.831154798755527e-13,3579.610815652296,1427.4199513107624,4355.500331962335,55036.923386398616,-1609.2180921501954,7184.701299532678,60612.406593781096
问题4-3_波动价,2025-03-03,85810.82375981563,77525.64014847214,178.04590359837928,8463.22951494186,1917.1117380930532,2832.2632576560613,56692.28850142018,-3182.9655365554545,9305.260387907047,62814.58335277177
问题4-3_波动价,2025-03-04,76603.86244651537,75068.2842061039,1.9757445268308843e-14,1535.5782404114784,2015.4519110556876,3435.914048437072,49437.45098989232,-741.1719740313779,9149.834392391698,57846.11340825264
问题4-3_波动价,2025-03-05,80522.02615019042,71846.97787186099,5.641809868392502e-13,8675.048278329417,2085.783637532667,3402.3174748787787,51058.62645797778,-3399.0727324912455,9764.602353874247,57424.15607936078
问题4-3_波动价,2025-03-06,76000.44617184237,72664.00795597958,0.0,3336.438215862778,1264.7917905750865,3493.103831474942,48090.3898251345,-1359.8341692980637,5982.902135518392,52713.45779135483
问题4-3_波动价,2025-03-07,35593.079062544464,33679.90244324043,0.0,1913.176619304035,2106.3312801704683,11516.575727840638,14232.444042249366,-610.6816058145308,6725.815564023105,20347.57800045794
问题4-3_波动价,2025-03-08,34042.73295216744,33660.741245092635,125.94721611849911,507.9389231933042,608.6770143204609,11562.191860036346,13269.389751899946,-52.7775190587885,2181.4429905065504,15398.055223347708
问题4-3_波动价,2025-03-09,78658.14169386045,69242.3398157044,0.0,9415.801878156053,1308.4488453662052,2852.5413065100383,49000.84814699637,-3278.317285275373,6125.8385979055165,51848.36945962651
问题4-3_波动价,2025-03-10,75791.76134507649,73643.15748961242,0.0,2148.603855464068,1975.7587076658194,3075.0813542636233,48429.2554500508,-895.9370385717835,8371.716831033715,55905.03524251273
问题4-3_波动价,2025-03-11,66802.91835209339,70198.54512165656,3500.1349049551923,104.50813539203637,1530.8517299527198,3543.8906383666595,41659.0320383748,3219.7043930469217,7214.275773685468,52093.01220510719
问题4-3_波动价,2025-03-12,76689.3556585754,67783.25810599404,0.0,8906.097552581354,1459.7341717673376,2509.7810098900145,47703.86584034271,-3170.426370753342,6581.951069050992,51115.390538640364
问题4-3_波动价,2025-03-13,76636.53863114241,73560.36490752758,0.0,3076.1737236148274,1355.8468748222374,3256.3242136688846,48850.333824019646,-1308.1076887430072,6671.581482982826,54213.80761825947
问题4-3_波动价,2025-03-14,33293.82468280172,33330.25838868652,94.92352804478793,58.489822159987966,1058.4219604800674,14645.767538165928,12312.477407537095,68.82414747661942,3679.290825927158,16060.592380940872
问题4-3_波动价,2025-03-15,32408.86748299228,32543.937139833502,149.26644876179205,14.19679192056725,1103.3520135097694,9203.067683698131,12554.343706847247,187.18259974967347,4071.709619139051,16813.23592573597
问题4-3_波动价,2025-03-16,72678.9428275124,69340.16514211152,0.0,3338.7776854008744,1384.251225263883,3044.500954426764,45291.56645230545,-1344.4157083386553,6005.771546726291,49952.92229069309
问题4-3_波动价,2025-03-17,68344.62783082364,62251.809350025935,159.05564933336723,6251.87413013107,2033.6894169896564,2371.1408577666703,40495.56292215358,-1325.8982881888837,8796.098983862474,47965.76361782717
问题4-3_波动价,2025-03-18,76803.84131219078,67561.45868930321,0.0,9242.382622887566,1070.965994087704,3277.536529492655,47742.60066204123,-3457.7354935432036,5108.369099864264,49393.23426836229
问题4-3_波动价,2025-03-19,63683.30133306281,65557.20984473359,1903.2727131404747,29.36420146968885,1465.4127103537612,3172.0430984748987,38610.52387439438,1495.4089551568277,6012.797044726181,46118.729874277386
问题4-3_波动价,2025-03-20,71946.0166795477,65647.04605349086,0.0,6298.9706260568355,2761.196559941767,1944.6664512668622,44538.45630254326,-2220.610863243095,11778.663877335071,54096.50931663524
问题4-3_波动价,2025-03-21,31203.492036364376,30595.396915512778,0.0,608.0951208515974,1413.0714723770802,16602.59738996876,11797.118878459622,-206.95266775039525,5192.819325580671,16782.985536289896
问题4-3_波动价,2025-03-22,31976.740075164616,31307.37583450774,0.0,669.3642406568758,1324.3814364850894,13242.325808373489,12144.399142715076,-225.79585516250776,3776.744725023191,15695.34801257576
问题4-3_波动价,2025-03-23,72657.53183141901,65790.5282673102,38.322756448368466,6905.326320557176,1013.8804753472727,3723.5597987746814,44098.538215351495,-2446.185004439163,4830.787914974841,46483.141125887174
问题4-3_波动价,2025-03-24,68674.59589171108,64058.815634765255,232.49920762077278,4848.279464566597,1331.7792194440024,2924.163950686595,41075.68483288349,-1127.0187579293429,5322.402592502659,45271.068667456806
问题4-3_波动价,2025-03-25,75678.83455566727,65562.25297707558,134.23094714777585,10250.812525739477,1530.512107641658,1927.2217858077038,46203.59700797824,-3306.7667115381173,6525.609872819795,49422.44016925991
问题4-3_波动价,2025-03-26,65462.973310646084,61860.86459143249,444.589833967169,4046.698553180766,1050.8319780272514,3118.6403421963487,39373.41298768098,-769.7768778071428,4242.334716502254,42845.9708263761
问题4-3_波动价,2025-03-27,69429.6292900045,63197.48306588823,0.0,6232.146224116265,1896.5066643349517,2139.589982809412,41764.09013292414,-2089.28270588663,8134.270517308757,47809.07794434627
问题4-3_波动价,2025-03-28,31120.748187568788,30440.83097313756,0.0,679.9172144312313,1205.0680164405762,17559.82105918646,11784.312686057943,-242.98378815718692,4558.724024283334,16100.052922184092
问题4-3_波动价,2025-03-29,29101.24323479884,29299.314408848055,198.0711740492152,0.0,996.3752609603828,19577.667434781637,11100.824465889038,205.3541099122006,3620.9072984264144,14927.085874227654
问题4-3_波动价,2025-03-30,67482.86878960721,59034.35963236734,3.1470689246029906,8451.656226164474,2284.7035994728785,1651.485510019242,39321.81703774567,-2410.603919662754,9851.330709272774,46762.543827355694
问题4-3_波动价,2025-03-31,58509.444103599926,61511.39592434919,3033.38344853686,31.431627787593072,1660.0947095343934,1964.1064767047205,34944.10360193053,2139.1983861370663,7217.136877412704,44300.438865480304
问题4-3_波动价,2025-04-01,71181.22241808202,65552.19829326797,39.15156016922123,5668.175684983262,1337.3445987719385,2683.4573942946668,43284.52850775827,-1770.049398260226,6027.512522722238,47541.99163222028
问题4-3_波动价,2025-04-02,67733.28521972764,66302.19687716944,0.35450780953726735,1431.4428503677407,1341.8949018667488,3030.8853246102035,40725.81212697925,-446.20693031376135,6242.268375390009,46521.8735720555
问题4-3_波动价,2025-04-03,68848.71328997535,61762.064178254404,13.640222067962554,7100.289333788906,1151.8952259825983,2660.5248760687823,41818.02178282545,-2364.500605750412,4646.369399642016,44099.89057671706
问题4-3_波动价,2025-04-04,28219.786004620088,28023.871829177642,0.0,195.9141754424454,716.8264485832415,19420.3025164754,10640.350338701588,-76.19916351180753,2704.341384085215,13268.492559274995
问题4-3_波动价,2025-04-05,27442.665511022402,27494.932781867203,230.82965242390645,178.56238157910616,2980.2833105489967,15556.829273617474,10499.453544884547,142.9000494672995,9522.30663856896,20164.660232920807
问题4-3_波动价,2025-04-06,64260.042667822236,59888.68427800871,446.65506903184814,4818.013458845377,1083.0453637384944,2484.661802817537,37887.10208747113,-703.7783359554111,4818.909887026709,42002.23363854243
问题4-3_波动价,2025-04-07,56661.41598646252,57283.579867338136,1012.2843014528461,390.1204205772296,1650.676452654299,1539.645954319167,33174.638594497366,957.1858058417432,7307.029618611008,41438.854018950115
问题4-3_波动价,2025-04-08,65335.68554531215,59004.58308186821,97.75614593827599,6428.858609382225,1753.544431121746,2220.968968528216,38489.76728742,-1716.961599337732,7778.206188237774,44551.011876320044
问题4-3_波动价,2025-04-09,63815.77713776129,64280.20204334426,850.4603202826482,386.0354146996808,1343.749373063391,2249.646768465939,37718.69658344988,549.8940252046483,5743.302716073781,44011.893324728306
问题4-3_波动价,2025-04-10,61720.86155867553,59439.51084283341,391.97343037897866,2673.3241462211017,1798.078356910565,2865.895163338084,37008.48878328849,-810.4744319240101,8291.451394078924,44489.465745443405
问题4-3_波动价,2025-04-11,26502.25955175019,26946.72459200305,446.91606556899256,2.4510253161303694,1723.9872164058593,20205.098553062475,9838.571523338169,398.5608279546442,5510.782664139194,15747.915015432009
问题4-3_波动价,2025-04-12,27882.14983895945,27249.121817771866,0.0,633.0280211875828,1163.0096680945844,16127.618519554122,10112.205334416098,-192.89316613431276,3748.467202686823,13667.779370968608
问题4-3_波动价,2025-04-13,58975.30231982329,58295.08355076734,449.40623209527627,1129.6250011512227,1738.2495971845146,1657.644816259692,34894.40818259829,124.58367651725197,7415.331758419381,42434.32361753492
问题4-3_波动价,2025-04-14,62299.77508967047,54778.25050955743,4.580030354179598,7526.104610467215,3052.1554407831127,1274.2690506465383,36718.67219797314,-2421.7404428178347,11977.528621691494,46274.4603768468
问题4-3_波动价,2025-04-15,53855.28736656541,54627.497879665614,1054.8665579888157,282.65604488861254,1791.881303815424,2227.411173155749,31192.030920710597,1108.3550887468273,7904.429566878893,40204.81557633632
问题4-3_波动价,2025-04-16,60264.03862984462,58781.278725114156,799.8684620684186,2282.6283667988755,2067.3828692809575,1354.92808881872,35288.28963035363,362.1891107405499,8656.321263608414,44306.8000047026
问题4-3_波动价,2025-04-17,53703.698291953035,56448.68301877494,2870.858524511634,125.87379768973284,1958.7067733482886,1809.475965299059,32202.98289881541,2085.87924279856,8994.945676420977,43283.80781803495
问题4-3_波动价,2025-04-18,26188.8601924611,25832.754556609227,174.601111120289,530.7067469721594,2124.9750863741046,18626.386553304026,9797.887809437912,-31.57751147191524,7102.978054237878,16869.288352203876
问题4-3_波动价,2025-04-19,26022.71545180969,26040.920503784102,392.4744106616122,374.26935868720017,1322.8085107899037,17603.961483736726,9612.907076233903,223.06417476577533,4535.513771360424,14371.485022360102
问题4-3_波动价,2025-04-20,55075.16214541243,56241.83672536081,1725.0991932745255,558.4246133261552,1718.5449086552799,2022.5201551819982,32551.470896327843,1195.5020007543974,6916.50628749275,40663.47918457499
问题4-3_波动价,2025-04-21,58367.92233549651,53372.084376612765,5.992551108185921,5001.830509991929,2188.558197850386,3434.661902698497,33599.45828176479,-1245.5774126269112,8803.298606308255,41157.17947544614
问题4-3_波动价,2025-04-22,52946.76912558119,55411.74563049952,2652.007618531041,187.0311136127085,2385.2944826072526,1856.7087111962098,31113.03732055845,2180.4837885088045,9923.320101975072,43216.84121104233
问题4-3_波动价,2025-04-23,50875.079110100065,56140.90213087832,5347.914067428637,82.09104665038149,1548.5413098239228,2373.5780858533044,30330.287922761785,4219.049794530297,5919.918391479912,40469.256108771995
问题4-3_波动价,2025-04-24,51957.78389344599,54573.60803058828,2687.0239592863927,71.19982214409998,1643.3898189860051,5402.35213641633,30816.937223482066,2169.5943543368894,6703.338284914484,39689.86986273344
问题4-3_波动价,2025-04-25,25614.184422843813,25452.27784950134,284.4727522759507,446.3793256184256,1057.6963709519648,21397.7009227714,9209.20689337903,78.84064419867009,3402.5476128783644,12690.595150456065
问题4-3_波动价,2025-04-26,25599.213399378605,25527.616435045158,319.04932734848364,390.6462916819285,1409.9153483116474,23656.461675157123,9213.243536384722,140.2664206801014,4994.060495416862,14347.570452481685
问题4-3_波动价,2025-04-27,50481.5929838813,53608.25228966653,3126.6593057852288,0.0,1925.9819765076509,3386.921226984183,29748.822026428752,2651.5821604614,7856.9421016137485,40257.3462885039
问题4-3_波动价,2025-04-28,60718.37853204751,60960.449305471375,1972.3037767832714,1730.2330033593996,1385.6958824336998,2125.068379910392,35626.94698769825,1372.447458039895,6167.590330110544,43166.98477584869
问题4-3_波动价,2025-04-29,51142.02897794877,51705.84861067903,1927.6766110344015,1363.8569783041453,1405.2039428603287,2083.276471087719,29639.570156454756,1912.7602686686678,6229.098136081247,37781.42856120467
问题4-3_波动价,2025-04-30,49180.71351056979,49633.379367838235,679.6597849049484,226.99392763650235,3212.483107704331,1172.742784344829,29129.3349331437,580.3515185947393,12168.242297942164,41877.9287496806
问题4-3_波动价,2025-05-01,51318.82245484629,54839.74168519687,3520.9192303505783,0.0,3758.2863208258045,3853.3647728348255,31079.248941450405,3496.9230928913407,16758.103456584828,51334.27549092657
问题4-3_波动价,2025-05-02,26572.838376631014,27313.721836396373,862.2188622839943,121.33540251863297,2701.7943615589975,12590.196417602485,10317.172854814664,799.3007262688925,9661.569533856271,20778.04311493983
问题4-3_波动价,2025-05-03,25779.12850551611,26697.66643613804,918.5379306219314,0.0,2429.8286055008375,17224.589073283983,9601.31491472319,924.018252412286,9569.386455847069,20094.719622982546
问题4-3_波动价,2025-05-04,54827.567125603055,52845.02700226331,1003.4189865746096,2985.9591099143495,5200.730702568713,2964.6966195497575,32784.91997269504,652.6172023485299,20766.080254533015,54203.61742957658
问题4-3_波动价,2025-05-05,56283.6413747188,57025.7834106696,901.0645342196441,158.922498268842,3449.3046756532913,1451.7672874338755,34031.12410275912,1232.8037339320547,15132.363064919691,50396.29090161086
问题4-3_波动价,2025-05-06,49355.107735749865,53864.15633589207,4509.0486001422005,0.0,3901.757026402015,1305.574969698038,30161.249219264446,4819.294325521469,16355.276086178439,51335.81963096435
问题4-3_波动价,2025-05-07,52081.972120491424,57018.71047360311,4936.738353111686,0.0,3152.4922423596354,1444.9208914489757,32126.888369395852,4411.86158386445,14182.411550356199,50721.1615036165
问题4-3_波动价,2025-05-08,57532.573352878164,57372.64077367954,1295.8239317636874,1455.7565109623188,3625.5765941071804,1486.6084891213263,33530.39162585882,1378.863800971052,16629.716781701958,51538.97220853183
问题4-3_波动价,2025-05-09,24544.318735030167,26223.800546386483,1679.4818113563147,0.0,2696.822643212518,17761.238195205307,9243.578438986578,1699.7740185812183,9362.067049800677,20305.41950736847
问题4-3_波动价,2025-05-10,25072.215433865134,26071.6734621451,999.458028279968,0.0,3119.6245064233904,14075.97981668077,9304.89779323444,1011.5020572732049,11273.611322740564,21590.01117324821
问题4-3_波动价,2025-05-11,55367.7728709057,56251.45493919214,1729.1284339096408,845.4463656232008,3881.154124752532,797.1473457924806,32276.351659450207,2287.0675349715416,17057.759949809308,51621.17914423106
问题4-3_波动价,2025-05-12,47341.65726808549,54032.771316957456,6691.114048871969,0.0,2679.0515441912175,1547.9306980266197,28641.63351717,6606.281541984908,12064.29920492419,47312.2142640791
问题4-3_波动价,2025-05-13,57602.27678065221,55273.45864992622,2247.118368786298,4575.936499512287,3142.5530026039987,1534.3390323312476,32838.150236376525,1956.3938778602724,14586.027063675729,49380.57117791253
问题4-3_波动价,2025-05-14,54484.87379068478,55270.831042358775,2912.926298607865,2126.9690469338684,3011.1818621508787,1800.871397731403,32272.711783872684,1994.2112128679382,13607.269286374643,47874.19228311526
问题4-3_波动价,2025-05-15,53503.77983080094,55270.493366943585,2765.3103387650517,998.5968026223984,2769.683589540345,1401.055820109256,32820.737647942304,1998.9091697471783,11722.80774207818,46542.454559767655
问题4-3_波动价,2025-05-16,24560.76079605143,25169.0787812014,924.0441327207157,315.72614757074416,2716.7637606972103,22311.88042875217,9144.291862292308,805.8808498324971,9269.442377512649,19219.615089637457
问题4-3_波动价,2025-05-17,24268.747351100286,25357.075218171372,1137.1329873032155,48.80512023213049,3088.937952928615,15199.659024025783,9019.707157442683,1125.6881137165708,11543.455098168039,21688.85036932729
问题4-3_波动价,2025-05-18,58258.1758258566,56587.16682732361,456.65134872635014,2127.660347259341,3063.247946754283,2272.676091469338,33869.43935292082,35.717024039607935,12718.58046785008,46623.73684481051
问题4-3_波动价,2025-05-19,51818.883442755236,50830.76548826513,1275.331087658998,2263.449042149098,2485.3184187035768,2189.0897693096476,30025.417695300333,1316.2144693083324,12165.202650051406,43506.83481466007
问题4-3_波动价,2025-05-20,51249.48046024565,55700.28699185153,4509.325326976955,58.51879537107732,3481.837681122159,1158.0733682972214,29986.15302380164,3783.5096547188473,16133.705703534306,49903.368382054796
问题4-3_波动价,2025-05-21,47927.61379797279,53917.63212357666,5998.64741102054,8.629085416667294,2962.4186264378673,2095.4439238358673,29185.22221312462,5142.875353408251,13447.879364179105,47775.97693071198
问题4-3_波动价,2025-05-22,51214.96547213395,52787.06907368989,1572.103612439821,1.0883873869715899e-05,3056.5583497892694,1683.2191024792032,30895.065198662553,1066.490488404115,13574.475479874625,45536.03116694129
问题4-3_波动价,2025-05-23,24339.907068944536,25436.31483004748,1096.4077611029402,0.0,1962.641964284217,18046.02278045159,8906.185351348564,1030.1088590388922,7639.260322494552,17575.554532882008
问题4-3_波动价,2025-05-24,24258.885462831906,24157.877521161226,215.0425582757592,316.05049994643764,2506.508590442346,20317.63868444756,9357.180457451153,71.15841041499642,10132.501653485457,19560.840521351605
问题4-3_波动价,2025-05-25,52411.25443501065,52933.38592483998,1528.9807658165523,1006.8492759872199,2802.3580925659744,3467.567873355931,30471.19975666439,1645.39770063787,12718.260935238048,44834.85839254031
问题4-3_波动价,2025-05-26,50302.74748919608,59009.80480857264,8777.633624212733,70.57630483617368,2354.831715665167,2999.471249233864,29763.524148556455,7607.659759888489,10737.44246746289,48108.626375907836
问题4-3_波动价,2025-05-27,48207.98350423851,52087.880044114776,3998.608556565723,118.71201668945895,3345.497158481441,2352.2049420580984,28859.747305724726,2786.169387800266,15711.657815400153,47357.57450892514
问题4-3_波动价,2025-05-28,55115.78629924175,56188.044545421006,1133.2711218603956,61.01287568113696,2059.293154812538,2219.501290579742,32146.49369086762,1500.14320638714,8937.02502876912,42583.66192602388
问题4-3_波动价,2025-05-29,54069.67982467423,58675.311767292995,4605.631952886379,1.0267617199133383e-05,2320.159092242934,3124.010909366546,32008.783008312188,4288.96029929393,10357.337257368406,46655.08056497452
问题4-3_波动价,2025-05-30,25167.403571216495,25930.97881461619,763.5752433996968,0.0,2056.561717950017,18425.721574482537,9642.709510473316,756.7908593556857,6373.445332556401,16772.945702385405
问题4-3_波动价,2025-05-31,27633.042870868332,26494.79793685077,0.0003278687651686596,1138.2452618863272,2205.880315593673,16734.05837712898,9950.926144092855,-351.03186547083914,8463.010205475206,18062.90448409722
问题4-3_波动价,2025-06-01,69299.08123822772,69232.52990050614,2257.8040449026066,2324.355382624188,7543.8957037520695,1858.945025865679,45533.33512207006,2620.734093157608,31543.191817047777,79697.26103227545
问题4-3_波动价,2025-06-02,71078.64037133518,65715.32673567129,2839.868406407031,8203.18204207092,7585.03411724717,571.60768212831,45919.17719293538,1688.4102758056351,30779.973452689068,78387.56092143008
问题4-3_波动价,2025-06-03,64937.47205200506,68895.61380077226,4387.085389004601,428.943640237391,6285.930312105046,2700.881551700158,41152.20381261745,6193.733412553471,24901.706160861722,72247.64338603265
问题4-3_波动价,2025-06-04,75659.40269232808,69048.40353928156,2301.948234872342,8912.947387918863,6340.000369368986,1280.7279454325799,49247.47793718977,328.0714096726023,24697.915756251714,74273.46510311408
问题4-3_波动价,2025-06-05,64820.329613460664,69838.88313872932,5563.1690611873055,544.6155359186554,7151.028494282031,1653.7233690921953,41314.07816919661,7737.305836266425,28260.495939122677,77311.87994458571
问题4-3_波动价,2025-06-06,28315.895174520632,31693.21819796373,3377.3230234431003,0.0,7545.944010035286,5736.972765842867,12874.023177494288,4237.614624905754,24124.573497878275,41236.211300278315
问题4-3_波动价,2025-06-07,30151.71898404918,34477.78061334693,4865.001193186634,538.9395638888888,5814.114996389553,6228.444295774244,12794.495975237938,5147.078143123079,18021.410249341985,35962.984367703
问题4-3_波动价,2025-06-08,62816.55611884335,64070.21028815492,4310.189326974716,3056.5351576631433,6148.8429775283485,1399.8096589269267,39667.35502498619,5341.471345251833,23739.3343642956,68748.16073453362
问题4-3_波动价,2025-06-09,71615.11456358556,70330.46770947656,2506.073693549311,3790.7205476583163,6057.0047416914285,1336.4223825199124,47389.156258172814,2469.8318605791487,24967.970858691617,74826.95897744359
问题4-3_波动价,2025-06-10,65609.73487385998,70854.4565920224,5427.096116532246,182.37439836982003,6303.228330480619,1306.0910049992478,42394.06647491977,7164.424740103646,23942.31380263625,73500.80501765966
问题4-3_波动价,2025-06-11,71377.80435120259,76441.03285398989,5140.0907774490515,76.86227466176274,5479.8826837421275,1291.9652320482955,47204.13477843507,7007.062023039272,22336.0305513853,76547.22735285964
问题4-3_波动价,2025-06-12,69443.9210643376,71844.12412407633,2500.8939478879297,100.69088814920696,5728.213460876087,1025.3136950095884,45552.9127713302,3958.73811163361,24107.442003077376,73619.0928860412
问题4-3_波动价,2025-06-13,27857.3361447259,32151.380153666923,4294.044008941024,0.0,5375.012444870303,6446.790868029496,12201.970752303845,4593.038913432411,16005.014996533135,32800.024662269396
问题4-3_波动价,2025-06-14,28168.103375480445,30430.670975444795,2861.814950672156,599.2473507078091,6911.534351191391,8069.7550801271345,12670.628598772504,3540.7360241391298,21246.662271739333,37458.02689465097
问题4-3_波动价,2025-06-15,64137.20195590188,71518.95612690697,7435.205650181984,53.45147917689383,4205.094023556443,1109.743397498582,41792.57588212032,8529.171487540385,17242.14509430705,67563.89246396776
问题4-3_波动价,2025-06-16,67699.32383204938,72399.02169547667,4725.978806128117,26.280942700838978,5946.691680565364,1356.9325476120148,44479.81784544202,5792.4092500268125,25010.225410563875,75282.45250603271
问题4-3_波动价,2025-06-17,69492.16007799482,74757.77024250779,5295.011510386236,29.401345873269292,5326.9446238695455,1172.0023148063442,45880.60172065602,6716.51015063112,22190.567707427064,74787.6795787142
问题4-3_波动价,2025-06-18,70131.72330132271,72391.88060965396,4501.8930929068165,2241.7357845755614,4589.593012336804,2210.50686394532,46260.87054783198,5105.001843833595,18540.406234014976,69906.27862568056
问题4-3_波动价,2025-06-19,65962.8930736255,68604.51601613729,5553.00494126221,2911.381998750424,4941.8473143855235,1219.0901782008382,42261.53795285841,6468.008741775152,19944.265272448254,68673.81196708181
问题4-3_波动价,2025-06-20,28523.95262482125,29658.59835323243,1510.6603682375483,376.0146398263645,4509.049351853063,8894.402429173662,12783.761948707095,1863.2208309204045,13964.608168628094,28611.590948255594
问题4-3_波动价,2025-06-21,28547.60600957623,30084.817587637925,1626.993595792232,89.78201773053686,3416.7778795411364,11285.293940646648,12702.0917238266,1942.9663459509693,10247.179713640251,24892.237783417822
问题4-3_波动价,2025-06-22,64714.41379001636,66632.04865832317,3682.7047816003383,1765.0699132935347,5260.541428242775,596.8595005218039,41325.395079584705,4589.527848040328,21854.744483327388,67769.66741095242
问题4-3_波动价,2025-06-23,65673.04645832193,68038.92907764672,2410.71777371036,44.83515438556458,4835.217718492668,1798.7764116070398,42684.605723979475,3074.034751523327,20752.82032573701,66511.46080123981
问题4-3_波动价,2025-06-24,77157.97204746219,77033.54459669052,1339.3256750208193,1463.7531257924834,4479.460110460546,985.4460273819586,52613.25259023725,1513.754237278181,18118.052154484707,72245.05898200015
问题4-3_波动价,2025-06-25,67983.5688976956,71645.03553286528,3735.0413320213943,73.57469685172111,4286.822925641553,1720.7795563337609,43726.48278817109,4852.0232039375915,18829.679338281694,67408.18533039038
问题4-3_波动价,2025-06-26,65119.45028377453,69045.86556422607,3926.4152804515347,0.0,4441.787165426053,1898.7297888718656,41892.39329408452,4159.420590809231,17770.64213592053,63822.45602081428
问题4-3_波动价,2025-06-27,30272.781795999217,29885.58127808241,848.3079392094598,1235.5084571262707,4578.790861014785,12044.761461421922,13514.983771531337,708.9467497385294,14552.981733450071,28776.912254719937
问题4-3_波动价,2025-06-28,29242.548518425618,30551.613784519144,1481.0594854452347,171.9942193517063,2865.8651984136177,8980.553141862494,13452.172456635823,1669.8554655172352,8213.1423082134,23335.170230366457
问题4-3_波动价,2025-06-29,65613.76472249217,70963.96601023084,5445.716010473665,95.51472273500349,3566.096127493594,1366.3844888263006,42628.04320463537,6557.607087827068,14304.854928696148,63490.505221158586
问题4-3_波动价,2025-06-30,71562.54392845294,72112.01853603596,657.5264756377189,108.05186805469293,3672.3668072529485,1717.5767240212149,46443.88756889024,950.8866139105977,15038.972685311226,62433.746868112066
问题4-3_波动价,2025-07-01,61867.544997697325,74216.54886785023,12349.003870152903,0.0,10461.506978071193,1526.5748273511908,43450.156182041916,16318.72156604312,40159.75403330818,99928.63178139321
问题4-3_波动价,2025-07-02,57456.76106337072,66359.97942830318,8903.218364932452,0.0,10904.08744534618,733.9799755842126,42136.004623828674,10991.663080406657,43756.13465334404,96883.80235757938
问题4-3_波动价,2025-07-03,65921.67593313764,75259.71804263652,9338.042109498892,0.0,10320.240110932435,1972.6781356312908,47823.83279908705,12767.97610789965,41056.44064661497,101648.24955360168
问题4-3_波动价,2025-07-04,28442.349135421297,32832.46696832897,4390.117832907676,0.0,10182.065203318347,11522.191053360262,14747.400838359194,5928.690389498206,33025.689094576715,53701.78032243412
问题4-3_波动价,2025-07-05,29628.795599135192,34718.21364544615,5089.418046310961,0.0,10300.912874358733,13406.821364105703,14929.271097428991,6777.606428434092,31723.602024687643,53430.47955055073
问题4-3_波动价,2025-07-06,61489.95591114154,77776.8114434311,16286.855532289566,0.0,7541.622721343866,1413.8789853698088,45400.291291184076,19282.112902193214,29636.53187893757,94318.93607231486
问题4-3_波动价,2025-07-07,62143.68455225477,68405.43090956757,6261.746357312798,0.0,9300.451224320264,698.9327229185994,45172.90337005811,8598.293258981355,35938.830840220704,89710.02746926017
问题4-3_波动价,2025-07-08,66852.08903341198,71884.86614388328,6030.765817814024,997.9887073427253,8669.052303201937,857.9119352729997,47862.64992801512,9061.761707210697,35145.99330591198,92070.4049411378
问题4-3_波动价,2025-07-09,67041.51412169205,71452.3996706828,4457.792608776969,46.907059786217474,7892.478814976843,1319.0512241608412,47612.937673640525,7266.113100957915,31366.316627156222,86245.36740175467
问题4-3_波动价,2025-07-10,59673.667318497224,68175.56865461689,8501.901336119672,0.0,9187.850154594462,909.7124487477122,44044.79029549205,11370.196293179397,34715.819922075614,90130.80651074706
问题4-3_波动价,2025-07-11,31451.18069819007,34197.40137973812,3131.4154135939925,385.19473204594215,8699.986767104827,7920.478005860413,17117.178884114437,4108.754084645622,27304.8623599207,48530.79532868076
问题4-3_波动价,2025-07-12,30838.7951275612,36498.23488644304,5659.43975888184,0.0,6798.300370956592,9663.46057799318,16109.289388878778,6245.824910000438,20912.572942942163,43267.687241821375
问题4-3_波动价,2025-07-13,66539.11006429652,66168.23397269452,2475.625975263196,2846.5020668651896,7977.234188377876,1077.5384624293138,48101.62050626993,2945.85446521584,32340.921100436222,83388.39607192199
问题4-3_波动价,2025-07-14,62536.210347565226,68207.03163389162,5736.7607728511475,65.9394865247607,8290.776158447574,684.5861271324231,44330.20351049175,8474.032704134821,32765.800560617692,85570.03677524427
问题4-3_波动价,2025-07-15,66809.44406239284,67669.71155090342,2103.20736837759,1242.939879867004,9316.710125825226,420.7763716869903,47456.97929089998,3327.83940982621,38779.200640111405,89564.01934083759
问题4-3_波动价,2025-07-16,63735.154830255444,69619.36336114089,5884.208530885438,0.0,7619.460377027436,1188.5784490394499,47030.09820153477,7595.1052212382865,28337.250462356482,82962.45388512954
问题4-3_波动价,2025-07-17,61664.61508930174,69818.65663153914,8169.261449897974,15.219907660567742,7643.669349964128,804.9257121908768,44638.70148482484,10516.705476755513,30462.209655099385,85617.61661667973
问题4-3_波动价,2025-07-18,32758.282239237098,34316.39825970801,2605.5781652489363,1047.462144778022,8207.457232601264,8747.940934960761,17462.263413305034,3075.7357053795663,26114.92105276814,46652.92017145274
问题4-3_波动价,2025-07-19,34018.23255125476,36087.73799640066,3020.368515449752,950.8630703038523,6526.745203170353,12462.738104211672,18029.500365740205,3742.96314241143,20235.984358667123,42008.44786681876
问题4-3_波动价,2025-07-20,67897.19045055808,71236.17395525769,4192.7452217213195,853.761717021691,5983.9695371227635,1354.01966059708,47492.96460331195,6062.814789227801,23464.706603667677,77020.48599620743
问题4-3_波动价,2025-07-21,68507.18617608643,72511.18511057667,4269.100174948266,265.1012404580233,6701.617294755863,1192.9381165695122,49826.66422959471,5723.813066760151,25826.64831612293,81377.12561247779
问题4-3_波动价,2025-07-22,65950.63299417407,74422.06204858542,8471.42905441135,0.0,5843.1582585420765,2388.2980474145083,47752.28025092303,9134.002077226249,22311.878467399678,79198.16079554896
问题4-3_波动价,2025-07-23,76649.91836419061,72215.73983787929,1807.6078975663952,6241.786423877726,6963.635764885003,1021.7848801520416,54799.46824353643,1268.93476756774,28942.072568912645,85010.47558001682
问题4-3_波动价,2025-07-24,75641.96158472836,73446.59170962151,1556.9654795487568,3752.3353546555986,5142.7850221675035,1079.6301287507863,55094.95836449763,1438.4845474407716,19189.797448069145,75723.24036000755
问题4-3_波动价,2025-07-25,33418.63630242595,35023.47464170104,1728.4168939235824,123.57855464848922,5708.648760036364,11563.68714197918,18027.791237946298,2031.8911063581772,18689.30151030972,38748.9838546142
问题4-3_波动价,2025-07-26,34255.396476047295,37342.520181093845,3087.123705046549,0.0,4988.414352669869,10478.937976796804,17822.57437754841,3446.488550058056,16213.765666810961,37482.82859441743
问题4-3_波动价,2025-07-27,68914.61315957864,72898.49521141684,4424.056947154914,440.1748953167215,6246.297434171525,1331.832481974507,48988.5306773427,5809.909736535077,25300.19507990544,80098.63549378322
问题4-3_波动价,2025-07-28,71734.56997735983,77209.3676455712,5474.797668211378,0.0,6034.13672262166,1050.1369250856487,51308.41799757841,7375.709840594704,24386.403997379657,83070.53183555277
问题4-3_波动价,2025-07-29,71590.28176609435,79901.73219983382,8341.415513306152,29.965079566680743,3298.7523818612513,2917.8460907482663,52000.74719842007,8579.9391658122,14025.991592845503,74606.67795707777
问题4-3_波动价,2025-07-30,65045.240547641304,77426.54019664828,12381.299649006975,0.0,2892.5600377456344,2292.4983699283407,48384.16403705197,13324.708389520516,11844.51098191193,73553.38340848441
问题4-3_波动价,2025-07-31,69294.55799586857,77388.09288501974,8093.534889151166,0.0,3421.0097668510307,1927.6412620611045,50057.92371107388,9073.323511617207,14142.425065699881,73273.67228839097
问题4-3_波动价,2025-08-01,36510.92615548505,37281.35209960642,1549.4549778955438,779.0290337741776,3319.1676009097637,16495.473732441704,19880.33279355988,1653.2873982095336,10509.085059876561,32042.705251645973
问题4-3_波动价,2025-08-02,37433.107074365624,37438.2941938722,660.2159867854584,655.0288672788789,3838.663118463119,17493.67460740391,20164.679845145085,559.4516225046224,13833.80255703102,34557.934024680726
问题4-3_波动价,2025-08-03,60871.40770162041,62590.192166398854,1735.5090671272062,16.72460234876621,5204.219064827253,1244.5019263189465,44430.20603043618,2314.730580755449,22339.81703148406,69084.75364267569
问题4-3_波动价,2025-08-04,63975.525686225425,66705.43834606861,3133.5386116773752,403.6259518341933,3912.369013587147,1784.9336585964977,47399.91123719367,3403.7208082260404,16362.281480362977,67165.91352578269
问题4-3_波动价,2025-08-05,66118.19682678473,68836.46527978963,2862.781384960395,144.5129319554884,2437.398151116928,2367.924134629881,48729.13104108538,1920.206775402121,10893.89356235352,61543.23137884102
问题4-3_波动价,2025-08-06,73800.48005413881,71243.90436647357,680.2447181840379,3236.8204058492706,2967.2306983898034,2465.2265955877833,55390.164599951015,-890.2846343811151,13832.789149819351,68332.66911538925
问题4-3_波动价,2025-08-07,75429.79579986971,67976.18175554155,863.5389235158715,8317.152967844038,3082.6619382890076,4085.359616109449,52690.45028572177,-819.4305912538251,13659.75284551216,65530.7725399801
问题4-3_波动价,2025-08-08,38543.85244568447,38464.32368075507,96.64240291500789,176.17116784440407,1539.1021652459171,21418.073106710464,20620.010108625513,-0.4231707339797026,6101.693331563609,26721.28026945514
问题4-3_波动价,2025-08-09,38970.25943126678,38895.05272777953,86.79228221042457,161.99898569767072,1535.6629644219472,18433.738518788003,21211.042009991328,-24.025623745645547,5625.621450366028,26812.63783661171
问题4-3_波动价,2025-08-10,68899.54578548725,67352.60026441686,854.6565313594526,2401.6020524298365,2877.3052912225535,1527.8519636012281,51249.98706101137,-29.57006290391795,11696.62692792625,62917.04392603371
问题4-3_波动价,2025-08-11,67821.95749207013,69049.83173218436,1771.7482774520122,543.8740373377682,2421.3543411512105,2960.1594739618545,47757.874524226325,1776.4060292352567,11086.276548366794,60620.55710182838
问题4-3_波动价,2025-08-12,75616.21359431845,72871.60682712262,704.3330129275824,3448.939780123411,1561.6503568514572,3084.3065550599404,54245.2596314664,64.79971881126589,7432.719454365866,61742.77880464353
问题4-3_波动价,2025-08-13,67950.3103894882,70947.28707816747,3193.665395669809,196.688706990537,1850.4679726576087,3144.8400496318063,49216.61888230511,2796.833635015682,9302.90987242772,61316.362389748516
问题4-3_波动价,2025-08-14,69535.59672807725,71754.28088760078,2965.8142042784343,747.1300447549036,1754.5615198358773,3688.795471472253,51076.575105877375,1810.6526679877766,8435.037198886252,61322.2649727514
问题4-3_波动价,2025-08-15,40073.78898833516,38733.96332285111,300.62488198913763,1640.4505474731918,1730.6639594478982,20771.045982507854,22251.337330537834,-415.23390575977965,5923.741833018898,27759.84525779695
问题4-3_波动价,2025-08-16,42042.3972797658,38886.96320994096,334.618390665755,3490.0524604905922,1708.9520544496997,20547.65270982655,23338.573882271212,-1004.0533639897728,7576.070822505486,29910.591340786923
问题4-3_波动价,2025-08-17,73177.90365656266,69408.9141929411,355.72857544129363,4124.718039062847,2017.9278926936108,4467.1320238865965,51435.073554218856,-452.78882919060237,10047.217589383754,61029.50231441201
问题4-3_波动价,2025-08-18,70634.06892518984,69805.21576257562,850.3147982014937,1679.167960815712,1935.2372960801927,3357.4519630731997,51714.11596144445,-83.02446385665979,9212.559430129806,60843.650927717594
问题4-3_波动价,2025-08-19,70659.45095431745,69770.71728184301,142.2328260804593,1030.966498554898,1878.3946324748508,3666.254795876753,51645.75449524796,-544.3906744167222,10424.188941120443,61525.55276195168
问题4-3_波动价,2025-08-20,79606.85789723467,74930.50560817428,515.5970748578432,5191.949363918233,2175.495573802244,2358.1100730011167,56622.91125557586,-1032.612841581585,10790.520811653121,66380.8192256474
问题4-3_波动价,2025-08-21,75273.09404187674,70642.97139395069,0.0,4630.122647926053,1771.3821625189062,2854.353377657334,53572.61352231184,-1555.8461201918383,9187.676538891907,61204.44394101191
问题4-3_波动价,2025-08-22,40499.80424000306,39456.02868738122,250.70937805668314,1294.4849306785209,1827.3041061187541,17395.25261377885,22596.078879275054,-302.3154782746154,7484.756997434179,29778.520398434615
问题4-3_波动价,2025-08-23,39817.65436669251,39907.474580970425,656.7900955962505,566.9698813183425,1393.4864286059344,15969.168881659905,21424.08441553178,413.2972317376699,5343.981561533037,27181.363208802486
问题4-3_波动价,2025-08-24,70220.50945658378,69682.96444215385,170.19304536327513,707.7380597932037,1822.4944320814411,3976.1849325247304,52201.65610493312,-243.02879253243208,8935.807443149011,60894.4347555497
问题4-3_波动价,2025-08-25,92580.88767800234,75827.50968222535,0.0,16753.377995776984,1677.1395366926479,2783.4460472058067,66170.60296339807,-6017.978463475833,8651.458965307947,68804.08346523017
问题4-3_波动价,2025-08-26,72308.8387816523,71708.48041486063,1749.9527871755267,2350.3111539671954,1303.9908207042636,3688.5415902031414,53185.503325649224,-1.2272658192754,6241.7794497835075,59426.05550961346
问题4-3_波动价,2025-08-27,74163.43815331698,75771.7697577834,3190.3988087913935,1582.0672043249674,933.5665473536068,4632.669066354104,53288.88496268773,2129.493861940943,5744.197169571325,61162.57599419999
问题4-3_波动价,2025-08-28,72750.64730348163,75993.79975149498,3989.479285042717,746.3268370293601,2258.602661156601,3671.834708766861,51840.01323404478,4046.677566009203,11708.507611113842,67595.19841116783
问题4-3_波动价,2025-08-29,43354.99040618825,41498.90166864782,0.0,1856.0887375404247,932.1656545511288,16910.180456788243,23811.57582762535,-810.5349402585719,4473.051119431647,27474.092006798426
问题4-3_波动价,2025-08-30,42770.56070827796,41255.42846966824,0.0,1515.132238609725,802.8852531543567,20324.66636521262,23528.081549422288,-574.6226394742025,3343.1684286267578,26296.627338574843
问题4-3_波动价,2025-08-31,71993.035771365,72053.53370498959,904.8551781999544,844.357244575355,2195.4952111257335,3827.17522445519,51963.04044908589,300.4358435835717,10047.583226840461,62311.05951950993
问题4-3_波动价,2025-09-01,82339.59865948073,67932.12696858526,0.0,14407.471690895462,456.95148349242936,11301.968127187594,51660.48954009307,-4780.019654323405,2703.6344825603987,49584.10436833007
问题4-3_波动价,2025-09-02,72541.5842300822,67689.67188386517,610.3016856959388,5462.214031912956,560.9391891955684,10399.66943646769,46294.696215295546,-1783.6129731596163,3374.3345209190393,47885.41776305497
问题4-3_波动价,2025-09-03,77301.47358713769,67690.66168879102,0.0,9610.81189834667,757.5923424129766,9438.438914263217,50352.327231698946,-3322.8982379354297,3867.7957216315363,50897.22471539505
问题4-3_波动价,2025-09-04,75338.51387243874,66975.18765842897,0.0,8363.326214009763,1244.6492617151162,10354.74706600532,49055.97046998277,-3314.127775955608,5568.676661628242,51310.51935565541
问题4-3_波动价,2025-09-05,42050.61601138493,36693.36297961205,0.0,5357.2530317728815,625.0088630042465,27565.69670727259,20204.659360878584,-2204.824721761229,2962.9730361848397,20962.807675302196
问题4-3_波动价,2025-09-06,42259.095761559816,37812.46120198738,0.0,4446.634559572432,478.46876729754285,27434.82727393435,20257.344969585472,-1893.9821680485716,2403.856910124306,20767.219711661204
问题4-3_波动价,2025-09-07,72268.26140539085,69421.1900292609,2178.791691639833,5025.863067769771,614.0028816886986,10886.585383313713,46454.843876819185,-793.2533225384828,3247.354282741456,48908.94483702216
问题4-3_波动价,2025-09-08,80495.87038023153,73631.5070119671,603.9547720206215,7468.318140285056,413.5881613326645,10389.066482667922,51527.89798842307,-1885.642196157777,2321.207263802342,51963.46305606764
问题4-3_波动价,2025-09-09,69161.66504652397,66885.13245829046,915.7007736479025,3192.2333618814073,719.3093834054459,10516.262205881401,45528.34763055306,-611.6448010549619,3750.5261495179707,48667.228979016065
问题4-3_波动价,2025-09-10,82018.96618008002,73238.29648462532,0.0,8780.669695454713,1316.3871320768608,8970.930602380968,52987.204769695294,-3237.3932333131484,6394.49824092124,56144.30977730338
问题4-3_波动价,2025-09-11,80966.22335248154,66142.66767514811,0.0,14823.555677333432,1008.7655243314874,9590.956795275495,51795.62213589791,-4866.570022277689,5411.028766326667,52340.08087994689
问题4-3_波动价,2025-09-12,42784.25692595844,38923.378123590315,0.0,3860.878802368126,400.44226453863354,24553.51193266324,20384.68908911562,-1700.2786903105775,1827.1875300723807,20511.597928877425
问题4-3_波动价,2025-09-13,42446.08632431494,38922.04065553682,0.0,3524.045668778128,171.65296695289084,27928.457552899366,20370.57843706913,-1558.9835334659133,835.9572167171627,19647.55212032038
问题4-3_波动价,2025-09-14,85232.48620420505,74421.26822014034,0.0,10811.217984064722,317.0943113072325,10478.821760216268,55704.581809260904,-4270.518691615379,1545.9670997857802,52980.030217431304
问题4-3_波动价,2025-09-15,70441.08866259924,66522.23889609316,0.0,3918.8497665060854,1586.3304061711372,8874.707802618945,47024.79733733052,-2067.463064972936,8058.377707239279,53015.71197959686
问题4-3_波动价,2025-09-16,84094.48730153688,73148.79557025591,0.0,10945.691731280964,185.98409510285387,9745.267501842896,54890.32166605178,-4113.982786244999,1009.1316393830517,51785.470519189825
问题4-3_波动价,2025-09-17,79746.39144888258,71605.56148968017,1.3176080561321877e-12,8140.829959202407,975.0979813099792,8499.705502747385,52548.60206619835,-3518.975816216222,4185.813294429382,53215.439544411514
问题4-3_波动价,2025-09-18,71800.09053863233,73120.92893266327,4511.171221511804,3190.3328274808546,691.1899929792874,10567.26305734082,47105.46433071631,1302.27187454708,3379.6896576174004,51787.425862880795
问题4-3_波动价,2025-09-19,42709.88378481446,38791.55095779099,0.0,3918.3328270234647,297.9157775906493,19723.269784739525,20625.37586459751,-1669.7121705853344,1301.764396815601,20257.428090827776
问题4-3_波动价,2025-09-20,42908.05860457411,38881.42332173518,0.0,4026.63528283893,627.3618505964998,20726.75512091636,20418.93350980688,-1685.5893208182874,2357.1223312114967,21090.46652020009
问题4-3_波动价,2025-09-21,79307.14041814786,72656.85465448245,0.0,6650.285763665408,338.2362147823617,10738.989333548352,52128.803668355955,-2661.7109883626504,1782.5184943814365,51249.61117437474
问题4-3_波动价,2025-09-22,82514.75981584068,70658.02366207886,0.0,11856.736153761818,1492.439911643883,7489.764252913296,55064.729794798746,-4532.085943394983,6190.05548896851,56722.69934037227
问题4-3_波动价,2025-09-23,80255.89599572725,74141.7580531549,0.0,6114.137942572334,646.6919757467649,8476.937426253904,52679.13556521775,-2538.9826069509186,3040.588463634597,53180.741421901424
问题4-3_波动价,2025-09-24,70384.31357787663,72081.76588549283,4541.550761952606,2844.0984543364048,1118.273809386456,8121.643812155169,46879.88170832418,2049.788788163608,5056.94170431297,53986.61220080076
问题4-3_波动价,2025-09-25,76843.44767120908,74143.94517010718,878.9195864672887,3578.422087569179,742.9369197194153,10232.46436114057,50449.678128685126,-1018.7876908228267,3707.0904156417237,53137.98085350402
问题4-3_波动价,2025-09-26,43082.16357591395,37723.96043368119,0.0,5358.203142232767,287.9228451892635,17168.16449788911,20388.67797104062,-2091.251847903172,1049.092502562219,19346.518625699664
问题4-3_波动价,2025-09-27,41700.477454476095,39203.511000006634,27.32812196709763,2524.2945764365536,481.4349857513338,18753.65783700283,20347.14359185234,-1108.3536546544144,1617.524559623384,20856.31449682131
问题4-3_波动价,2025-09-28,76738.37465391598,76699.43379854618,2563.4865230280084,2602.4273783978147,282.83579733650356,9399.414410616553,50981.6769372998,926.2393187825754,1301.6192520772993,53209.53550815968
问题4-3_波动价,2025-09-29,76549.77658042884,69081.81286049917,0.0,7467.963719929674,2323.841229670288,4387.946945733688,50344.37793271638,-2947.222953467693,10183.625973745538,57580.78095299423
问题4-3_波动价,2025-09-30,74973.95715519863,74721.0631419342,1628.1124210463763,1881.0064343108122,1127.7974344542858,5650.4272129924975,49351.468209350234,573.4483067556921,5509.462593890097,55434.37910999602
问题4-3_波动价,2025-10-01,71481.32642141596,64612.53445361086,0.0,6868.791967805097,330.13187407142823,10749.483850766877,44425.936613696984,-2183.5185853529597,1299.3293235957372,43541.74735193976
问题4-3_波动价,2025-10-02,77689.78343441086,63923.094884692044,0.0,13766.688549718816,406.20600374809385,8536.330253423916,48733.631001575974,-4581.320214199021,1936.2211961845885,46088.53198356154
问题4-3_波动价,2025-10-03,37581.78988360475,34831.56701568699,78.71170767536768,2828.9345755931317,447.14977621968796,23938.096055505463,16240.310551022101,-1124.8392740509466,1572.8261528227997,16688.297429793955
问题4-3_波动价,2025-10-04,39352.62671501161,35368.37738229954,5.414435292435038e-13,3984.2493327120674,856.5639402009426,19920.772453479032,17785.04672237504,-1603.3213201841884,3163.64352079291,19345.36892298376
问题4-3_波动价,2025-10-05,76877.4957335884,65633.99762674644,0.0,11243.498106841957,602.7172034826582,7248.461578464011,48183.03802241261,-3595.819930344703,2399.0155126469886,46986.2336047149
问题4-3_波动价,2025-10-06,63355.93127345897,64386.62377612782,2648.968429934477,1618.275927265631,1167.0177184745562,3477.306021821907,40850.8630901544,1137.2657084476616,4488.184041771908,46476.31284037397
问题4-3_波动价,2025-10-07,66630.46584381645,66807.13285160404,2063.5751452770774,1886.9081374894897,305.87621331162427,5097.371930700594,41731.29421492013,1316.5815474805477,1349.8534893180629,44397.729251718745
问题4-3_波动价,2025-10-08,64281.976922567635,63325.77960249079,576.0240538237013,1532.2213739005467,1211.6834279940647,3869.419721053786,40767.801197295325,-306.34347882988425,5214.849402152115,45676.30712061755
问题4-3_波动价,2025-10-09,74081.47993421878,62060.00256258965,2.2579276994070405e-14,12021.477371629124,1376.2193738020187,3458.9604374479172,46711.4641039483,-3725.156874360598,5958.024229820439,48944.331459408146
问题4-3_波动价,2025-10-10,35652.756797498965,33807.52733783217,0.0,1845.2294596667982,887.1010807748212,22059.95880215539,15356.466671409873,-690.1824355632983,2938.304115272059,17604.588351118633
问题4-3_波动价,2025-10-11,36237.38083559938,34098.286248905395,0.0,2139.0945866939924,544.544544175934,16947.6009848486,15585.44102903468,-841.6639637534358,1870.4858690115234,16614.26293429277
问题4-3_波动价,2025-10-12,67648.42555005562,64700.89468830482,54.65699579318505,3002.187857543987,1440.4775105214972,3693.4882958635008,41994.36221501954,-1062.136902834379,6786.6262709618095,47718.85158314696
问题4-3_波动价,2025-10-13,68764.35008118872,62595.743675786965,807.3331044246606,6975.939509826424,1657.4071585020913,3172.4221911053082,43248.83667406503,-1261.14803094368,6280.571583456108,48268.26022657746
问题4-3_波动价,2025-10-14,72213.58260681068,66490.79533118766,741.0346820387183,6463.821957661751,2064.5733093183303,3542.476834515546,45743.04791679201,-1237.5967288448473,7586.4241484733875,52091.875336420555
问题4-3_波动价,2025-10-15,74880.18712208458,67607.8881112592,1.3853844243879927,7273.684395249769,1819.5566933529108,2819.070175532914,47240.881091067495,-2596.738669435368,6820.386582619792,51464.52900425191
问题4-3_波动价,2025-10-16,70463.27584721879,69825.06489042209,875.1817415892367,1513.3926983859396,762.32089781835,3162.2862543827364,45319.23954803197,443.68984718483114,3117.431075211317,48880.36047042812
问题4-3_波动价,2025-10-17,33301.48124593371,33353.549513354934,1222.992707300129,1170.9244398789035,521.8165862390463,14394.332050394241,14086.759384596766,573.9242087673382,1707.857601169482,16368.541194533585
问题4-3_波动价,2025-10-18,36140.24070421046,33646.44392249716,97.00297551466281,2590.799757227967,650.5501412419775,14487.88458974545,15472.995323656884,-851.1822269134815,1935.7625351683653,16557.575631911768
问题4-3_波动价,2025-10-19,72251.17122753551,68735.59687862115,0.0,3515.574348914361,1777.8818444186809,2145.462952067534,46902.98890381591,-1464.5088031811983,7768.223645406542,53206.703746041254
问题4-3_波动价,2025-10-20,75570.18941362911,70759.00170282194,9.586509142067712e-13,4811.187710807165,888.2755992595698,2887.710317325891,49249.05389250682,-2123.7431720779914,3924.277548147855,51049.58826857668
问题4-3_波动价,2025-10-21,74723.2202184876,73020.93539599936,735.2718240627428,2437.556646550969,856.819052633067,3186.0232251584093,48589.24529644562,-114.22909574859699,3548.93410507091,52023.95030576793
问题4-3_波动价,2025-10-22,71085.1859716726,71250.81828679919,1167.2763042106924,1001.6439890841166,993.383995202609,2423.1643454098744,46244.27451200298,486.5242899533388,4471.52049591834,51202.31929787466
问题4-3_波动价,2025-10-23,81759.0880333348,67878.60294075507,217.83835254210692,14098.323445121838,2165.635271440545,2381.257172258057,52077.88647721991,-4411.071267987779,8568.464546961617,56235.27975619374
问题4-3_波动价,2025-10-24,33974.82274743665,33433.128909531195,146.60987574971753,688.3037136551718,700.9534128134821,12579.03237097112,14644.321967871823,-129.423784375416,2235.654979532708,16750.553163029115
问题4-3_波动价,2025-10-25,34304.2149345022,33361.476513636866,156.32715919709523,1099.065580062426,947.8731278497997,11560.105064488083,14739.326104080046,-315.93986647550963,2733.5519693201286,17156.938206924664
问题4-3_波动价,2025-10-26,76117.31918730536,69042.64338153742,26.67530931848262,7101.351115086425,2214.5248683602786,2261.2210746235155,49082.290074338496,-2501.9319073773013,8711.566306838688,55291.92447379988
问题4-3_波动价,2025-10-27,68877.22856232771,70988.52599945637,3338.9948383648343,1227.6974012361723,796.6814631725719,3884.8552619958887,44326.08541656624,2696.138549360691,3127.103225206748,50149.32719113368
问题4-3_波动价,2025-10-28,68921.17203221179,71371.27647270734,3235.012971430944,784.908530935393,1350.0195757265435,2585.1465100946502,45043.75772288761,2809.181423357874,5477.151539959712,53330.0906862052
问题4-3_波动价,2025-10-29,76302.8330396064,75752.24404832447,756.3867010755927,1306.9756923575183,619.581644061483,2646.736550796211,49730.34787479755,555.426558914006,2328.327829430425,52614.102263141984
问题4-3_波动价,2025-10-30,67249.61236426579,68558.69032665074,2074.6187249729373,765.5407625879905,2156.7227072929645,1551.542141365116,43878.82615895412,1913.4711336195705,9066.529774426228,54858.82706699992
问题4-3_波动价,2025-10-31,35078.010580788214,33640.72580521973,73.28205097257784,1510.5668265410636,1067.7492912734433,7363.700375352473,14925.591279807339,-441.1586500714349,3676.485672982009,18160.918302717913
问题4-3_波动价,2025-11-01,34389.57804460607,34663.52511815483,815.3221246721309,541.3750511233719,940.4669094042881,9486.182708137378,14187.9217755835,162.107822533073,2738.083923088678,17088.11352120525
问题4-3_波动价,2025-11-02,73260.00054159942,74239.0807810461,2190.214484136136,1211.1342446894616,1091.7723601610783,2325.9027256594286,48332.92637827879,1876.4337844473373,4513.043544835251,54722.40370756138
问题4-3_波动价,2025-11-03,78571.88184227054,74637.67417641048,0.0,3934.2076658600604,1427.1278523454866,2050.9341888154495,51536.95247640915,-1485.0739326494918,6075.486820988187,56127.36536474784
问题4-3_波动价,2025-11-04,72369.3091929178,73133.20715559617,1135.2337906694452,371.33582799106745,1301.953287775987,2700.1310878338154,47181.774548123314,935.5796230946586,5589.1440743566045,53706.49824557458
问题4-3_波动价,2025-11-05,79896.88086176882,73546.41612685366,0.0,6350.464734915163,1883.0648916682724,1549.5498606821911,52975.06516488419,-2405.8430519985695,7995.129841626852,58564.35195451247
问题4-3_波动价,2025-11-06,74613.36722078788,75757.3225845546,1543.8510312719145,399.8956675052035,1533.2943071231948,1610.54513022664,49292.51171978973,1705.5049407315917,6500.823353313671,57498.84001383499
问题4-3_波动价,2025-11-07,33966.42324699281,34029.50768917641,230.0202204806572,166.93577829705515,1374.927438333286,8497.05776371742,13834.725375714852,171.7011717826201,4661.26778588099,18667.694333378462
问题4-3_波动价,2025-11-08,34300.15232685665,34818.96389206395,878.9735673183003,360.1620021110058,1175.4154073040731,8736.358975724102,14156.103378459467,317.64267285592814,3933.471041196785,18407.21709251218
问题4-3_波动价,2025-11-09,77047.48946779147,76356.4509163752,286.68241115924195,977.7209625755211,1176.4763455024915,1712.344818887747,50864.932464707395,-4.591825528479602,4729.975616211386,55590.3162553903
问题4-3_波动价,2025-11-10,78095.4287458112,80427.12246307994,2554.015837762853,222.32212049410703,1049.0023005070134,2882.6504504076365,52322.31269948678,3039.189013467349,4235.227064281472,59596.7287772356
问题4-3_波动价,2025-11-11,80116.09858672616,76219.80991704582,3.85412669817251e-13,3896.288669680354,1273.7951322533759,1403.5101244766875,53414.62343129199,-1681.8716006816326,5984.162125257933,57716.913955868295
问题4-3_波动价,2025-11-12,76243.85316628426,76891.38074985857,1787.926711184635,1140.3991276103327,1080.8078612098357,2627.2605309967676,50352.71049431526,1829.539555008895,5255.627789625937,57437.877838950095
问题4-3_波动价,2025-11-13,73722.136228286,76192.15961963957,2529.6904495652548,59.667058211704216,1796.556282722797,1484.274192721279,49592.96655456414,3078.885966026324,7513.300216059301,60185.15273664977
问题4-3_波动价,2025-11-14,34301.53594974175,36480.68687128538,2355.996602748312,176.84568120467827,1442.4230426704921,6874.1521167302435,14284.693532204774,1374.517476236127,4542.777160099675,20201.988168540574
问题4-3_波动价,2025-11-15,36152.73353727428,34985.85997299843,0.0,1166.8735642758545,1578.0634624722302,4672.986207721857,15162.944784980085,-310.8365172901127,5374.404842772539,20226.51311046251
问题4-3_波动价,2025-11-16,76699.87312503398,80089.84437845924,3396.21606586232,6.244812437053042,1076.6814702444372,2311.3222877055005,51269.85743626002,4476.362446992156,4695.877290385631,60442.09717363781
问题4-3_波动价,2025-11-17,73571.1332996301,79100.46464272255,5573.97568866744,44.644345574995,843.1762919598999,2865.8162952800985,48995.28608207673,6091.437414205807,3266.358106889852,58353.081603172395
问题4-3_波动价,2025-11-18,77329.31095174383,78772.55054545934,1604.7463844209367,161.506790705434,1806.8773394356717,1368.3670244613177,51945.592824895364,1907.112877043151,7901.842225950877,61754.54792788939
问题4-3_波动价,2025-11-19,76125.07449273573,81056.50135938408,5094.733330423264,163.30646377491314,1107.2999333110868,2545.6051820611665,51829.729084362225,6406.619822322388,4324.741234427923,62561.09014111254
问题4-3_波动价,2025-11-20,76117.6197497611,79089.40147380928,3018.696423361962,46.91469931377935,1362.9391004570496,1247.58661746335,50720.08845709608,3910.4399604924697,6149.495797640807,60780.02421522936
问题4-3_波动价,2025-11-21,34632.73360382009,34915.29781806965,319.53889144324467,36.97467719368291,1351.4651650274357,3844.645671684859,14511.26666129704,302.81368940038203,4017.9982258719647,18832.078576569387
问题4-3_波动价,2025-11-22,37295.28239318728,36018.69261317227,86.806938361487,1363.396718376492,1253.3465304562662,3243.6130483218753,15324.814572321036,-76.89807025471623,3831.4655028833713,19079.382004949694
问题4-3_波动价,2025-11-23,76769.59481069214,80346.05267500467,3576.4578643125333,0.0,959.4729956290787,1729.865197109194,51818.25427764901,4779.498308456389,3803.349280765483,60401.10186687088
问题4-3_波动价,2025-11-24,76064.56838284252,78093.155183232,2201.573712096606,172.98691170712317,1856.0459668588906,1148.1612609061249,50890.539819963225,2483.6075833791124,7731.805217087464,61105.9526204298
问题4-3_波动价,2025-11-25,87032.33484757126,81370.28853228466,0.0,5662.0463152866,968.0716654371419,1531.1701936248949,59810.230385618495,-2430.487661069857,3891.746581136488,61271.48930568512
问题4-3_波动价,2025-11-26,82172.43853023041,82687.39289705701,1345.2448560988007,830.290489272206,1253.8828218305955,2300.60626195885,55940.896899120664,1581.3243380900135,5761.567390680163,63283.78862789084
问题4-3_波动价,2025-11-27,79295.2266223776,81645.92709315923,2350.700470781639,0.0,951.2673131670857,2363.641211206502,54023.191697907445,3192.423871230802,4259.565814053219,61475.18138319146
问题4-3_波动价,2025-11-28,35414.571290185406,35767.931164648224,353.3598744628132,0.0,1387.9857588172608,2519.943178045291,14400.547196086036,337.2667592591859,4532.342385926963,19270.156341272184
问题4-3_波动价,2025-11-29,44095.24187455996,39853.65046079812,0.0,4241.591413761838,1226.437361625328,2319.9635722082608,17870.38802195522,-902.3360459015826,4016.905749227158,20984.957725280794
问题4-3_波动价,2025-11-30,82500.2284004844,84966.6131819081,2749.8828161010706,283.49803467735774,1197.705609442698,1372.5543358146829,56699.52558432627,3802.4897648617116,5313.002907915828,65815.0182571038
问题4-3_波动价,2025-12-01,86163.61826841214,87412.09797918888,1349.4273844142456,100.94767363749361,4889.520407635854,1208.971195751974,63327.20531168811,2020.3548325239058,20261.400771034278,85608.9609152463
问题4-3_波动价,2025-12-02,89388.45572969627,90617.45439329476,2307.1612880381067,1078.162624439616,3918.041076638645,992.7874560681261,66369.51696758893,3373.570399032508,15670.314390760675,85413.40175738212
问题4-3_波动价,2025-12-03,79064.41724795171,89863.80688430837,10799.389636356651,0.0,3571.9186069330553,1536.3060021679612,57322.343193527726,14929.192314285716,12520.01135440434,84771.54686221779
问题4-3_波动价,2025-12-04,86735.98401505018,88849.9720781894,3150.1666328005517,1036.1785696613379,4355.5483780561935,1691.2028294558825,63974.61521780806,4496.643296401087,17227.505800405415,85698.76431461456
问题4-3_波动价,2025-12-05,38830.73480611759,43802.82828383094,5086.137168173199,114.04369045984572,3314.8963024898303,1501.1046932954175,16815.04151316891,4117.261397936247,9431.909962725835,30364.21287383099
问题4-3_波动价,2025-12-06,41455.522195810445,45475.740878403,4226.596495851585,206.3778132590303,3659.829598371592,1216.0014129646029,18405.824870430573,3446.106100952648,10089.227129920164,31941.158101303387
问题4-3_波动价,2025-12-07,89284.50539837415,88972.34909249748,1227.9227008243859,1540.0790067010644,4720.923439444511,1454.1827035282322,66289.21791144002,1484.327131052857,18303.135765583313,86076.68080807618
问题4-3_波动价,2025-12-08,89401.02362985296,92112.19651902442,2895.3134617006176,184.14057252916712,2857.2295833335384,2279.1647156431845,66447.55193154656,4302.452716519079,9733.437278747257,80483.44192681291
问题4-3_波动价,2025-12-09,88585.080590471,89817.57463777183,2263.9877667129767,1031.4937194121435,3602.6039819403195,1044.0088154079422,64744.98496502165,3081.383193219386,14690.311386317944,82516.67954455898
问题4-3_波动价,2025-12-10,84373.17363013915,90324.97135185677,5951.797721717619,0.0,3831.5057910372325,1228.2193982102162,62241.1904480448,8626.550714370758,14765.273147711343,85633.0143101269
问题4-3_波动价,2025-12-11,87508.34994436656,88497.34732575425,1457.2360729412342,468.2386915535458,3133.7420141893804,997.8728959942193,63442.0000114857,2131.8874050878776,11934.20005947586,77508.08747604945
问题4-3_波动价,2025-12-12,40349.67617930289,47142.416337639006,7004.316793628953,211.576635292844,2752.7510484929658,2075.605199003859,17467.39723184663,5695.739645134681,7060.030984598139,30223.16786157945
问题4-3_波动价,2025-12-13,41645.83204956577,45130.55954037526,3840.9553612675973,356.2278704581053,4020.4184807352267,1381.3245799040844,18517.7420374124,3192.9170711436423,13176.247863429491,34886.90697198553
问题4-3_波动价,2025-12-14,83634.3667908553,91791.35782810829,8156.9910372529885,0.0,3541.088486203574,1565.349078532089,61219.352309523034,11710.276376112843,15091.54876944371,88021.17745507958
问题4-3_波动价,2025-12-15,83749.8663097054,92587.91102329546,8838.044713590058,0.0,3229.6471591997806,1458.8922126419834,61192.588709582655,12818.152671485585,12447.960572727916,86458.70195379616
问题4-3_波动价,2025-12-16,88877.24276359068,92293.16002235665,3532.998763114974,117.08150434900881,3217.8764860617316,1266.7981234539984,65999.59713403293,5251.318122631832,11819.921349840288,83070.83660650505
问题4-3_波动价,2025-12-17,89497.97323707215,90262.50620473278,1629.3343328034307,864.8013651427849,3440.82259632323,791.3831470982672,66576.61438160115,2126.8137283312485,12814.971344892427,81518.39945482483
问题4-3_波动价,2025-12-18,84641.47765658119,90441.65385463357,5800.176198052368,0.0,3131.1392985656616,1587.788709324827,61873.83840397886,8581.567221157567,11276.135712439669,81731.5413375761
问题4-3_波动价,2025-12-19,38802.66428539282,44554.06947538407,5764.750923694106,13.345733702855568,3387.5534692816004,793.8810779900514,17046.18031390515,4500.808286677658,10289.994403935387,31836.983004518195
问题4-3_波动价,2025-12-20,41838.83977221186,45128.78667320908,3289.946900997215,0.0,3215.3130583371526,1077.495106073227,18400.132613167905,2550.4589259680474,9411.262737766756,30361.854276902708
问题4-3_波动价,2025-12-21,87847.59647085679,91571.85590253331,4102.933921446137,378.67448976962316,4433.143102077612,2295.962430518646,64761.65049880411,5858.920317769574,18798.16854257947,89418.73935915316
问题4-3_波动价,2025-12-22,86282.92626385615,91084.59648113503,4801.670217278878,0.0,3376.4915574966008,917.5124099742582,64334.506921894674,6895.633906028044,12747.872378058099,83978.01320598082
问题4-3_波动价,2025-12-23,88904.1222831696,89885.89015318177,1551.5961050916883,569.8282350795247,3205.662498556557,1065.1107363645108,65827.33421110085,2127.436470184967,13207.089046380202,81161.85972766601
问题4-3_波动价,2025-12-24,87849.57999791583,91003.02975169192,3153.449753776095,0.0,2733.4020418535792,1108.970238981522,64929.205965370595,4558.895702633801,9644.708946002396,79132.8106140068
问题4-3_波动价,2025-12-25,84058.46536329579,90196.26032736982,6137.794964074036,0.0,3833.6811720870337,1573.941039536262,61569.58623510874,8838.245307817973,15998.6561634126,86406.4877063393
问题4-3_波动价,2025-12-26,39775.19812707484,44815.511129590595,5288.309624471408,247.9966219556473,3152.168105653317,878.0891474888489,17826.370751784863,4023.0472196930345,9702.026418626056,31551.444390103952
问题4-3_波动价,2025-12-27,42048.2639975471,46435.36502851486,4387.101030967758,0.0,2800.500556435338,1494.8035058956225,17888.80094960093,3469.7265108444008,8401.98761166702,29760.51507211235
问题4-3_波动价,2025-12-28,87527.73518270385,90310.37989657484,2793.7713361528395,11.126622281852406,2845.9971042261914,1540.7198054067258,64029.67670823882,4118.666658718112,10870.040016808465,79018.3833837654
问题4-3_波动价,2025-12-29,87963.1972222966,92134.4165524531,4171.2193301564985,0.0,1967.2460144613055,1748.2645695620529,64202.95070339971,5808.9037320421885,7714.121574030497,77725.97600947239
问题4-3_波动价,2025-12-30,88920.88600659836,89758.98858380795,1213.02900819476,374.92643098517226,2790.1507412324418,1640.8325029675725,64810.25339406791,1829.244422345909,11589.239138503506,78228.73695491733
问题4-3_波动价,2025-12-31,96111.5381971808,97727.28019844396,2103.761180135265,488.01917887209675,2301.540341991664,1427.788553105746,69307.04924289766,3099.603647228657,9486.481788740015,81893.13467886632
